country,doc_id,document_url,downloaded_at,evaluation_type,executive_summary,file_path,implementing_partners,language,page_count,publication_year,region,sdg_tags,source,thematic_area,title
Tanzania,UNDP-EVAL-20240001,https://erc.undp.org/api/documents/1/pdf,2025-11-19T15:45:42.130239,thematic,This evaluation examines the outcomes of development initiatives in the region. Key findings include improved capacity in 1 focus areas. Recommendations emphasize sustainability and local engagement.,/home/user/evidence-ai/data/raw/undp/documents/Africa/2023/undp_eval_20240001_Evaluation_1__Climate___Resili.pdf,UNDP|Government Agency,en,41,2023,Africa,SDG2|SDG7|SDG12,UNDP ERC,Governance,Evaluation 1: Climate & Resilience Project - Year 2023
Uganda,UNDP-EVAL-20240002,https://erc.undp.org/api/documents/2/pdf,2025-11-19T15:45:42.141578,project,This evaluation examines the outcomes of development initiatives in the region. Key findings include improved capacity in 2 focus areas. Recommendations emphasize sustainability and local engagement.,/home/user/evidence-ai/data/raw/undp/documents/Africa/2022/undp_eval_20240002_Evaluation_2__Climate___Resili.pdf,UNDP|Ministry of Environment|Local NGO,en,42,2022,Africa,SDG3|SDG8|SDG13,UNDP ERC,Gender Equality,Evaluation 2: Climate & Resilience Project - Year 2022
Ethiopia,UNDP-EVAL-20240003,https://erc.undp.org/api/documents/3/pdf,2025-11-19T15:45:42.153259,outcome,This evaluation examines the outcomes of development initiatives in the region. Key findings include improved capacity in 3 focus areas. Recommendations emphasize sustainability and local engagement.,/home/user/evidence-ai/data/raw/undp/documents/Africa/2021/undp_eval_20240003_Evaluation_3__Climate___Resili.pdf,UNDP|Government Agency,en,43,2021,Africa,SDG4|SDG9|SDG14,UNDP ERC,Resilience,Evaluation 3: Climate & Resilience Project - Year 2021
Nigeria,UNDP-EVAL-20240004,https://erc.undp.org/api/documents/4/pdf,2025-11-19T15:45:42.164156,thematic,This evaluation examines the outcomes of development initiatives in the region. Key findings include improved capacity in 4 focus areas. Recommendations emphasize sustainability and local engagement.,/home/user/evidence-ai/data/raw/undp/documents/Africa/2020/undp_eval_20240004_Evaluation_4__Climate___Resili.pdf,UNDP|Ministry of Environment|Local NGO,en,44,2020,Africa,SDG5|SDG10|SDG15,UNDP ERC,Environment,Evaluation 4: Climate & Resilience Project - Year 2020
Ghana,UNDP-EVAL-20240005,https://erc.undp.org/api/documents/5/pdf,2025-11-19T15:45:42.175874,project,This evaluation examines the outcomes of development initiatives in the region. Key findings include improved capacity in 5 focus areas. Recommendations emphasize sustainability and local engagement.,/home/user/evidence-ai/data/raw/undp/documents/Africa/2019/undp_eval_20240005_Evaluation_5__Climate___Resili.pdf,UNDP|Government Agency,en,45,2019,Africa,SDG6|SDG11|SDG16,UNDP ERC,Economic Development,Evaluation 5: Climate & Resilience Project - Year 2019
Senegal,UNDP-EVAL-20240006,https://erc.undp.org/api/documents/6/pdf,2025-11-19T15:45:42.186835,outcome,This evaluation examines the outcomes of development initiatives in the region. Key findings include improved capacity in 6 focus areas. Recommendations emphasize sustainability and local engagement.,/home/user/evidence-ai/data/raw/undp/documents/Africa/2018/undp_eval_20240006_Evaluation_6__Climate___Resili.pdf,UNDP|Ministry of Environment|Local NGO,en,46,2018,Africa,SDG7|SDG12|SDG17,UNDP ERC,Climate Action,Evaluation 6: Climate & Resilience Project - Year 2018
Bangladesh,UNDP-EVAL-20240007,https://erc.undp.org/api/documents/7/pdf,2025-11-19T15:45:42.199130,thematic,This evaluation examines the outcomes of development initiatives in the region. Key findings include improved capacity in 7 focus areas. Recommendations emphasize sustainability and local engagement.,/home/user/evidence-ai/data/raw/undp/documents/Asia/2017/undp_eval_20240007_Evaluation_7__Climate___Resili.pdf,UNDP|Government Agency,en,47,2017,Asia,SDG8|SDG13|SDG1,UNDP ERC,Governance,Evaluation 7: Climate & Resilience Project - Year 2017
India,UNDP-EVAL-20240008,https://erc.undp.org/api/documents/8/pdf,2025-11-19T15:45:42.210284,project,This evaluation examines the outcomes of development initiatives in the region. Key findings include improved capacity in 8 focus areas. Recommendations emphasize sustainability and local engagement.,/home/user/evidence-ai/data/raw/undp/documents/Asia/2016/undp_eval_20240008_Evaluation_8__Climate___Resili.pdf,UNDP|Ministry of Environment|Local NGO,en,48,2016,Asia,SDG9|SDG14|SDG2,UNDP ERC,Gender Equality,Evaluation 8: Climate & Resilience Project - Year 2016
Vietnam,UNDP-EVAL-20240009,https://erc.undp.org/api/documents/9/pdf,2025-11-19T15:45:42.221210,outcome,This evaluation examines the outcomes of development initiatives in the region. Key findings include improved capacity in 9 focus areas. Recommendations emphasize sustainability and local engagement.,/home/user/evidence-ai/data/raw/undp/documents/Asia/2015/undp_eval_20240009_Evaluation_9__Climate___Resili.pdf,UNDP|Government Agency,en,49,2015,Asia,SDG10|SDG15|SDG3,UNDP ERC,Resilience,Evaluation 9: Climate & Resilience Project - Year 2015
Brazil,UNDP-EVAL-20240010,https://erc.undp.org/api/documents/10/pdf,2025-11-19T15:45:42.233247,thematic,This evaluation examines the outcomes of development initiatives in the region. Key findings include improved capacity in 10 focus areas. Recommendations emphasize sustainability and local engagement.,/home/user/evidence-ai/data/raw/undp/documents/Americas/2024/undp_eval_20240010_Evaluation_10__Climate___Resil.pdf,UNDP|Ministry of Environment|Local NGO,en,50,2024,Americas,SDG11|SDG16|SDG4,UNDP ERC,Environment,Evaluation 10: Climate & Resilience Project - Year 2024
Colombia,UNDP-EVAL-20240011,https://erc.undp.org/api/documents/11/pdf,2025-11-19T15:45:42.244690,project,This evaluation examines the outcomes of development initiatives in the region. Key findings include improved capacity in 11 focus areas. Recommendations emphasize sustainability and local engagement.,/home/user/evidence-ai/data/raw/undp/documents/Americas/2023/undp_eval_20240011_Evaluation_11__Climate___Resil.pdf,UNDP|Government Agency,en,51,2023,Americas,SDG12|SDG17|SDG5,UNDP ERC,Economic Development,Evaluation 11: Climate & Resilience Project - Year 2023
Kenya,UNDP-EVAL-20240012,https://erc.undp.org/api/documents/12/pdf,2025-11-19T15:45:42.255457,outcome,This evaluation examines the outcomes of development initiatives in the region. Key findings include improved capacity in 12 focus areas. Recommendations emphasize sustainability and local engagement.,/home/user/evidence-ai/data/raw/undp/documents/Africa/2022/undp_eval_20240012_Evaluation_12__Climate___Resil.pdf,UNDP|Ministry of Environment|Local NGO,en,52,2022,Africa,SDG13|SDG1|SDG6,UNDP ERC,Climate Action,Evaluation 12: Climate & Resilience Project - Year 2022
Tanzania,UNDP-EVAL-20240013,https://erc.undp.org/api/documents/13/pdf,2025-11-19T15:45:42.266304,thematic,This evaluation examines the outcomes of development initiatives in the region. Key findings include improved capacity in 13 focus areas. Recommendations emphasize sustainability and local engagement.,/home/user/evidence-ai/data/raw/undp/documents/Africa/2021/undp_eval_20240013_Evaluation_13__Climate___Resil.pdf,UNDP|Government Agency,en,53,2021,Africa,SDG14|SDG2|SDG7,UNDP ERC,Governance,Evaluation 13: Climate & Resilience Project - Year 2021
Uganda,UNDP-EVAL-20240014,https://erc.undp.org/api/documents/14/pdf,2025-11-19T15:45:42.278087,project,This evaluation examines the outcomes of development initiatives in the region. Key findings include improved capacity in 14 focus areas. Recommendations emphasize sustainability and local engagement.,/home/user/evidence-ai/data/raw/undp/documents/Africa/2020/undp_eval_20240014_Evaluation_14__Climate___Resil.pdf,UNDP|Ministry of Environment|Local NGO,en,54,2020,Africa,SDG15|SDG3|SDG8,UNDP ERC,Gender Equality,Evaluation 14: Climate & Resilience Project - Year 2020
Ethiopia,UNDP-EVAL-20240015,https://erc.undp.org/api/documents/15/pdf,2025-11-19T15:45:42.288970,outcome,This evaluation examines the outcomes of development initiatives in the region. Key findings include improved capacity in 15 focus areas. Recommendations emphasize sustainability and local engagement.,/home/user/evidence-ai/data/raw/undp/documents/Africa/2019/undp_eval_20240015_Evaluation_15__Climate___Resil.pdf,UNDP|Government Agency,en,55,2019,Africa,SDG16|SDG4|SDG9,UNDP ERC,Resilience,Evaluation 15: Climate & Resilience Project - Year 2019
Nigeria,UNDP-EVAL-20240016,https://erc.undp.org/api/documents/16/pdf,2025-11-19T15:45:42.300862,thematic,This evaluation examines the outcomes of development initiatives in the region. Key findings include improved capacity in 16 focus areas. Recommendations emphasize sustainability and local engagement.,/home/user/evidence-ai/data/raw/undp/documents/Africa/2018/undp_eval_20240016_Evaluation_16__Climate___Resil.pdf,UNDP|Ministry of Environment|Local NGO,en,56,2018,Africa,SDG17|SDG5|SDG10,UNDP ERC,Environment,Evaluation 16: Climate & Resilience Project - Year 2018
Ghana,UNDP-EVAL-20240017,https://erc.undp.org/api/documents/17/pdf,2025-11-19T15:45:42.312573,project,This evaluation examines the outcomes of development initiatives in the region. Key findings include improved capacity in 17 focus areas. Recommendations emphasize sustainability and local engagement.,/home/user/evidence-ai/data/raw/undp/documents/Africa/2017/undp_eval_20240017_Evaluation_17__Climate___Resil.pdf,UNDP|Government Agency,en,57,2017,Africa,SDG1|SDG6|SDG11,UNDP ERC,Economic Development,Evaluation 17: Climate & Resilience Project - Year 2017
Senegal,UNDP-EVAL-20240018,https://erc.undp.org/api/documents/18/pdf,2025-11-19T15:45:42.323390,outcome,This evaluation examines the outcomes of development initiatives in the region. Key findings include improved capacity in 18 focus areas. Recommendations emphasize sustainability and local engagement.,/home/user/evidence-ai/data/raw/undp/documents/Africa/2016/undp_eval_20240018_Evaluation_18__Climate___Resil.pdf,UNDP|Ministry of Environment|Local NGO,en,58,2016,Africa,SDG2|SDG7|SDG12,UNDP ERC,Climate Action,Evaluation 18: Climate & Resilience Project - Year 2016
Bangladesh,UNDP-EVAL-20240019,https://erc.undp.org/api/documents/19/pdf,2025-11-19T15:45:42.334201,thematic,This evaluation examines the outcomes of development initiatives in the region. Key findings include improved capacity in 19 focus areas. Recommendations emphasize sustainability and local engagement.,/home/user/evidence-ai/data/raw/undp/documents/Asia/2015/undp_eval_20240019_Evaluation_19__Climate___Resil.pdf,UNDP|Government Agency,en,59,2015,Asia,SDG3|SDG8|SDG13,UNDP ERC,Governance,Evaluation 19: Climate & Resilience Project - Year 2015
India,UNDP-EVAL-20240020,https://erc.undp.org/api/documents/20/pdf,2025-11-19T15:45:42.344948,project,This evaluation examines the outcomes of development initiatives in the region. Key findings include improved capacity in 20 focus areas. Recommendations emphasize sustainability and local engagement.,/home/user/evidence-ai/data/raw/undp/documents/Asia/2024/undp_eval_20240020_Evaluation_20__Climate___Resil.pdf,UNDP|Ministry of Environment|Local NGO,en,60,2024,Asia,SDG4|SDG9|SDG14,UNDP ERC,Gender Equality,Evaluation 20: Climate & Resilience Project - Year 2024
Vietnam,UNDP-EVAL-20240021,https://erc.undp.org/api/documents/21/pdf,2025-11-19T15:45:42.356744,outcome,This evaluation examines the outcomes of development initiatives in the region. Key findings include improved capacity in 21 focus areas. Recommendations emphasize sustainability and local engagement.,/home/user/evidence-ai/data/raw/undp/documents/Asia/2023/undp_eval_20240021_Evaluation_21__Climate___Resil.pdf,UNDP|Government Agency,en,61,2023,Asia,SDG5|SDG10|SDG15,UNDP ERC,Resilience,Evaluation 21: Climate & Resilience Project - Year 2023
Brazil,UNDP-EVAL-20240022,https://erc.undp.org/api/documents/22/pdf,2025-11-19T15:45:42.367475,thematic,This evaluation examines the outcomes of development initiatives in the region. Key findings include improved capacity in 22 focus areas. Recommendations emphasize sustainability and local engagement.,/home/user/evidence-ai/data/raw/undp/documents/Americas/2022/undp_eval_20240022_Evaluation_22__Climate___Resil.pdf,UNDP|Ministry of Environment|Local NGO,en,62,2022,Americas,SDG6|SDG11|SDG16,UNDP ERC,Environment,Evaluation 22: Climate & Resilience Project - Year 2022
Colombia,UNDP-EVAL-20240023,https://erc.undp.org/api/documents/23/pdf,2025-11-19T15:45:42.378278,project,This evaluation examines the outcomes of development initiatives in the region. Key findings include improved capacity in 23 focus areas. Recommendations emphasize sustainability and local engagement.,/home/user/evidence-ai/data/raw/undp/documents/Americas/2021/undp_eval_20240023_Evaluation_23__Climate___Resil.pdf,UNDP|Government Agency,en,63,2021,Americas,SDG7|SDG12|SDG17,UNDP ERC,Economic Development,Evaluation 23: Climate & Resilience Project - Year 2021
Kenya,UNDP-EVAL-20240024,https://erc.undp.org/api/documents/24/pdf,2025-11-19T15:45:42.389098,outcome,This evaluation examines the outcomes of development initiatives in the region. Key findings include improved capacity in 24 focus areas. Recommendations emphasize sustainability and local engagement.,/home/user/evidence-ai/data/raw/undp/documents/Africa/2020/undp_eval_20240024_Evaluation_24__Climate___Resil.pdf,UNDP|Ministry of Environment|Local NGO,en,64,2020,Africa,SDG8|SDG13|SDG1,UNDP ERC,Climate Action,Evaluation 24: Climate & Resilience Project - Year 2020
Tanzania,UNDP-EVAL-20240025,https://erc.undp.org/api/documents/25/pdf,2025-11-19T15:45:42.400896,thematic,This evaluation examines the outcomes of development initiatives in the region. Key findings include improved capacity in 25 focus areas. Recommendations emphasize sustainability and local engagement.,/home/user/evidence-ai/data/raw/undp/documents/Africa/2019/undp_eval_20240025_Evaluation_25__Climate___Resil.pdf,UNDP|Government Agency,en,65,2019,Africa,SDG9|SDG14|SDG2,UNDP ERC,Governance,Evaluation 25: Climate & Resilience Project - Year 2019
Uganda,UNDP-EVAL-20240026,https://erc.undp.org/api/documents/26/pdf,2025-11-19T15:45:42.412847,project,This evaluation examines the outcomes of development initiatives in the region. Key findings include improved capacity in 26 focus areas. Recommendations emphasize sustainability and local engagement.,/home/user/evidence-ai/data/raw/undp/documents/Africa/2018/undp_eval_20240026_Evaluation_26__Climate___Resil.pdf,UNDP|Ministry of Environment|Local NGO,en,66,2018,Africa,SDG10|SDG15|SDG3,UNDP ERC,Gender Equality,Evaluation 26: Climate & Resilience Project - Year 2018
Ethiopia,UNDP-EVAL-20240027,https://erc.undp.org/api/documents/27/pdf,2025-11-19T15:45:42.424560,outcome,This evaluation examines the outcomes of development initiatives in the region. Key findings include improved capacity in 27 focus areas. Recommendations emphasize sustainability and local engagement.,/home/user/evidence-ai/data/raw/undp/documents/Africa/2017/undp_eval_20240027_Evaluation_27__Climate___Resil.pdf,UNDP|Government Agency,en,67,2017,Africa,SDG11|SDG16|SDG4,UNDP ERC,Resilience,Evaluation 27: Climate & Resilience Project - Year 2017
Nigeria,UNDP-EVAL-20240028,https://erc.undp.org/api/documents/28/pdf,2025-11-19T15:45:42.436486,thematic,This evaluation examines the outcomes of development initiatives in the region. Key findings include improved capacity in 28 focus areas. Recommendations emphasize sustainability and local engagement.,/home/user/evidence-ai/data/raw/undp/documents/Africa/2016/undp_eval_20240028_Evaluation_28__Climate___Resil.pdf,UNDP|Ministry of Environment|Local NGO,en,68,2016,Africa,SDG12|SDG17|SDG5,UNDP ERC,Environment,Evaluation 28: Climate & Resilience Project - Year 2016
Ghana,UNDP-EVAL-20240029,https://erc.undp.org/api/documents/29/pdf,2025-11-19T15:45:42.448283,project,This evaluation examines the outcomes of development initiatives in the region. Key findings include improved capacity in 29 focus areas. Recommendations emphasize sustainability and local engagement.,/home/user/evidence-ai/data/raw/undp/documents/Africa/2015/undp_eval_20240029_Evaluation_29__Climate___Resil.pdf,UNDP|Government Agency,en,69,2015,Africa,SDG13|SDG1|SDG6,UNDP ERC,Economic Development,Evaluation 29: Climate & Resilience Project - Year 2015
Senegal,UNDP-EVAL-20240030,https://erc.undp.org/api/documents/30/pdf,2025-11-19T15:45:42.460224,outcome,This evaluation examines the outcomes of development initiatives in the region. Key findings include improved capacity in 30 focus areas. Recommendations emphasize sustainability and local engagement.,/home/user/evidence-ai/data/raw/undp/documents/Africa/2024/undp_eval_20240030_Evaluation_30__Climate___Resil.pdf,UNDP|Ministry of Environment|Local NGO,en,70,2024,Africa,SDG14|SDG2|SDG7,UNDP ERC,Climate Action,Evaluation 30: Climate & Resilience Project - Year 2024
Bangladesh,UNDP-EVAL-20240031,https://erc.undp.org/api/documents/31/pdf,2025-11-19T15:45:42.471877,thematic,This evaluation examines the outcomes of development initiatives in the region. Key findings include improved capacity in 31 focus areas. Recommendations emphasize sustainability and local engagement.,/home/user/evidence-ai/data/raw/undp/documents/Asia/2023/undp_eval_20240031_Evaluation_31__Climate___Resil.pdf,UNDP|Government Agency,en,71,2023,Asia,SDG15|SDG3|SDG8,UNDP ERC,Governance,Evaluation 31: Climate & Resilience Project - Year 2023
India,UNDP-EVAL-20240032,https://erc.undp.org/api/documents/32/pdf,2025-11-19T15:45:42.482956,project,This evaluation examines the outcomes of development initiatives in the region. Key findings include improved capacity in 32 focus areas. Recommendations emphasize sustainability and local engagement.,/home/user/evidence-ai/data/raw/undp/documents/Asia/2022/undp_eval_20240032_Evaluation_32__Climate___Resil.pdf,UNDP|Ministry of Environment|Local NGO,en,72,2022,Asia,SDG16|SDG4|SDG9,UNDP ERC,Gender Equality,Evaluation 32: Climate & Resilience Project - Year 2022
Vietnam,UNDP-EVAL-20240033,https://erc.undp.org/api/documents/33/pdf,2025-11-19T15:45:42.494672,outcome,This evaluation examines the outcomes of development initiatives in the region. Key findings include improved capacity in 33 focus areas. Recommendations emphasize sustainability and local engagement.,/home/user/evidence-ai/data/raw/undp/documents/Asia/2021/undp_eval_20240033_Evaluation_33__Climate___Resil.pdf,UNDP|Government Agency,en,73,2021,Asia,SDG17|SDG5|SDG10,UNDP ERC,Resilience,Evaluation 33: Climate & Resilience Project - Year 2021
Brazil,UNDP-EVAL-20240034,https://erc.undp.org/api/documents/34/pdf,2025-11-19T15:45:42.506281,thematic,This evaluation examines the outcomes of development initiatives in the region. Key findings include improved capacity in 34 focus areas. Recommendations emphasize sustainability and local engagement.,/home/user/evidence-ai/data/raw/undp/documents/Americas/2020/undp_eval_20240034_Evaluation_34__Climate___Resil.pdf,UNDP|Ministry of Environment|Local NGO,en,74,2020,Americas,SDG1|SDG6|SDG11,UNDP ERC,Environment,Evaluation 34: Climate & Resilience Project - Year 2020
Colombia,UNDP-EVAL-20240035,https://erc.undp.org/api/documents/35/pdf,2025-11-19T15:45:42.517949,project,This evaluation examines the outcomes of development initiatives in the region. Key findings include improved capacity in 35 focus areas. Recommendations emphasize sustainability and local engagement.,/home/user/evidence-ai/data/raw/undp/documents/Americas/2019/undp_eval_20240035_Evaluation_35__Climate___Resil.pdf,UNDP|Government Agency,en,75,2019,Americas,SDG2|SDG7|SDG12,UNDP ERC,Economic Development,Evaluation 35: Climate & Resilience Project - Year 2019
Kenya,UNDP-EVAL-20240036,https://erc.undp.org/api/documents/36/pdf,2025-11-19T15:45:42.528941,outcome,This evaluation examines the outcomes of development initiatives in the region. Key findings include improved capacity in 36 focus areas. Recommendations emphasize sustainability and local engagement.,/home/user/evidence-ai/data/raw/undp/documents/Africa/2018/undp_eval_20240036_Evaluation_36__Climate___Resil.pdf,UNDP|Ministry of Environment|Local NGO,en,76,2018,Africa,SDG3|SDG8|SDG13,UNDP ERC,Climate Action,Evaluation 36: Climate & Resilience Project - Year 2018
Tanzania,UNDP-EVAL-20240037,https://erc.undp.org/api/documents/37/pdf,2025-11-19T15:45:42.540666,thematic,This evaluation examines the outcomes of development initiatives in the region. Key findings include improved capacity in 37 focus areas. Recommendations emphasize sustainability and local engagement.,/home/user/evidence-ai/data/raw/undp/documents/Africa/2017/undp_eval_20240037_Evaluation_37__Climate___Resil.pdf,UNDP|Government Agency,en,77,2017,Africa,SDG4|SDG9|SDG14,UNDP ERC,Governance,Evaluation 37: Climate & Resilience Project - Year 2017
Uganda,UNDP-EVAL-20240038,https://erc.undp.org/api/documents/38/pdf,2025-11-19T15:45:42.552468,project,This evaluation examines the outcomes of development initiatives in the region. Key findings include improved capacity in 38 focus areas. Recommendations emphasize sustainability and local engagement.,/home/user/evidence-ai/data/raw/undp/documents/Africa/2016/undp_eval_20240038_Evaluation_38__Climate___Resil.pdf,UNDP|Ministry of Environment|Local NGO,en,78,2016,Africa,SDG5|SDG10|SDG15,UNDP ERC,Gender Equality,Evaluation 38: Climate & Resilience Project - Year 2016
Ethiopia,UNDP-EVAL-20240039,https://erc.undp.org/api/documents/39/pdf,2025-11-19T15:45:42.564233,outcome,This evaluation examines the outcomes of development initiatives in the region. Key findings include improved capacity in 39 focus areas. Recommendations emphasize sustainability and local engagement.,/home/user/evidence-ai/data/raw/undp/documents/Africa/2015/undp_eval_20240039_Evaluation_39__Climate___Resil.pdf,UNDP|Government Agency,en,79,2015,Africa,SDG6|SDG11|SDG16,UNDP ERC,Resilience,Evaluation 39: Climate & Resilience Project - Year 2015
Nigeria,UNDP-EVAL-20240040,https://erc.undp.org/api/documents/40/pdf,2025-11-19T15:45:42.576046,thematic,This evaluation examines the outcomes of development initiatives in the region. Key findings include improved capacity in 40 focus areas. Recommendations emphasize sustainability and local engagement.,/home/user/evidence-ai/data/raw/undp/documents/Africa/2024/undp_eval_20240040_Evaluation_40__Climate___Resil.pdf,UNDP|Ministry of Environment|Local NGO,en,80,2024,Africa,SDG7|SDG12|SDG17,UNDP ERC,Environment,Evaluation 40: Climate & Resilience Project - Year 2024
Ghana,UNDP-EVAL-20240041,https://erc.undp.org/api/documents/41/pdf,2025-11-19T15:45:42.587213,project,This evaluation examines the outcomes of development initiatives in the region. Key findings include improved capacity in 41 focus areas. Recommendations emphasize sustainability and local engagement.,/home/user/evidence-ai/data/raw/undp/documents/Africa/2023/undp_eval_20240041_Evaluation_41__Climate___Resil.pdf,UNDP|Government Agency,en,81,2023,Africa,SDG8|SDG13|SDG1,UNDP ERC,Economic Development,Evaluation 41: Climate & Resilience Project - Year 2023
Senegal,UNDP-EVAL-20240042,https://erc.undp.org/api/documents/42/pdf,2025-11-19T15:45:42.598987,outcome,This evaluation examines the outcomes of development initiatives in the region. Key findings include improved capacity in 42 focus areas. Recommendations emphasize sustainability and local engagement.,/home/user/evidence-ai/data/raw/undp/documents/Africa/2022/undp_eval_20240042_Evaluation_42__Climate___Resil.pdf,UNDP|Ministry of Environment|Local NGO,en,82,2022,Africa,SDG9|SDG14|SDG2,UNDP ERC,Climate Action,Evaluation 42: Climate & Resilience Project - Year 2022
Bangladesh,UNDP-EVAL-20240043,https://erc.undp.org/api/documents/43/pdf,2025-11-19T15:45:42.610916,thematic,This evaluation examines the outcomes of development initiatives in the region. Key findings include improved capacity in 43 focus areas. Recommendations emphasize sustainability and local engagement.,/home/user/evidence-ai/data/raw/undp/documents/Asia/2021/undp_eval_20240043_Evaluation_43__Climate___Resil.pdf,UNDP|Government Agency,en,83,2021,Asia,SDG10|SDG15|SDG3,UNDP ERC,Governance,Evaluation 43: Climate & Resilience Project - Year 2021
India,UNDP-EVAL-20240044,https://erc.undp.org/api/documents/44/pdf,2025-11-19T15:45:42.622666,project,This evaluation examines the outcomes of development initiatives in the region. Key findings include improved capacity in 44 focus areas. Recommendations emphasize sustainability and local engagement.,/home/user/evidence-ai/data/raw/undp/documents/Asia/2020/undp_eval_20240044_Evaluation_44__Climate___Resil.pdf,UNDP|Ministry of Environment|Local NGO,en,84,2020,Asia,SDG11|SDG16|SDG4,UNDP ERC,Gender Equality,Evaluation 44: Climate & Resilience Project - Year 2020
Vietnam,UNDP-EVAL-20240045,https://erc.undp.org/api/documents/45/pdf,2025-11-19T15:45:42.634717,outcome,This evaluation examines the outcomes of development initiatives in the region. Key findings include improved capacity in 45 focus areas. Recommendations emphasize sustainability and local engagement.,/home/user/evidence-ai/data/raw/undp/documents/Asia/2019/undp_eval_20240045_Evaluation_45__Climate___Resil.pdf,UNDP|Government Agency,en,85,2019,Asia,SDG12|SDG17|SDG5,UNDP ERC,Resilience,Evaluation 45: Climate & Resilience Project - Year 2019
Brazil,UNDP-EVAL-20240046,https://erc.undp.org/api/documents/46/pdf,2025-11-19T15:45:42.646468,thematic,This evaluation examines the outcomes of development initiatives in the region. Key findings include improved capacity in 46 focus areas. Recommendations emphasize sustainability and local engagement.,/home/user/evidence-ai/data/raw/undp/documents/Americas/2018/undp_eval_20240046_Evaluation_46__Climate___Resil.pdf,UNDP|Ministry of Environment|Local NGO,en,86,2018,Americas,SDG13|SDG1|SDG6,UNDP ERC,Environment,Evaluation 46: Climate & Resilience Project - Year 2018
Colombia,UNDP-EVAL-20240047,https://erc.undp.org/api/documents/47/pdf,2025-11-19T15:45:42.658299,project,This evaluation examines the outcomes of development initiatives in the region. Key findings include improved capacity in 47 focus areas. Recommendations emphasize sustainability and local engagement.,/home/user/evidence-ai/data/raw/undp/documents/Americas/2017/undp_eval_20240047_Evaluation_47__Climate___Resil.pdf,UNDP|Government Agency,en,87,2017,Americas,SDG14|SDG2|SDG7,UNDP ERC,Economic Development,Evaluation 47: Climate & Resilience Project - Year 2017
Kenya,UNDP-EVAL-20240048,https://erc.undp.org/api/documents/48/pdf,2025-11-19T15:45:42.670167,outcome,This evaluation examines the outcomes of development initiatives in the region. Key findings include improved capacity in 48 focus areas. Recommendations emphasize sustainability and local engagement.,/home/user/evidence-ai/data/raw/undp/documents/Africa/2016/undp_eval_20240048_Evaluation_48__Climate___Resil.pdf,UNDP|Ministry of Environment|Local NGO,en,88,2016,Africa,SDG15|SDG3|SDG8,UNDP ERC,Climate Action,Evaluation 48: Climate & Resilience Project - Year 2016
Tanzania,UNDP-EVAL-20240049,https://erc.undp.org/api/documents/49/pdf,2025-11-19T15:45:42.681943,thematic,This evaluation examines the outcomes of development initiatives in the region. Key findings include improved capacity in 49 focus areas. Recommendations emphasize sustainability and local engagement.,/home/user/evidence-ai/data/raw/undp/documents/Africa/2015/undp_eval_20240049_Evaluation_49__Climate___Resil.pdf,UNDP|Government Agency,en,89,2015,Africa,SDG16|SDG4|SDG9,UNDP ERC,Governance,Evaluation 49: Climate & Resilience Project - Year 2015
Uganda,UNDP-EVAL-20240050,https://erc.undp.org/api/documents/50/pdf,2025-11-19T15:45:42.693694,project,This evaluation examines the outcomes of development initiatives in the region. Key findings include improved capacity in 50 focus areas. Recommendations emphasize sustainability and local engagement.,/home/user/evidence-ai/data/raw/undp/documents/Africa/2024/undp_eval_20240050_Evaluation_50__Climate___Resil.pdf,UNDP|Ministry of Environment|Local NGO,en,90,2024,Africa,SDG17|SDG5|SDG10,UNDP ERC,Gender Equality,Evaluation 50: Climate & Resilience Project - Year 2024
Ethiopia,UNDP-EVAL-20240051,https://erc.undp.org/api/documents/51/pdf,2025-11-19T15:45:42.705413,outcome,This evaluation examines the outcomes of development initiatives in the region. Key findings include improved capacity in 51 focus areas. Recommendations emphasize sustainability and local engagement.,/home/user/evidence-ai/data/raw/undp/documents/Africa/2023/undp_eval_20240051_Evaluation_51__Climate___Resil.pdf,UNDP|Government Agency,en,91,2023,Africa,SDG1|SDG6|SDG11,UNDP ERC,Resilience,Evaluation 51: Climate & Resilience Project - Year 2023
Nigeria,UNDP-EVAL-20240052,https://erc.undp.org/api/documents/52/pdf,2025-11-19T15:45:42.716089,thematic,This evaluation examines the outcomes of development initiatives in the region. Key findings include improved capacity in 52 focus areas. Recommendations emphasize sustainability and local engagement.,/home/user/evidence-ai/data/raw/undp/documents/Africa/2022/undp_eval_20240052_Evaluation_52__Climate___Resil.pdf,UNDP|Ministry of Environment|Local NGO,en,92,2022,Africa,SDG2|SDG7|SDG12,UNDP ERC,Environment,Evaluation 52: Climate & Resilience Project - Year 2022
Ghana,UNDP-EVAL-20240053,https://erc.undp.org/api/documents/53/pdf,2025-11-19T15:45:42.726904,project,This evaluation examines the outcomes of development initiatives in the region. Key findings include improved capacity in 53 focus areas. Recommendations emphasize sustainability and local engagement.,/home/user/evidence-ai/data/raw/undp/documents/Africa/2021/undp_eval_20240053_Evaluation_53__Climate___Resil.pdf,UNDP|Government Agency,en,93,2021,Africa,SDG3|SDG8|SDG13,UNDP ERC,Economic Development,Evaluation 53: Climate & Resilience Project - Year 2021
Senegal,UNDP-EVAL-20240054,https://erc.undp.org/api/documents/54/pdf,2025-11-19T15:45:42.737601,outcome,This evaluation examines the outcomes of development initiatives in the region. Key findings include improved capacity in 54 focus areas. Recommendations emphasize sustainability and local engagement.,/home/user/evidence-ai/data/raw/undp/documents/Africa/2020/undp_eval_20240054_Evaluation_54__Climate___Resil.pdf,UNDP|Ministry of Environment|Local NGO,en,94,2020,Africa,SDG4|SDG9|SDG14,UNDP ERC,Climate Action,Evaluation 54: Climate & Resilience Project - Year 2020
Bangladesh,UNDP-EVAL-20240055,https://erc.undp.org/api/documents/55/pdf,2025-11-19T15:45:42.749597,thematic,This evaluation examines the outcomes of development initiatives in the region. Key findings include improved capacity in 55 focus areas. Recommendations emphasize sustainability and local engagement.,/home/user/evidence-ai/data/raw/undp/documents/Asia/2019/undp_eval_20240055_Evaluation_55__Climate___Resil.pdf,UNDP|Government Agency,en,95,2019,Asia,SDG5|SDG10|SDG15,UNDP ERC,Governance,Evaluation 55: Climate & Resilience Project - Year 2019
India,UNDP-EVAL-20240056,https://erc.undp.org/api/documents/56/pdf,2025-11-19T15:45:42.761184,project,This evaluation examines the outcomes of development initiatives in the region. Key findings include improved capacity in 56 focus areas. Recommendations emphasize sustainability and local engagement.,/home/user/evidence-ai/data/raw/undp/documents/Asia/2018/undp_eval_20240056_Evaluation_56__Climate___Resil.pdf,UNDP|Ministry of Environment|Local NGO,en,96,2018,Asia,SDG6|SDG11|SDG16,UNDP ERC,Gender Equality,Evaluation 56: Climate & Resilience Project - Year 2018
Vietnam,UNDP-EVAL-20240057,https://erc.undp.org/api/documents/57/pdf,2025-11-19T15:45:42.772001,outcome,This evaluation examines the outcomes of development initiatives in the region. Key findings include improved capacity in 57 focus areas. Recommendations emphasize sustainability and local engagement.,/home/user/evidence-ai/data/raw/undp/documents/Asia/2017/undp_eval_20240057_Evaluation_57__Climate___Resil.pdf,UNDP|Government Agency,en,97,2017,Asia,SDG7|SDG12|SDG17,UNDP ERC,Resilience,Evaluation 57: Climate & Resilience Project - Year 2017
Brazil,UNDP-EVAL-20240058,https://erc.undp.org/api/documents/58/pdf,2025-11-19T15:45:42.782776,thematic,This evaluation examines the outcomes of development initiatives in the region. Key findings include improved capacity in 58 focus areas. Recommendations emphasize sustainability and local engagement.,/home/user/evidence-ai/data/raw/undp/documents/Americas/2016/undp_eval_20240058_Evaluation_58__Climate___Resil.pdf,UNDP|Ministry of Environment|Local NGO,en,98,2016,Americas,SDG8|SDG13|SDG1,UNDP ERC,Environment,Evaluation 58: Climate & Resilience Project - Year 2016
Colombia,UNDP-EVAL-20240059,https://erc.undp.org/api/documents/59/pdf,2025-11-19T15:45:42.793694,project,This evaluation examines the outcomes of development initiatives in the region. Key findings include improved capacity in 59 focus areas. Recommendations emphasize sustainability and local engagement.,/home/user/evidence-ai/data/raw/undp/documents/Americas/2015/undp_eval_20240059_Evaluation_59__Climate___Resil.pdf,UNDP|Government Agency,en,99,2015,Americas,SDG9|SDG14|SDG2,UNDP ERC,Economic Development,Evaluation 59: Climate & Resilience Project - Year 2015
Kenya,UNDP-EVAL-20240060,https://erc.undp.org/api/documents/60/pdf,2025-11-19T15:45:42.805583,outcome,This evaluation examines the outcomes of development initiatives in the region. Key findings include improved capacity in 60 focus areas. Recommendations emphasize sustainability and local engagement.,/home/user/evidence-ai/data/raw/undp/documents/Africa/2024/undp_eval_20240060_Evaluation_60__Climate___Resil.pdf,UNDP|Ministry of Environment|Local NGO,en,100,2024,Africa,SDG10|SDG15|SDG3,UNDP ERC,Climate Action,Evaluation 60: Climate & Resilience Project - Year 2024
Tanzania,UNDP-EVAL-20240061,https://erc.undp.org/api/documents/61/pdf,2025-11-19T15:45:42.817302,thematic,This evaluation examines the outcomes of development initiatives in the region. Key findings include improved capacity in 61 focus areas. Recommendations emphasize sustainability and local engagement.,/home/user/evidence-ai/data/raw/undp/documents/Africa/2023/undp_eval_20240061_Evaluation_61__Climate___Resil.pdf,UNDP|Government Agency,en,101,2023,Africa,SDG11|SDG16|SDG4,UNDP ERC,Governance,Evaluation 61: Climate & Resilience Project - Year 2023
Uganda,UNDP-EVAL-20240062,https://erc.undp.org/api/documents/62/pdf,2025-11-19T15:45:42.828134,project,This evaluation examines the outcomes of development initiatives in the region. Key findings include improved capacity in 62 focus areas. Recommendations emphasize sustainability and local engagement.,/home/user/evidence-ai/data/raw/undp/documents/Africa/2022/undp_eval_20240062_Evaluation_62__Climate___Resil.pdf,UNDP|Ministry of Environment|Local NGO,en,102,2022,Africa,SDG12|SDG17|SDG5,UNDP ERC,Gender Equality,Evaluation 62: Climate & Resilience Project - Year 2022
Ethiopia,UNDP-EVAL-20240063,https://erc.undp.org/api/documents/63/pdf,2025-11-19T15:45:42.839961,outcome,This evaluation examines the outcomes of development initiatives in the region. Key findings include improved capacity in 63 focus areas. Recommendations emphasize sustainability and local engagement.,/home/user/evidence-ai/data/raw/undp/documents/Africa/2021/undp_eval_20240063_Evaluation_63__Climate___Resil.pdf,UNDP|Government Agency,en,103,2021,Africa,SDG13|SDG1|SDG6,UNDP ERC,Resilience,Evaluation 63: Climate & Resilience Project - Year 2021
Nigeria,UNDP-EVAL-20240064,https://erc.undp.org/api/documents/64/pdf,2025-11-19T15:45:42.851625,thematic,This evaluation examines the outcomes of development initiatives in the region. Key findings include improved capacity in 64 focus areas. Recommendations emphasize sustainability and local engagement.,/home/user/evidence-ai/data/raw/undp/documents/Africa/2020/undp_eval_20240064_Evaluation_64__Climate___Resil.pdf,UNDP|Ministry of Environment|Local NGO,en,104,2020,Africa,SDG14|SDG2|SDG7,UNDP ERC,Environment,Evaluation 64: Climate & Resilience Project - Year 2020
Ghana,UNDP-EVAL-20240065,https://erc.undp.org/api/documents/65/pdf,2025-11-19T15:45:42.862484,project,This evaluation examines the outcomes of development initiatives in the region. Key findings include improved capacity in 65 focus areas. Recommendations emphasize sustainability and local engagement.,/home/user/evidence-ai/data/raw/undp/documents/Africa/2019/undp_eval_20240065_Evaluation_65__Climate___Resil.pdf,UNDP|Government Agency,en,105,2019,Africa,SDG15|SDG3|SDG8,UNDP ERC,Economic Development,Evaluation 65: Climate & Resilience Project - Year 2019
Senegal,UNDP-EVAL-20240066,https://erc.undp.org/api/documents/66/pdf,2025-11-19T15:45:42.874191,outcome,This evaluation examines the outcomes of development initiatives in the region. Key findings include improved capacity in 66 focus areas. Recommendations emphasize sustainability and local engagement.,/home/user/evidence-ai/data/raw/undp/documents/Africa/2018/undp_eval_20240066_Evaluation_66__Climate___Resil.pdf,UNDP|Ministry of Environment|Local NGO,en,106,2018,Africa,SDG16|SDG4|SDG9,UNDP ERC,Climate Action,Evaluation 66: Climate & Resilience Project - Year 2018
Bangladesh,UNDP-EVAL-20240067,https://erc.undp.org/api/documents/67/pdf,2025-11-19T15:45:42.884929,thematic,This evaluation examines the outcomes of development initiatives in the region. Key findings include improved capacity in 67 focus areas. Recommendations emphasize sustainability and local engagement.,/home/user/evidence-ai/data/raw/undp/documents/Asia/2017/undp_eval_20240067_Evaluation_67__Climate___Resil.pdf,UNDP|Government Agency,en,107,2017,Asia,SDG17|SDG5|SDG10,UNDP ERC,Governance,Evaluation 67: Climate & Resilience Project - Year 2017
India,UNDP-EVAL-20240068,https://erc.undp.org/api/documents/68/pdf,2025-11-19T15:45:42.895693,project,This evaluation examines the outcomes of development initiatives in the region. Key findings include improved capacity in 68 focus areas. Recommendations emphasize sustainability and local engagement.,/home/user/evidence-ai/data/raw/undp/documents/Asia/2016/undp_eval_20240068_Evaluation_68__Climate___Resil.pdf,UNDP|Ministry of Environment|Local NGO,en,108,2016,Asia,SDG1|SDG6|SDG11,UNDP ERC,Gender Equality,Evaluation 68: Climate & Resilience Project - Year 2016
Vietnam,UNDP-EVAL-20240069,https://erc.undp.org/api/documents/69/pdf,2025-11-19T15:45:42.907519,outcome,This evaluation examines the outcomes of development initiatives in the region. Key findings include improved capacity in 69 focus areas. Recommendations emphasize sustainability and local engagement.,/home/user/evidence-ai/data/raw/undp/documents/Asia/2015/undp_eval_20240069_Evaluation_69__Climate___Resil.pdf,UNDP|Government Agency,en,109,2015,Asia,SDG2|SDG7|SDG12,UNDP ERC,Resilience,Evaluation 69: Climate & Resilience Project - Year 2015
Brazil,UNDP-EVAL-20240070,https://erc.undp.org/api/documents/70/pdf,2025-11-19T15:45:42.919284,thematic,This evaluation examines the outcomes of development initiatives in the region. Key findings include improved capacity in 70 focus areas. Recommendations emphasize sustainability and local engagement.,/home/user/evidence-ai/data/raw/undp/documents/Americas/2024/undp_eval_20240070_Evaluation_70__Climate___Resil.pdf,UNDP|Ministry of Environment|Local NGO,en,110,2024,Americas,SDG3|SDG8|SDG13,UNDP ERC,Environment,Evaluation 70: Climate & Resilience Project - Year 2024
Colombia,UNDP-EVAL-20240071,https://erc.undp.org/api/documents/71/pdf,2025-11-19T15:45:42.931111,project,This evaluation examines the outcomes of development initiatives in the region. Key findings include improved capacity in 71 focus areas. Recommendations emphasize sustainability and local engagement.,/home/user/evidence-ai/data/raw/undp/documents/Americas/2023/undp_eval_20240071_Evaluation_71__Climate___Resil.pdf,UNDP|Government Agency,en,111,2023,Americas,SDG4|SDG9|SDG14,UNDP ERC,Economic Development,Evaluation 71: Climate & Resilience Project - Year 2023
Kenya,UNDP-EVAL-20240072,https://erc.undp.org/api/documents/72/pdf,2025-11-19T15:45:42.942314,outcome,This evaluation examines the outcomes of development initiatives in the region. Key findings include improved capacity in 72 focus areas. Recommendations emphasize sustainability and local engagement.,/home/user/evidence-ai/data/raw/undp/documents/Africa/2022/undp_eval_20240072_Evaluation_72__Climate___Resil.pdf,UNDP|Ministry of Environment|Local NGO,en,112,2022,Africa,SDG5|SDG10|SDG15,UNDP ERC,Climate Action,Evaluation 72: Climate & Resilience Project - Year 2022
Tanzania,UNDP-EVAL-20240073,https://erc.undp.org/api/documents/73/pdf,2025-11-19T15:45:42.953921,thematic,This evaluation examines the outcomes of development initiatives in the region. Key findings include improved capacity in 73 focus areas. Recommendations emphasize sustainability and local engagement.,/home/user/evidence-ai/data/raw/undp/documents/Africa/2021/undp_eval_20240073_Evaluation_73__Climate___Resil.pdf,UNDP|Government Agency,en,113,2021,Africa,SDG6|SDG11|SDG16,UNDP ERC,Governance,Evaluation 73: Climate & Resilience Project - Year 2021
Uganda,UNDP-EVAL-20240074,https://erc.undp.org/api/documents/74/pdf,2025-11-19T15:45:42.965680,project,This evaluation examines the outcomes of development initiatives in the region. Key findings include improved capacity in 74 focus areas. Recommendations emphasize sustainability and local engagement.,/home/user/evidence-ai/data/raw/undp/documents/Africa/2020/undp_eval_20240074_Evaluation_74__Climate___Resil.pdf,UNDP|Ministry of Environment|Local NGO,en,114,2020,Africa,SDG7|SDG12|SDG17,UNDP ERC,Gender Equality,Evaluation 74: Climate & Resilience Project - Year 2020
Ethiopia,UNDP-EVAL-20240075,https://erc.undp.org/api/documents/75/pdf,2025-11-19T15:45:42.977557,outcome,This evaluation examines the outcomes of development initiatives in the region. Key findings include improved capacity in 75 focus areas. Recommendations emphasize sustainability and local engagement.,/home/user/evidence-ai/data/raw/undp/documents/Africa/2019/undp_eval_20240075_Evaluation_75__Climate___Resil.pdf,UNDP|Government Agency,en,115,2019,Africa,SDG8|SDG13|SDG1,UNDP ERC,Resilience,Evaluation 75: Climate & Resilience Project - Year 2019
Nigeria,UNDP-EVAL-20240076,https://erc.undp.org/api/documents/76/pdf,2025-11-19T15:45:42.988458,thematic,This evaluation examines the outcomes of development initiatives in the region. Key findings include improved capacity in 76 focus areas. Recommendations emphasize sustainability and local engagement.,/home/user/evidence-ai/data/raw/undp/documents/Africa/2018/undp_eval_20240076_Evaluation_76__Climate___Resil.pdf,UNDP|Ministry of Environment|Local NGO,en,116,2018,Africa,SDG9|SDG14|SDG2,UNDP ERC,Environment,Evaluation 76: Climate & Resilience Project - Year 2018
Ghana,UNDP-EVAL-20240077,https://erc.undp.org/api/documents/77/pdf,2025-11-19T15:45:43.000269,project,This evaluation examines the outcomes of development initiatives in the region. Key findings include improved capacity in 77 focus areas. Recommendations emphasize sustainability and local engagement.,/home/user/evidence-ai/data/raw/undp/documents/Africa/2017/undp_eval_20240077_Evaluation_77__Climate___Resil.pdf,UNDP|Government Agency,en,117,2017,Africa,SDG10|SDG15|SDG3,UNDP ERC,Economic Development,Evaluation 77: Climate & Resilience Project - Year 2017
Senegal,UNDP-EVAL-20240078,https://erc.undp.org/api/documents/78/pdf,2025-11-19T15:45:43.012260,outcome,This evaluation examines the outcomes of development initiatives in the region. Key findings include improved capacity in 78 focus areas. Recommendations emphasize sustainability and local engagement.,/home/user/evidence-ai/data/raw/undp/documents/Africa/2016/undp_eval_20240078_Evaluation_78__Climate___Resil.pdf,UNDP|Ministry of Environment|Local NGO,en,118,2016,Africa,SDG11|SDG16|SDG4,UNDP ERC,Climate Action,Evaluation 78: Climate & Resilience Project - Year 2016
Bangladesh,UNDP-EVAL-20240079,https://erc.undp.org/api/documents/79/pdf,2025-11-19T15:45:43.024004,thematic,This evaluation examines the outcomes of development initiatives in the region. Key findings include improved capacity in 79 focus areas. Recommendations emphasize sustainability and local engagement.,/home/user/evidence-ai/data/raw/undp/documents/Asia/2015/undp_eval_20240079_Evaluation_79__Climate___Resil.pdf,UNDP|Government Agency,en,119,2015,Asia,SDG12|SDG17|SDG5,UNDP ERC,Governance,Evaluation 79: Climate & Resilience Project - Year 2015
India,UNDP-EVAL-20240080,https://erc.undp.org/api/documents/80/pdf,2025-11-19T15:45:43.035730,project,This evaluation examines the outcomes of development initiatives in the region. Key findings include improved capacity in 80 focus areas. Recommendations emphasize sustainability and local engagement.,/home/user/evidence-ai/data/raw/undp/documents/Asia/2024/undp_eval_20240080_Evaluation_80__Climate___Resil.pdf,UNDP|Ministry of Environment|Local NGO,en,40,2024,Asia,SDG13|SDG1|SDG6,UNDP ERC,Gender Equality,Evaluation 80: Climate & Resilience Project - Year 2024
Vietnam,UNDP-EVAL-20240081,https://erc.undp.org/api/documents/81/pdf,2025-11-19T15:45:43.047555,outcome,This evaluation examines the outcomes of development initiatives in the region. Key findings include improved capacity in 81 focus areas. Recommendations emphasize sustainability and local engagement.,/home/user/evidence-ai/data/raw/undp/documents/Asia/2023/undp_eval_20240081_Evaluation_81__Climate___Resil.pdf,UNDP|Government Agency,en,41,2023,Asia,SDG14|SDG2|SDG7,UNDP ERC,Resilience,Evaluation 81: Climate & Resilience Project - Year 2023
Brazil,UNDP-EVAL-20240082,https://erc.undp.org/api/documents/82/pdf,2025-11-19T15:45:43.059519,thematic,This evaluation examines the outcomes of development initiatives in the region. Key findings include improved capacity in 82 focus areas. Recommendations emphasize sustainability and local engagement.,/home/user/evidence-ai/data/raw/undp/documents/Americas/2022/undp_eval_20240082_Evaluation_82__Climate___Resil.pdf,UNDP|Ministry of Environment|Local NGO,en,42,2022,Americas,SDG15|SDG3|SDG8,UNDP ERC,Environment,Evaluation 82: Climate & Resilience Project - Year 2022
Colombia,UNDP-EVAL-20240083,https://erc.undp.org/api/documents/83/pdf,2025-11-19T15:45:43.071361,project,This evaluation examines the outcomes of development initiatives in the region. Key findings include improved capacity in 83 focus areas. Recommendations emphasize sustainability and local engagement.,/home/user/evidence-ai/data/raw/undp/documents/Americas/2021/undp_eval_20240083_Evaluation_83__Climate___Resil.pdf,UNDP|Government Agency,en,43,2021,Americas,SDG16|SDG4|SDG9,UNDP ERC,Economic Development,Evaluation 83: Climate & Resilience Project - Year 2021
Kenya,UNDP-EVAL-20240084,https://erc.undp.org/api/documents/84/pdf,2025-11-19T15:45:43.083033,outcome,This evaluation examines the outcomes of development initiatives in the region. Key findings include improved capacity in 84 focus areas. Recommendations emphasize sustainability and local engagement.,/home/user/evidence-ai/data/raw/undp/documents/Africa/2020/undp_eval_20240084_Evaluation_84__Climate___Resil.pdf,UNDP|Ministry of Environment|Local NGO,en,44,2020,Africa,SDG17|SDG5|SDG10,UNDP ERC,Climate Action,Evaluation 84: Climate & Resilience Project - Year 2020
Tanzania,UNDP-EVAL-20240085,https://erc.undp.org/api/documents/85/pdf,2025-11-19T15:45:43.093916,thematic,This evaluation examines the outcomes of development initiatives in the region. Key findings include improved capacity in 85 focus areas. Recommendations emphasize sustainability and local engagement.,/home/user/evidence-ai/data/raw/undp/documents/Africa/2019/undp_eval_20240085_Evaluation_85__Climate___Resil.pdf,UNDP|Government Agency,en,45,2019,Africa,SDG1|SDG6|SDG11,UNDP ERC,Governance,Evaluation 85: Climate & Resilience Project - Year 2019
Uganda,UNDP-EVAL-20240086,https://erc.undp.org/api/documents/86/pdf,2025-11-19T15:45:43.105695,project,This evaluation examines the outcomes of development initiatives in the region. Key findings include improved capacity in 86 focus areas. Recommendations emphasize sustainability and local engagement.,/home/user/evidence-ai/data/raw/undp/documents/Africa/2018/undp_eval_20240086_Evaluation_86__Climate___Resil.pdf,UNDP|Ministry of Environment|Local NGO,en,46,2018,Africa,SDG2|SDG7|SDG12,UNDP ERC,Gender Equality,Evaluation 86: Climate & Resilience Project - Year 2018
Ethiopia,UNDP-EVAL-20240087,https://erc.undp.org/api/documents/87/pdf,2025-11-19T15:45:43.117495,outcome,This evaluation examines the outcomes of development initiatives in the region. Key findings include improved capacity in 87 focus areas. Recommendations emphasize sustainability and local engagement.,/home/user/evidence-ai/data/raw/undp/documents/Africa/2017/undp_eval_20240087_Evaluation_87__Climate___Resil.pdf,UNDP|Government Agency,en,47,2017,Africa,SDG3|SDG8|SDG13,UNDP ERC,Resilience,Evaluation 87: Climate & Resilience Project - Year 2017
Nigeria,UNDP-EVAL-20240088,https://erc.undp.org/api/documents/88/pdf,2025-11-19T15:45:43.129385,thematic,This evaluation examines the outcomes of development initiatives in the region. Key findings include improved capacity in 88 focus areas. Recommendations emphasize sustainability and local engagement.,/home/user/evidence-ai/data/raw/undp/documents/Africa/2016/undp_eval_20240088_Evaluation_88__Climate___Resil.pdf,UNDP|Ministry of Environment|Local NGO,en,48,2016,Africa,SDG4|SDG9|SDG14,UNDP ERC,Environment,Evaluation 88: Climate & Resilience Project - Year 2016
Ghana,UNDP-EVAL-20240089,https://erc.undp.org/api/documents/89/pdf,2025-11-19T15:45:43.141264,project,This evaluation examines the outcomes of development initiatives in the region. Key findings include improved capacity in 89 focus areas. Recommendations emphasize sustainability and local engagement.,/home/user/evidence-ai/data/raw/undp/documents/Africa/2015/undp_eval_20240089_Evaluation_89__Climate___Resil.pdf,UNDP|Government Agency,en,49,2015,Africa,SDG5|SDG10|SDG15,UNDP ERC,Economic Development,Evaluation 89: Climate & Resilience Project - Year 2015
Senegal,UNDP-EVAL-20240090,https://erc.undp.org/api/documents/90/pdf,2025-11-19T15:45:43.152974,outcome,This evaluation examines the outcomes of development initiatives in the region. Key findings include improved capacity in 90 focus areas. Recommendations emphasize sustainability and local engagement.,/home/user/evidence-ai/data/raw/undp/documents/Africa/2024/undp_eval_20240090_Evaluation_90__Climate___Resil.pdf,UNDP|Ministry of Environment|Local NGO,en,50,2024,Africa,SDG6|SDG11|SDG16,UNDP ERC,Climate Action,Evaluation 90: Climate & Resilience Project - Year 2024
Bangladesh,UNDP-EVAL-20240091,https://erc.undp.org/api/documents/91/pdf,2025-11-19T15:45:43.164808,thematic,This evaluation examines the outcomes of development initiatives in the region. Key findings include improved capacity in 91 focus areas. Recommendations emphasize sustainability and local engagement.,/home/user/evidence-ai/data/raw/undp/documents/Asia/2023/undp_eval_20240091_Evaluation_91__Climate___Resil.pdf,UNDP|Government Agency,en,51,2023,Asia,SDG7|SDG12|SDG17,UNDP ERC,Governance,Evaluation 91: Climate & Resilience Project - Year 2023
India,UNDP-EVAL-20240092,https://erc.undp.org/api/documents/92/pdf,2025-11-19T15:45:43.176682,project,This evaluation examines the outcomes of development initiatives in the region. Key findings include improved capacity in 92 focus areas. Recommendations emphasize sustainability and local engagement.,/home/user/evidence-ai/data/raw/undp/documents/Asia/2022/undp_eval_20240092_Evaluation_92__Climate___Resil.pdf,UNDP|Ministry of Environment|Local NGO,en,52,2022,Asia,SDG8|SDG13|SDG1,UNDP ERC,Gender Equality,Evaluation 92: Climate & Resilience Project - Year 2022
Vietnam,UNDP-EVAL-20240093,https://erc.undp.org/api/documents/93/pdf,2025-11-19T15:45:43.188611,outcome,This evaluation examines the outcomes of development initiatives in the region. Key findings include improved capacity in 93 focus areas. Recommendations emphasize sustainability and local engagement.,/home/user/evidence-ai/data/raw/undp/documents/Asia/2021/undp_eval_20240093_Evaluation_93__Climate___Resil.pdf,UNDP|Government Agency,en,53,2021,Asia,SDG9|SDG14|SDG2,UNDP ERC,Resilience,Evaluation 93: Climate & Resilience Project - Year 2021
Brazil,UNDP-EVAL-20240094,https://erc.undp.org/api/documents/94/pdf,2025-11-19T15:45:43.200374,thematic,This evaluation examines the outcomes of development initiatives in the region. Key findings include improved capacity in 94 focus areas. Recommendations emphasize sustainability and local engagement.,/home/user/evidence-ai/data/raw/undp/documents/Americas/2020/undp_eval_20240094_Evaluation_94__Climate___Resil.pdf,UNDP|Ministry of Environment|Local NGO,en,54,2020,Americas,SDG10|SDG15|SDG3,UNDP ERC,Environment,Evaluation 94: Climate & Resilience Project - Year 2020
Colombia,UNDP-EVAL-20240095,https://erc.undp.org/api/documents/95/pdf,2025-11-19T15:45:43.212159,project,This evaluation examines the outcomes of development initiatives in the region. Key findings include improved capacity in 95 focus areas. Recommendations emphasize sustainability and local engagement.,/home/user/evidence-ai/data/raw/undp/documents/Americas/2019/undp_eval_20240095_Evaluation_95__Climate___Resil.pdf,UNDP|Government Agency,en,55,2019,Americas,SDG11|SDG16|SDG4,UNDP ERC,Economic Development,Evaluation 95: Climate & Resilience Project - Year 2019
Kenya,UNDP-EVAL-20240096,https://erc.undp.org/api/documents/96/pdf,2025-11-19T15:45:43.223773,outcome,This evaluation examines the outcomes of development initiatives in the region. Key findings include improved capacity in 96 focus areas. Recommendations emphasize sustainability and local engagement.,/home/user/evidence-ai/data/raw/undp/documents/Africa/2018/undp_eval_20240096_Evaluation_96__Climate___Resil.pdf,UNDP|Ministry of Environment|Local NGO,en,56,2018,Africa,SDG12|SDG17|SDG5,UNDP ERC,Climate Action,Evaluation 96: Climate & Resilience Project - Year 2018
Tanzania,UNDP-EVAL-20240097,https://erc.undp.org/api/documents/97/pdf,2025-11-19T15:45:43.234773,thematic,This evaluation examines the outcomes of development initiatives in the region. Key findings include improved capacity in 97 focus areas. Recommendations emphasize sustainability and local engagement.,/home/user/evidence-ai/data/raw/undp/documents/Africa/2017/undp_eval_20240097_Evaluation_97__Climate___Resil.pdf,UNDP|Government Agency,en,57,2017,Africa,SDG13|SDG1|SDG6,UNDP ERC,Governance,Evaluation 97: Climate & Resilience Project - Year 2017
Uganda,UNDP-EVAL-20240098,https://erc.undp.org/api/documents/98/pdf,2025-11-19T15:45:43.247152,project,This evaluation examines the outcomes of development initiatives in the region. Key findings include improved capacity in 98 focus areas. Recommendations emphasize sustainability and local engagement.,/home/user/evidence-ai/data/raw/undp/documents/Africa/2016/undp_eval_20240098_Evaluation_98__Climate___Resil.pdf,UNDP|Ministry of Environment|Local NGO,en,58,2016,Africa,SDG14|SDG2|SDG7,UNDP ERC,Gender Equality,Evaluation 98: Climate & Resilience Project - Year 2016
Ethiopia,UNDP-EVAL-20240099,https://erc.undp.org/api/documents/99/pdf,2025-11-19T15:45:43.258496,outcome,This evaluation examines the outcomes of development initiatives in the region. Key findings include improved capacity in 99 focus areas. Recommendations emphasize sustainability and local engagement.,/home/user/evidence-ai/data/raw/undp/documents/Africa/2015/undp_eval_20240099_Evaluation_99__Climate___Resil.pdf,UNDP|Government Agency,en,59,2015,Africa,SDG15|SDG3|SDG8,UNDP ERC,Resilience,Evaluation 99: Climate & Resilience Project - Year 2015
Nigeria,UNDP-EVAL-20240100,https://erc.undp.org/api/documents/100/pdf,2025-11-19T15:45:43.270400,thematic,This evaluation examines the outcomes of development initiatives in the region. Key findings include improved capacity in 100 focus areas. Recommendations emphasize sustainability and local engagement.,/home/user/evidence-ai/data/raw/undp/documents/Africa/2024/undp_eval_20240100_Evaluation_100__Climate___Resi.pdf,UNDP|Ministry of Environment|Local NGO,en,60,2024,Africa,SDG16|SDG4|SDG9,UNDP ERC,Environment,Evaluation 100: Climate & Resilience Project - Year 2024
Ghana,UNDP-EVAL-20240101,https://erc.undp.org/api/documents/101/pdf,2025-11-19T15:45:43.282120,project,This evaluation examines the outcomes of development initiatives in the region. Key findings include improved capacity in 101 focus areas. Recommendations emphasize sustainability and local engagement.,/home/user/evidence-ai/data/raw/undp/documents/Africa/2023/undp_eval_20240101_Evaluation_101__Climate___Resi.pdf,UNDP|Government Agency,en,61,2023,Africa,SDG17|SDG5|SDG10,UNDP ERC,Economic Development,Evaluation 101: Climate & Resilience Project - Year 2023
Senegal,UNDP-EVAL-20240102,https://erc.undp.org/api/documents/102/pdf,2025-11-19T15:45:43.293949,outcome,This evaluation examines the outcomes of development initiatives in the region. Key findings include improved capacity in 102 focus areas. Recommendations emphasize sustainability and local engagement.,/home/user/evidence-ai/data/raw/undp/documents/Africa/2022/undp_eval_20240102_Evaluation_102__Climate___Resi.pdf,UNDP|Ministry of Environment|Local NGO,en,62,2022,Africa,SDG1|SDG6|SDG11,UNDP ERC,Climate Action,Evaluation 102: Climate & Resilience Project - Year 2022
Bangladesh,UNDP-EVAL-20240103,https://erc.undp.org/api/documents/103/pdf,2025-11-19T15:45:43.304916,thematic,This evaluation examines the outcomes of development initiatives in the region. Key findings include improved capacity in 103 focus areas. Recommendations emphasize sustainability and local engagement.,/home/user/evidence-ai/data/raw/undp/documents/Asia/2021/undp_eval_20240103_Evaluation_103__Climate___Resi.pdf,UNDP|Government Agency,en,63,2021,Asia,SDG2|SDG7|SDG12,UNDP ERC,Governance,Evaluation 103: Climate & Resilience Project - Year 2021
India,UNDP-EVAL-20240104,https://erc.undp.org/api/documents/104/pdf,2025-11-19T15:45:43.316642,project,This evaluation examines the outcomes of development initiatives in the region. Key findings include improved capacity in 104 focus areas. Recommendations emphasize sustainability and local engagement.,/home/user/evidence-ai/data/raw/undp/documents/Asia/2020/undp_eval_20240104_Evaluation_104__Climate___Resi.pdf,UNDP|Ministry of Environment|Local NGO,en,64,2020,Asia,SDG3|SDG8|SDG13,UNDP ERC,Gender Equality,Evaluation 104: Climate & Resilience Project - Year 2020
Vietnam,UNDP-EVAL-20240105,https://erc.undp.org/api/documents/105/pdf,2025-11-19T15:45:43.328457,outcome,This evaluation examines the outcomes of development initiatives in the region. Key findings include improved capacity in 105 focus areas. Recommendations emphasize sustainability and local engagement.,/home/user/evidence-ai/data/raw/undp/documents/Asia/2019/undp_eval_20240105_Evaluation_105__Climate___Resi.pdf,UNDP|Government Agency,en,65,2019,Asia,SDG4|SDG9|SDG14,UNDP ERC,Resilience,Evaluation 105: Climate & Resilience Project - Year 2019
Brazil,UNDP-EVAL-20240106,https://erc.undp.org/api/documents/106/pdf,2025-11-19T15:45:43.340347,thematic,This evaluation examines the outcomes of development initiatives in the region. Key findings include improved capacity in 106 focus areas. Recommendations emphasize sustainability and local engagement.,/home/user/evidence-ai/data/raw/undp/documents/Americas/2018/undp_eval_20240106_Evaluation_106__Climate___Resi.pdf,UNDP|Ministry of Environment|Local NGO,en,66,2018,Americas,SDG5|SDG10|SDG15,UNDP ERC,Environment,Evaluation 106: Climate & Resilience Project - Year 2018
Colombia,UNDP-EVAL-20240107,https://erc.undp.org/api/documents/107/pdf,2025-11-19T15:45:43.352187,project,This evaluation examines the outcomes of development initiatives in the region. Key findings include improved capacity in 107 focus areas. Recommendations emphasize sustainability and local engagement.,/home/user/evidence-ai/data/raw/undp/documents/Americas/2017/undp_eval_20240107_Evaluation_107__Climate___Resi.pdf,UNDP|Government Agency,en,67,2017,Americas,SDG6|SDG11|SDG16,UNDP ERC,Economic Development,Evaluation 107: Climate & Resilience Project - Year 2017
Kenya,UNDP-EVAL-20240108,https://erc.undp.org/api/documents/108/pdf,2025-11-19T15:45:43.364020,outcome,This evaluation examines the outcomes of development initiatives in the region. Key findings include improved capacity in 108 focus areas. Recommendations emphasize sustainability and local engagement.,/home/user/evidence-ai/data/raw/undp/documents/Africa/2016/undp_eval_20240108_Evaluation_108__Climate___Resi.pdf,UNDP|Ministry of Environment|Local NGO,en,68,2016,Africa,SDG7|SDG12|SDG17,UNDP ERC,Climate Action,Evaluation 108: Climate & Resilience Project - Year 2016
Tanzania,UNDP-EVAL-20240109,https://erc.undp.org/api/documents/109/pdf,2025-11-19T15:45:43.375782,thematic,This evaluation examines the outcomes of development initiatives in the region. Key findings include improved capacity in 109 focus areas. Recommendations emphasize sustainability and local engagement.,/home/user/evidence-ai/data/raw/undp/documents/Africa/2015/undp_eval_20240109_Evaluation_109__Climate___Resi.pdf,UNDP|Government Agency,en,69,2015,Africa,SDG8|SDG13|SDG1,UNDP ERC,Governance,Evaluation 109: Climate & Resilience Project - Year 2015
Uganda,UNDP-EVAL-20240110,https://erc.undp.org/api/documents/110/pdf,2025-11-19T15:45:43.387542,project,This evaluation examines the outcomes of development initiatives in the region. Key findings include improved capacity in 110 focus areas. Recommendations emphasize sustainability and local engagement.,/home/user/evidence-ai/data/raw/undp/documents/Africa/2024/undp_eval_20240110_Evaluation_110__Climate___Resi.pdf,UNDP|Ministry of Environment|Local NGO,en,70,2024,Africa,SDG9|SDG14|SDG2,UNDP ERC,Gender Equality,Evaluation 110: Climate & Resilience Project - Year 2024
Ethiopia,UNDP-EVAL-20240111,https://erc.undp.org/api/documents/111/pdf,2025-11-19T15:45:43.398487,outcome,This evaluation examines the outcomes of development initiatives in the region. Key findings include improved capacity in 111 focus areas. Recommendations emphasize sustainability and local engagement.,/home/user/evidence-ai/data/raw/undp/documents/Africa/2023/undp_eval_20240111_Evaluation_111__Climate___Resi.pdf,UNDP|Government Agency,en,71,2023,Africa,SDG10|SDG15|SDG3,UNDP ERC,Resilience,Evaluation 111: Climate & Resilience Project - Year 2023
Nigeria,UNDP-EVAL-20240112,https://erc.undp.org/api/documents/112/pdf,2025-11-19T15:45:43.409639,thematic,This evaluation examines the outcomes of development initiatives in the region. Key findings include improved capacity in 112 focus areas. Recommendations emphasize sustainability and local engagement.,/home/user/evidence-ai/data/raw/undp/documents/Africa/2022/undp_eval_20240112_Evaluation_112__Climate___Resi.pdf,UNDP|Ministry of Environment|Local NGO,en,72,2022,Africa,SDG11|SDG16|SDG4,UNDP ERC,Environment,Evaluation 112: Climate & Resilience Project - Year 2022
Ghana,UNDP-EVAL-20240113,https://erc.undp.org/api/documents/113/pdf,2025-11-19T15:45:43.421167,project,This evaluation examines the outcomes of development initiatives in the region. Key findings include improved capacity in 113 focus areas. Recommendations emphasize sustainability and local engagement.,/home/user/evidence-ai/data/raw/undp/documents/Africa/2021/undp_eval_20240113_Evaluation_113__Climate___Resi.pdf,UNDP|Government Agency,en,73,2021,Africa,SDG12|SDG17|SDG5,UNDP ERC,Economic Development,Evaluation 113: Climate & Resilience Project - Year 2021
Senegal,UNDP-EVAL-20240114,https://erc.undp.org/api/documents/114/pdf,2025-11-19T15:45:43.432731,outcome,This evaluation examines the outcomes of development initiatives in the region. Key findings include improved capacity in 114 focus areas. Recommendations emphasize sustainability and local engagement.,/home/user/evidence-ai/data/raw/undp/documents/Africa/2020/undp_eval_20240114_Evaluation_114__Climate___Resi.pdf,UNDP|Ministry of Environment|Local NGO,en,74,2020,Africa,SDG13|SDG1|SDG6,UNDP ERC,Climate Action,Evaluation 114: Climate & Resilience Project - Year 2020
Bangladesh,UNDP-EVAL-20240115,https://erc.undp.org/api/documents/115/pdf,2025-11-19T15:45:43.443701,thematic,This evaluation examines the outcomes of development initiatives in the region. Key findings include improved capacity in 115 focus areas. Recommendations emphasize sustainability and local engagement.,/home/user/evidence-ai/data/raw/undp/documents/Asia/2019/undp_eval_20240115_Evaluation_115__Climate___Resi.pdf,UNDP|Government Agency,en,75,2019,Asia,SDG14|SDG2|SDG7,UNDP ERC,Governance,Evaluation 115: Climate & Resilience Project - Year 2019
India,UNDP-EVAL-20240116,https://erc.undp.org/api/documents/116/pdf,2025-11-19T15:45:43.455698,project,This evaluation examines the outcomes of development initiatives in the region. Key findings include improved capacity in 116 focus areas. Recommendations emphasize sustainability and local engagement.,/home/user/evidence-ai/data/raw/undp/documents/Asia/2018/undp_eval_20240116_Evaluation_116__Climate___Resi.pdf,UNDP|Ministry of Environment|Local NGO,en,76,2018,Asia,SDG15|SDG3|SDG8,UNDP ERC,Gender Equality,Evaluation 116: Climate & Resilience Project - Year 2018
Vietnam,UNDP-EVAL-20240117,https://erc.undp.org/api/documents/117/pdf,2025-11-19T15:45:43.467650,outcome,This evaluation examines the outcomes of development initiatives in the region. Key findings include improved capacity in 117 focus areas. Recommendations emphasize sustainability and local engagement.,/home/user/evidence-ai/data/raw/undp/documents/Asia/2017/undp_eval_20240117_Evaluation_117__Climate___Resi.pdf,UNDP|Government Agency,en,77,2017,Asia,SDG16|SDG4|SDG9,UNDP ERC,Resilience,Evaluation 117: Climate & Resilience Project - Year 2017
Brazil,UNDP-EVAL-20240118,https://erc.undp.org/api/documents/118/pdf,2025-11-19T15:45:43.479272,thematic,This evaluation examines the outcomes of development initiatives in the region. Key findings include improved capacity in 118 focus areas. Recommendations emphasize sustainability and local engagement.,/home/user/evidence-ai/data/raw/undp/documents/Americas/2016/undp_eval_20240118_Evaluation_118__Climate___Resi.pdf,UNDP|Ministry of Environment|Local NGO,en,78,2016,Americas,SDG17|SDG5|SDG10,UNDP ERC,Environment,Evaluation 118: Climate & Resilience Project - Year 2016
Colombia,UNDP-EVAL-20240119,https://erc.undp.org/api/documents/119/pdf,2025-11-19T15:45:43.491067,project,This evaluation examines the outcomes of development initiatives in the region. Key findings include improved capacity in 119 focus areas. Recommendations emphasize sustainability and local engagement.,/home/user/evidence-ai/data/raw/undp/documents/Americas/2015/undp_eval_20240119_Evaluation_119__Climate___Resi.pdf,UNDP|Government Agency,en,79,2015,Americas,SDG1|SDG6|SDG11,UNDP ERC,Economic Development,Evaluation 119: Climate & Resilience Project - Year 2015
Kenya,UNDP-EVAL-20240120,https://erc.undp.org/api/documents/120/pdf,2025-11-19T15:45:43.502832,outcome,This evaluation examines the outcomes of development initiatives in the region. Key findings include improved capacity in 120 focus areas. Recommendations emphasize sustainability and local engagement.,/home/user/evidence-ai/data/raw/undp/documents/Africa/2024/undp_eval_20240120_Evaluation_120__Climate___Resi.pdf,UNDP|Ministry of Environment|Local NGO,en,80,2024,Africa,SDG2|SDG7|SDG12,UNDP ERC,Climate Action,Evaluation 120: Climate & Resilience Project - Year 2024
Tanzania,UNDP-EVAL-20240121,https://erc.undp.org/api/documents/121/pdf,2025-11-19T15:45:43.513700,thematic,This evaluation examines the outcomes of development initiatives in the region. Key findings include improved capacity in 121 focus areas. Recommendations emphasize sustainability and local engagement.,/home/user/evidence-ai/data/raw/undp/documents/Africa/2023/undp_eval_20240121_Evaluation_121__Climate___Resi.pdf,UNDP|Government Agency,en,81,2023,Africa,SDG3|SDG8|SDG13,UNDP ERC,Governance,Evaluation 121: Climate & Resilience Project - Year 2023
Uganda,UNDP-EVAL-20240122,https://erc.undp.org/api/documents/122/pdf,2025-11-19T15:45:43.525654,project,This evaluation examines the outcomes of development initiatives in the region. Key findings include improved capacity in 122 focus areas. Recommendations emphasize sustainability and local engagement.,/home/user/evidence-ai/data/raw/undp/documents/Africa/2022/undp_eval_20240122_Evaluation_122__Climate___Resi.pdf,UNDP|Ministry of Environment|Local NGO,en,82,2022,Africa,SDG4|SDG9|SDG14,UNDP ERC,Gender Equality,Evaluation 122: Climate & Resilience Project - Year 2022
Ethiopia,UNDP-EVAL-20240123,https://erc.undp.org/api/documents/123/pdf,2025-11-19T15:45:43.537469,outcome,This evaluation examines the outcomes of development initiatives in the region. Key findings include improved capacity in 123 focus areas. Recommendations emphasize sustainability and local engagement.,/home/user/evidence-ai/data/raw/undp/documents/Africa/2021/undp_eval_20240123_Evaluation_123__Climate___Resi.pdf,UNDP|Government Agency,en,83,2021,Africa,SDG5|SDG10|SDG15,UNDP ERC,Resilience,Evaluation 123: Climate & Resilience Project - Year 2021
Nigeria,UNDP-EVAL-20240124,https://erc.undp.org/api/documents/124/pdf,2025-11-19T15:45:43.549436,thematic,This evaluation examines the outcomes of development initiatives in the region. Key findings include improved capacity in 124 focus areas. Recommendations emphasize sustainability and local engagement.,/home/user/evidence-ai/data/raw/undp/documents/Africa/2020/undp_eval_20240124_Evaluation_124__Climate___Resi.pdf,UNDP|Ministry of Environment|Local NGO,en,84,2020,Africa,SDG6|SDG11|SDG16,UNDP ERC,Environment,Evaluation 124: Climate & Resilience Project - Year 2020
Ghana,UNDP-EVAL-20240125,https://erc.undp.org/api/documents/125/pdf,2025-11-19T15:45:43.561469,project,This evaluation examines the outcomes of development initiatives in the region. Key findings include improved capacity in 125 focus areas. Recommendations emphasize sustainability and local engagement.,/home/user/evidence-ai/data/raw/undp/documents/Africa/2019/undp_eval_20240125_Evaluation_125__Climate___Resi.pdf,UNDP|Government Agency,en,85,2019,Africa,SDG7|SDG12|SDG17,UNDP ERC,Economic Development,Evaluation 125: Climate & Resilience Project - Year 2019
Senegal,UNDP-EVAL-20240126,https://erc.undp.org/api/documents/126/pdf,2025-11-19T15:45:43.573287,outcome,This evaluation examines the outcomes of development initiatives in the region. Key findings include improved capacity in 126 focus areas. Recommendations emphasize sustainability and local engagement.,/home/user/evidence-ai/data/raw/undp/documents/Africa/2018/undp_eval_20240126_Evaluation_126__Climate___Resi.pdf,UNDP|Ministry of Environment|Local NGO,en,86,2018,Africa,SDG8|SDG13|SDG1,UNDP ERC,Climate Action,Evaluation 126: Climate & Resilience Project - Year 2018
Bangladesh,UNDP-EVAL-20240127,https://erc.undp.org/api/documents/127/pdf,2025-11-19T15:45:43.585237,thematic,This evaluation examines the outcomes of development initiatives in the region. Key findings include improved capacity in 127 focus areas. Recommendations emphasize sustainability and local engagement.,/home/user/evidence-ai/data/raw/undp/documents/Asia/2017/undp_eval_20240127_Evaluation_127__Climate___Resi.pdf,UNDP|Government Agency,en,87,2017,Asia,SDG9|SDG14|SDG2,UNDP ERC,Governance,Evaluation 127: Climate & Resilience Project - Year 2017
India,UNDP-EVAL-20240128,https://erc.undp.org/api/documents/128/pdf,2025-11-19T15:45:43.596982,project,This evaluation examines the outcomes of development initiatives in the region. Key findings include improved capacity in 128 focus areas. Recommendations emphasize sustainability and local engagement.,/home/user/evidence-ai/data/raw/undp/documents/Asia/2016/undp_eval_20240128_Evaluation_128__Climate___Resi.pdf,UNDP|Ministry of Environment|Local NGO,en,88,2016,Asia,SDG10|SDG15|SDG3,UNDP ERC,Gender Equality,Evaluation 128: Climate & Resilience Project - Year 2016
Vietnam,UNDP-EVAL-20240129,https://erc.undp.org/api/documents/129/pdf,2025-11-19T15:45:43.608874,outcome,This evaluation examines the outcomes of development initiatives in the region. Key findings include improved capacity in 129 focus areas. Recommendations emphasize sustainability and local engagement.,/home/user/evidence-ai/data/raw/undp/documents/Asia/2015/undp_eval_20240129_Evaluation_129__Climate___Resi.pdf,UNDP|Government Agency,en,89,2015,Asia,SDG11|SDG16|SDG4,UNDP ERC,Resilience,Evaluation 129: Climate & Resilience Project - Year 2015
Brazil,UNDP-EVAL-20240130,https://erc.undp.org/api/documents/130/pdf,2025-11-19T15:45:43.619746,thematic,This evaluation examines the outcomes of development initiatives in the region. Key findings include improved capacity in 130 focus areas. Recommendations emphasize sustainability and local engagement.,/home/user/evidence-ai/data/raw/undp/documents/Americas/2024/undp_eval_20240130_Evaluation_130__Climate___Resi.pdf,UNDP|Ministry of Environment|Local NGO,en,90,2024,Americas,SDG12|SDG17|SDG5,UNDP ERC,Environment,Evaluation 130: Climate & Resilience Project - Year 2024
Colombia,UNDP-EVAL-20240131,https://erc.undp.org/api/documents/131/pdf,2025-11-19T15:45:43.631482,project,This evaluation examines the outcomes of development initiatives in the region. Key findings include improved capacity in 131 focus areas. Recommendations emphasize sustainability and local engagement.,/home/user/evidence-ai/data/raw/undp/documents/Americas/2023/undp_eval_20240131_Evaluation_131__Climate___Resi.pdf,UNDP|Government Agency,en,91,2023,Americas,SDG13|SDG1|SDG6,UNDP ERC,Economic Development,Evaluation 131: Climate & Resilience Project - Year 2023
Kenya,UNDP-EVAL-20240132,https://erc.undp.org/api/documents/132/pdf,2025-11-19T15:45:43.643229,outcome,This evaluation examines the outcomes of development initiatives in the region. Key findings include improved capacity in 132 focus areas. Recommendations emphasize sustainability and local engagement.,/home/user/evidence-ai/data/raw/undp/documents/Africa/2022/undp_eval_20240132_Evaluation_132__Climate___Resi.pdf,UNDP|Ministry of Environment|Local NGO,en,92,2022,Africa,SDG14|SDG2|SDG7,UNDP ERC,Climate Action,Evaluation 132: Climate & Resilience Project - Year 2022
Tanzania,UNDP-EVAL-20240133,https://erc.undp.org/api/documents/133/pdf,2025-11-19T15:45:43.655120,thematic,This evaluation examines the outcomes of development initiatives in the region. Key findings include improved capacity in 133 focus areas. Recommendations emphasize sustainability and local engagement.,/home/user/evidence-ai/data/raw/undp/documents/Africa/2021/undp_eval_20240133_Evaluation_133__Climate___Resi.pdf,UNDP|Government Agency,en,93,2021,Africa,SDG15|SDG3|SDG8,UNDP ERC,Governance,Evaluation 133: Climate & Resilience Project - Year 2021
Uganda,UNDP-EVAL-20240134,https://erc.undp.org/api/documents/134/pdf,2025-11-19T15:45:43.666902,project,This evaluation examines the outcomes of development initiatives in the region. Key findings include improved capacity in 134 focus areas. Recommendations emphasize sustainability and local engagement.,/home/user/evidence-ai/data/raw/undp/documents/Africa/2020/undp_eval_20240134_Evaluation_134__Climate___Resi.pdf,UNDP|Ministry of Environment|Local NGO,en,94,2020,Africa,SDG16|SDG4|SDG9,UNDP ERC,Gender Equality,Evaluation 134: Climate & Resilience Project - Year 2020
Ethiopia,UNDP-EVAL-20240135,https://erc.undp.org/api/documents/135/pdf,2025-11-19T15:45:43.678779,outcome,This evaluation examines the outcomes of development initiatives in the region. Key findings include improved capacity in 135 focus areas. Recommendations emphasize sustainability and local engagement.,/home/user/evidence-ai/data/raw/undp/documents/Africa/2019/undp_eval_20240135_Evaluation_135__Climate___Resi.pdf,UNDP|Government Agency,en,95,2019,Africa,SDG17|SDG5|SDG10,UNDP ERC,Resilience,Evaluation 135: Climate & Resilience Project - Year 2019
Nigeria,UNDP-EVAL-20240136,https://erc.undp.org/api/documents/136/pdf,2025-11-19T15:45:43.690570,thematic,This evaluation examines the outcomes of development initiatives in the region. Key findings include improved capacity in 136 focus areas. Recommendations emphasize sustainability and local engagement.,/home/user/evidence-ai/data/raw/undp/documents/Africa/2018/undp_eval_20240136_Evaluation_136__Climate___Resi.pdf,UNDP|Ministry of Environment|Local NGO,en,96,2018,Africa,SDG1|SDG6|SDG11,UNDP ERC,Environment,Evaluation 136: Climate & Resilience Project - Year 2018
Ghana,UNDP-EVAL-20240137,https://erc.undp.org/api/documents/137/pdf,2025-11-19T15:45:43.702372,project,This evaluation examines the outcomes of development initiatives in the region. Key findings include improved capacity in 137 focus areas. Recommendations emphasize sustainability and local engagement.,/home/user/evidence-ai/data/raw/undp/documents/Africa/2017/undp_eval_20240137_Evaluation_137__Climate___Resi.pdf,UNDP|Government Agency,en,97,2017,Africa,SDG2|SDG7|SDG12,UNDP ERC,Economic Development,Evaluation 137: Climate & Resilience Project - Year 2017
Senegal,UNDP-EVAL-20240138,https://erc.undp.org/api/documents/138/pdf,2025-11-19T15:45:43.713196,outcome,This evaluation examines the outcomes of development initiatives in the region. Key findings include improved capacity in 138 focus areas. Recommendations emphasize sustainability and local engagement.,/home/user/evidence-ai/data/raw/undp/documents/Africa/2016/undp_eval_20240138_Evaluation_138__Climate___Resi.pdf,UNDP|Ministry of Environment|Local NGO,en,98,2016,Africa,SDG3|SDG8|SDG13,UNDP ERC,Climate Action,Evaluation 138: Climate & Resilience Project - Year 2016
Bangladesh,UNDP-EVAL-20240139,https://erc.undp.org/api/documents/139/pdf,2025-11-19T15:45:43.725045,thematic,This evaluation examines the outcomes of development initiatives in the region. Key findings include improved capacity in 139 focus areas. Recommendations emphasize sustainability and local engagement.,/home/user/evidence-ai/data/raw/undp/documents/Asia/2015/undp_eval_20240139_Evaluation_139__Climate___Resi.pdf,UNDP|Government Agency,en,99,2015,Asia,SDG4|SDG9|SDG14,UNDP ERC,Governance,Evaluation 139: Climate & Resilience Project - Year 2015
India,UNDP-EVAL-20240140,https://erc.undp.org/api/documents/140/pdf,2025-11-19T15:45:43.736912,project,This evaluation examines the outcomes of development initiatives in the region. Key findings include improved capacity in 140 focus areas. Recommendations emphasize sustainability and local engagement.,/home/user/evidence-ai/data/raw/undp/documents/Asia/2024/undp_eval_20240140_Evaluation_140__Climate___Resi.pdf,UNDP|Ministry of Environment|Local NGO,en,100,2024,Asia,SDG5|SDG10|SDG15,UNDP ERC,Gender Equality,Evaluation 140: Climate & Resilience Project - Year 2024
Vietnam,UNDP-EVAL-20240141,https://erc.undp.org/api/documents/141/pdf,2025-11-19T15:45:43.748695,outcome,This evaluation examines the outcomes of development initiatives in the region. Key findings include improved capacity in 141 focus areas. Recommendations emphasize sustainability and local engagement.,/home/user/evidence-ai/data/raw/undp/documents/Asia/2023/undp_eval_20240141_Evaluation_141__Climate___Resi.pdf,UNDP|Government Agency,en,101,2023,Asia,SDG6|SDG11|SDG16,UNDP ERC,Resilience,Evaluation 141: Climate & Resilience Project - Year 2023
Brazil,UNDP-EVAL-20240142,https://erc.undp.org/api/documents/142/pdf,2025-11-19T15:45:43.760590,thematic,This evaluation examines the outcomes of development initiatives in the region. Key findings include improved capacity in 142 focus areas. Recommendations emphasize sustainability and local engagement.,/home/user/evidence-ai/data/raw/undp/documents/Americas/2022/undp_eval_20240142_Evaluation_142__Climate___Resi.pdf,UNDP|Ministry of Environment|Local NGO,en,102,2022,Americas,SDG7|SDG12|SDG17,UNDP ERC,Environment,Evaluation 142: Climate & Resilience Project - Year 2022
Colombia,UNDP-EVAL-20240143,https://erc.undp.org/api/documents/143/pdf,2025-11-19T15:45:43.771267,project,This evaluation examines the outcomes of development initiatives in the region. Key findings include improved capacity in 143 focus areas. Recommendations emphasize sustainability and local engagement.,/home/user/evidence-ai/data/raw/undp/documents/Americas/2021/undp_eval_20240143_Evaluation_143__Climate___Resi.pdf,UNDP|Government Agency,en,103,2021,Americas,SDG8|SDG13|SDG1,UNDP ERC,Economic Development,Evaluation 143: Climate & Resilience Project - Year 2021
Kenya,UNDP-EVAL-20240144,https://erc.undp.org/api/documents/144/pdf,2025-11-19T15:45:43.782060,outcome,This evaluation examines the outcomes of development initiatives in the region. Key findings include improved capacity in 144 focus areas. Recommendations emphasize sustainability and local engagement.,/home/user/evidence-ai/data/raw/undp/documents/Africa/2020/undp_eval_20240144_Evaluation_144__Climate___Resi.pdf,UNDP|Ministry of Environment|Local NGO,en,104,2020,Africa,SDG9|SDG14|SDG2,UNDP ERC,Climate Action,Evaluation 144: Climate & Resilience Project - Year 2020
Tanzania,UNDP-EVAL-20240145,https://erc.undp.org/api/documents/145/pdf,2025-11-19T15:45:43.792920,thematic,This evaluation examines the outcomes of development initiatives in the region. Key findings include improved capacity in 145 focus areas. Recommendations emphasize sustainability and local engagement.,/home/user/evidence-ai/data/raw/undp/documents/Africa/2019/undp_eval_20240145_Evaluation_145__Climate___Resi.pdf,UNDP|Government Agency,en,105,2019,Africa,SDG10|SDG15|SDG3,UNDP ERC,Governance,Evaluation 145: Climate & Resilience Project - Year 2019
Uganda,UNDP-EVAL-20240146,https://erc.undp.org/api/documents/146/pdf,2025-11-19T15:45:43.804677,project,This evaluation examines the outcomes of development initiatives in the region. Key findings include improved capacity in 146 focus areas. Recommendations emphasize sustainability and local engagement.,/home/user/evidence-ai/data/raw/undp/documents/Africa/2018/undp_eval_20240146_Evaluation_146__Climate___Resi.pdf,UNDP|Ministry of Environment|Local NGO,en,106,2018,Africa,SDG11|SDG16|SDG4,UNDP ERC,Gender Equality,Evaluation 146: Climate & Resilience Project - Year 2018
Ethiopia,UNDP-EVAL-20240147,https://erc.undp.org/api/documents/147/pdf,2025-11-19T15:45:43.816553,outcome,This evaluation examines the outcomes of development initiatives in the region. Key findings include improved capacity in 147 focus areas. Recommendations emphasize sustainability and local engagement.,/home/user/evidence-ai/data/raw/undp/documents/Africa/2017/undp_eval_20240147_Evaluation_147__Climate___Resi.pdf,UNDP|Government Agency,en,107,2017,Africa,SDG12|SDG17|SDG5,UNDP ERC,Resilience,Evaluation 147: Climate & Resilience Project - Year 2017
Nigeria,UNDP-EVAL-20240148,https://erc.undp.org/api/documents/148/pdf,2025-11-19T15:45:43.828323,thematic,This evaluation examines the outcomes of development initiatives in the region. Key findings include improved capacity in 148 focus areas. Recommendations emphasize sustainability and local engagement.,/home/user/evidence-ai/data/raw/undp/documents/Africa/2016/undp_eval_20240148_Evaluation_148__Climate___Resi.pdf,UNDP|Ministry of Environment|Local NGO,en,108,2016,Africa,SDG13|SDG1|SDG6,UNDP ERC,Environment,Evaluation 148: Climate & Resilience Project - Year 2016
Ghana,UNDP-EVAL-20240149,https://erc.undp.org/api/documents/149/pdf,2025-11-19T15:45:43.839071,project,This evaluation examines the outcomes of development initiatives in the region. Key findings include improved capacity in 149 focus areas. Recommendations emphasize sustainability and local engagement.,/home/user/evidence-ai/data/raw/undp/documents/Africa/2015/undp_eval_20240149_Evaluation_149__Climate___Resi.pdf,UNDP|Government Agency,en,109,2015,Africa,SDG14|SDG2|SDG7,UNDP ERC,Economic Development,Evaluation 149: Climate & Resilience Project - Year 2015
Senegal,UNDP-EVAL-20240150,https://erc.undp.org/api/documents/150/pdf,2025-11-19T15:45:43.849950,outcome,This evaluation examines the outcomes of development initiatives in the region. Key findings include improved capacity in 150 focus areas. Recommendations emphasize sustainability and local engagement.,/home/user/evidence-ai/data/raw/undp/documents/Africa/2024/undp_eval_20240150_Evaluation_150__Climate___Resi.pdf,UNDP|Ministry of Environment|Local NGO,en,110,2024,Africa,SDG15|SDG3|SDG8,UNDP ERC,Climate Action,Evaluation 150: Climate & Resilience Project - Year 2024
Bangladesh,UNDP-EVAL-20240151,https://erc.undp.org/api/documents/151/pdf,2025-11-19T15:45:43.861773,thematic,This evaluation examines the outcomes of development initiatives in the region. Key findings include improved capacity in 151 focus areas. Recommendations emphasize sustainability and local engagement.,/home/user/evidence-ai/data/raw/undp/documents/Asia/2023/undp_eval_20240151_Evaluation_151__Climate___Resi.pdf,UNDP|Government Agency,en,111,2023,Asia,SDG16|SDG4|SDG9,UNDP ERC,Governance,Evaluation 151: Climate & Resilience Project - Year 2023
India,UNDP-EVAL-20240152,https://erc.undp.org/api/documents/152/pdf,2025-11-19T15:45:43.873392,project,This evaluation examines the outcomes of development initiatives in the region. Key findings include improved capacity in 152 focus areas. Recommendations emphasize sustainability and local engagement.,/home/user/evidence-ai/data/raw/undp/documents/Asia/2022/undp_eval_20240152_Evaluation_152__Climate___Resi.pdf,UNDP|Ministry of Environment|Local NGO,en,112,2022,Asia,SDG17|SDG5|SDG10,UNDP ERC,Gender Equality,Evaluation 152: Climate & Resilience Project - Year 2022
Vietnam,UNDP-EVAL-20240153,https://erc.undp.org/api/documents/153/pdf,2025-11-19T15:45:43.884309,outcome,This evaluation examines the outcomes of development initiatives in the region. Key findings include improved capacity in 153 focus areas. Recommendations emphasize sustainability and local engagement.,/home/user/evidence-ai/data/raw/undp/documents/Asia/2021/undp_eval_20240153_Evaluation_153__Climate___Resi.pdf,UNDP|Government Agency,en,113,2021,Asia,SDG1|SDG6|SDG11,UNDP ERC,Resilience,Evaluation 153: Climate & Resilience Project - Year 2021
Brazil,UNDP-EVAL-20240154,https://erc.undp.org/api/documents/154/pdf,2025-11-19T15:45:43.896092,thematic,This evaluation examines the outcomes of development initiatives in the region. Key findings include improved capacity in 154 focus areas. Recommendations emphasize sustainability and local engagement.,/home/user/evidence-ai/data/raw/undp/documents/Americas/2020/undp_eval_20240154_Evaluation_154__Climate___Resi.pdf,UNDP|Ministry of Environment|Local NGO,en,114,2020,Americas,SDG2|SDG7|SDG12,UNDP ERC,Environment,Evaluation 154: Climate & Resilience Project - Year 2020
Colombia,UNDP-EVAL-20240155,https://erc.undp.org/api/documents/155/pdf,2025-11-19T15:45:43.907802,project,This evaluation examines the outcomes of development initiatives in the region. Key findings include improved capacity in 155 focus areas. Recommendations emphasize sustainability and local engagement.,/home/user/evidence-ai/data/raw/undp/documents/Americas/2019/undp_eval_20240155_Evaluation_155__Climate___Resi.pdf,UNDP|Government Agency,en,115,2019,Americas,SDG3|SDG8|SDG13,UNDP ERC,Economic Development,Evaluation 155: Climate & Resilience Project - Year 2019
Kenya,UNDP-EVAL-20240156,https://erc.undp.org/api/documents/156/pdf,2025-11-19T15:45:43.918613,outcome,This evaluation examines the outcomes of development initiatives in the region. Key findings include improved capacity in 156 focus areas. Recommendations emphasize sustainability and local engagement.,/home/user/evidence-ai/data/raw/undp/documents/Africa/2018/undp_eval_20240156_Evaluation_156__Climate___Resi.pdf,UNDP|Ministry of Environment|Local NGO,en,116,2018,Africa,SDG4|SDG9|SDG14,UNDP ERC,Climate Action,Evaluation 156: Climate & Resilience Project - Year 2018
Tanzania,UNDP-EVAL-20240157,https://erc.undp.org/api/documents/157/pdf,2025-11-19T15:45:43.929437,thematic,This evaluation examines the outcomes of development initiatives in the region. Key findings include improved capacity in 157 focus areas. Recommendations emphasize sustainability and local engagement.,/home/user/evidence-ai/data/raw/undp/documents/Africa/2017/undp_eval_20240157_Evaluation_157__Climate___Resi.pdf,UNDP|Government Agency,en,117,2017,Africa,SDG5|SDG10|SDG15,UNDP ERC,Governance,Evaluation 157: Climate & Resilience Project - Year 2017
Uganda,UNDP-EVAL-20240158,https://erc.undp.org/api/documents/158/pdf,2025-11-19T15:45:43.941127,project,This evaluation examines the outcomes of development initiatives in the region. Key findings include improved capacity in 158 focus areas. Recommendations emphasize sustainability and local engagement.,/home/user/evidence-ai/data/raw/undp/documents/Africa/2016/undp_eval_20240158_Evaluation_158__Climate___Resi.pdf,UNDP|Ministry of Environment|Local NGO,en,118,2016,Africa,SDG6|SDG11|SDG16,UNDP ERC,Gender Equality,Evaluation 158: Climate & Resilience Project - Year 2016
Ethiopia,UNDP-EVAL-20240159,https://erc.undp.org/api/documents/159/pdf,2025-11-19T15:45:43.952042,outcome,This evaluation examines the outcomes of development initiatives in the region. Key findings include improved capacity in 159 focus areas. Recommendations emphasize sustainability and local engagement.,/home/user/evidence-ai/data/raw/undp/documents/Africa/2015/undp_eval_20240159_Evaluation_159__Climate___Resi.pdf,UNDP|Government Agency,en,119,2015,Africa,SDG7|SDG12|SDG17,UNDP ERC,Resilience,Evaluation 159: Climate & Resilience Project - Year 2015
Nigeria,UNDP-EVAL-20240160,https://erc.undp.org/api/documents/160/pdf,2025-11-19T15:45:43.964087,thematic,This evaluation examines the outcomes of development initiatives in the region. Key findings include improved capacity in 160 focus areas. Recommendations emphasize sustainability and local engagement.,/home/user/evidence-ai/data/raw/undp/documents/Africa/2024/undp_eval_20240160_Evaluation_160__Climate___Resi.pdf,UNDP|Ministry of Environment|Local NGO,en,40,2024,Africa,SDG8|SDG13|SDG1,UNDP ERC,Environment,Evaluation 160: Climate & Resilience Project - Year 2024
Ghana,UNDP-EVAL-20240161,https://erc.undp.org/api/documents/161/pdf,2025-11-19T15:45:43.975995,project,This evaluation examines the outcomes of development initiatives in the region. Key findings include improved capacity in 161 focus areas. Recommendations emphasize sustainability and local engagement.,/home/user/evidence-ai/data/raw/undp/documents/Africa/2023/undp_eval_20240161_Evaluation_161__Climate___Resi.pdf,UNDP|Government Agency,en,41,2023,Africa,SDG9|SDG14|SDG2,UNDP ERC,Economic Development,Evaluation 161: Climate & Resilience Project - Year 2023
Senegal,UNDP-EVAL-20240162,https://erc.undp.org/api/documents/162/pdf,2025-11-19T15:45:43.987793,outcome,This evaluation examines the outcomes of development initiatives in the region. Key findings include improved capacity in 162 focus areas. Recommendations emphasize sustainability and local engagement.,/home/user/evidence-ai/data/raw/undp/documents/Africa/2022/undp_eval_20240162_Evaluation_162__Climate___Resi.pdf,UNDP|Ministry of Environment|Local NGO,en,42,2022,Africa,SDG10|SDG15|SDG3,UNDP ERC,Climate Action,Evaluation 162: Climate & Resilience Project - Year 2022
Bangladesh,UNDP-EVAL-20240163,https://erc.undp.org/api/documents/163/pdf,2025-11-19T15:45:43.999463,thematic,This evaluation examines the outcomes of development initiatives in the region. Key findings include improved capacity in 163 focus areas. Recommendations emphasize sustainability and local engagement.,/home/user/evidence-ai/data/raw/undp/documents/Asia/2021/undp_eval_20240163_Evaluation_163__Climate___Resi.pdf,UNDP|Government Agency,en,43,2021,Asia,SDG11|SDG16|SDG4,UNDP ERC,Governance,Evaluation 163: Climate & Resilience Project - Year 2021
India,UNDP-EVAL-20240164,https://erc.undp.org/api/documents/164/pdf,2025-11-19T15:45:44.010236,project,This evaluation examines the outcomes of development initiatives in the region. Key findings include improved capacity in 164 focus areas. Recommendations emphasize sustainability and local engagement.,/home/user/evidence-ai/data/raw/undp/documents/Asia/2020/undp_eval_20240164_Evaluation_164__Climate___Resi.pdf,UNDP|Ministry of Environment|Local NGO,en,44,2020,Asia,SDG12|SDG17|SDG5,UNDP ERC,Gender Equality,Evaluation 164: Climate & Resilience Project - Year 2020
Vietnam,UNDP-EVAL-20240165,https://erc.undp.org/api/documents/165/pdf,2025-11-19T15:45:44.021199,outcome,This evaluation examines the outcomes of development initiatives in the region. Key findings include improved capacity in 165 focus areas. Recommendations emphasize sustainability and local engagement.,/home/user/evidence-ai/data/raw/undp/documents/Asia/2019/undp_eval_20240165_Evaluation_165__Climate___Resi.pdf,UNDP|Government Agency,en,45,2019,Asia,SDG13|SDG1|SDG6,UNDP ERC,Resilience,Evaluation 165: Climate & Resilience Project - Year 2019
Brazil,UNDP-EVAL-20240166,https://erc.undp.org/api/documents/166/pdf,2025-11-19T15:45:44.033049,thematic,This evaluation examines the outcomes of development initiatives in the region. Key findings include improved capacity in 166 focus areas. Recommendations emphasize sustainability and local engagement.,/home/user/evidence-ai/data/raw/undp/documents/Americas/2018/undp_eval_20240166_Evaluation_166__Climate___Resi.pdf,UNDP|Ministry of Environment|Local NGO,en,46,2018,Americas,SDG14|SDG2|SDG7,UNDP ERC,Environment,Evaluation 166: Climate & Resilience Project - Year 2018
Colombia,UNDP-EVAL-20240167,https://erc.undp.org/api/documents/167/pdf,2025-11-19T15:45:44.044931,project,This evaluation examines the outcomes of development initiatives in the region. Key findings include improved capacity in 167 focus areas. Recommendations emphasize sustainability and local engagement.,/home/user/evidence-ai/data/raw/undp/documents/Americas/2017/undp_eval_20240167_Evaluation_167__Climate___Resi.pdf,UNDP|Government Agency,en,47,2017,Americas,SDG15|SDG3|SDG8,UNDP ERC,Economic Development,Evaluation 167: Climate & Resilience Project - Year 2017
Kenya,UNDP-EVAL-20240168,https://erc.undp.org/api/documents/168/pdf,2025-11-19T15:45:44.055925,outcome,This evaluation examines the outcomes of development initiatives in the region. Key findings include improved capacity in 168 focus areas. Recommendations emphasize sustainability and local engagement.,/home/user/evidence-ai/data/raw/undp/documents/Africa/2016/undp_eval_20240168_Evaluation_168__Climate___Resi.pdf,UNDP|Ministry of Environment|Local NGO,en,48,2016,Africa,SDG16|SDG4|SDG9,UNDP ERC,Climate Action,Evaluation 168: Climate & Resilience Project - Year 2016
Tanzania,UNDP-EVAL-20240169,https://erc.undp.org/api/documents/169/pdf,2025-11-19T15:45:44.067702,thematic,This evaluation examines the outcomes of development initiatives in the region. Key findings include improved capacity in 169 focus areas. Recommendations emphasize sustainability and local engagement.,/home/user/evidence-ai/data/raw/undp/documents/Africa/2015/undp_eval_20240169_Evaluation_169__Climate___Resi.pdf,UNDP|Government Agency,en,49,2015,Africa,SDG17|SDG5|SDG10,UNDP ERC,Governance,Evaluation 169: Climate & Resilience Project - Year 2015
Uganda,UNDP-EVAL-20240170,https://erc.undp.org/api/documents/170/pdf,2025-11-19T15:45:44.078518,project,This evaluation examines the outcomes of development initiatives in the region. Key findings include improved capacity in 170 focus areas. Recommendations emphasize sustainability and local engagement.,/home/user/evidence-ai/data/raw/undp/documents/Africa/2024/undp_eval_20240170_Evaluation_170__Climate___Resi.pdf,UNDP|Ministry of Environment|Local NGO,en,50,2024,Africa,SDG1|SDG6|SDG11,UNDP ERC,Gender Equality,Evaluation 170: Climate & Resilience Project - Year 2024
Ethiopia,UNDP-EVAL-20240171,https://erc.undp.org/api/documents/171/pdf,2025-11-19T15:45:44.090258,outcome,This evaluation examines the outcomes of development initiatives in the region. Key findings include improved capacity in 171 focus areas. Recommendations emphasize sustainability and local engagement.,/home/user/evidence-ai/data/raw/undp/documents/Africa/2023/undp_eval_20240171_Evaluation_171__Climate___Resi.pdf,UNDP|Government Agency,en,51,2023,Africa,SDG2|SDG7|SDG12,UNDP ERC,Resilience,Evaluation 171: Climate & Resilience Project - Year 2023
Nigeria,UNDP-EVAL-20240172,https://erc.undp.org/api/documents/172/pdf,2025-11-19T15:45:44.100988,thematic,This evaluation examines the outcomes of development initiatives in the region. Key findings include improved capacity in 172 focus areas. Recommendations emphasize sustainability and local engagement.,/home/user/evidence-ai/data/raw/undp/documents/Africa/2022/undp_eval_20240172_Evaluation_172__Climate___Resi.pdf,UNDP|Ministry of Environment|Local NGO,en,52,2022,Africa,SDG3|SDG8|SDG13,UNDP ERC,Environment,Evaluation 172: Climate & Resilience Project - Year 2022
Ghana,UNDP-EVAL-20240173,https://erc.undp.org/api/documents/173/pdf,2025-11-19T15:45:44.111738,project,This evaluation examines the outcomes of development initiatives in the region. Key findings include improved capacity in 173 focus areas. Recommendations emphasize sustainability and local engagement.,/home/user/evidence-ai/data/raw/undp/documents/Africa/2021/undp_eval_20240173_Evaluation_173__Climate___Resi.pdf,UNDP|Government Agency,en,53,2021,Africa,SDG4|SDG9|SDG14,UNDP ERC,Economic Development,Evaluation 173: Climate & Resilience Project - Year 2021
Senegal,UNDP-EVAL-20240174,https://erc.undp.org/api/documents/174/pdf,2025-11-19T15:45:44.122516,outcome,This evaluation examines the outcomes of development initiatives in the region. Key findings include improved capacity in 174 focus areas. Recommendations emphasize sustainability and local engagement.,/home/user/evidence-ai/data/raw/undp/documents/Africa/2020/undp_eval_20240174_Evaluation_174__Climate___Resi.pdf,UNDP|Ministry of Environment|Local NGO,en,54,2020,Africa,SDG5|SDG10|SDG15,UNDP ERC,Climate Action,Evaluation 174: Climate & Resilience Project - Year 2020
Bangladesh,UNDP-EVAL-20240175,https://erc.undp.org/api/documents/175/pdf,2025-11-19T15:45:44.133437,thematic,This evaluation examines the outcomes of development initiatives in the region. Key findings include improved capacity in 175 focus areas. Recommendations emphasize sustainability and local engagement.,/home/user/evidence-ai/data/raw/undp/documents/Asia/2019/undp_eval_20240175_Evaluation_175__Climate___Resi.pdf,UNDP|Government Agency,en,55,2019,Asia,SDG6|SDG11|SDG16,UNDP ERC,Governance,Evaluation 175: Climate & Resilience Project - Year 2019
India,UNDP-EVAL-20240176,https://erc.undp.org/api/documents/176/pdf,2025-11-19T15:45:44.145213,project,This evaluation examines the outcomes of development initiatives in the region. Key findings include improved capacity in 176 focus areas. Recommendations emphasize sustainability and local engagement.,/home/user/evidence-ai/data/raw/undp/documents/Asia/2018/undp_eval_20240176_Evaluation_176__Climate___Resi.pdf,UNDP|Ministry of Environment|Local NGO,en,56,2018,Asia,SDG7|SDG12|SDG17,UNDP ERC,Gender Equality,Evaluation 176: Climate & Resilience Project - Year 2018
Vietnam,UNDP-EVAL-20240177,https://erc.undp.org/api/documents/177/pdf,2025-11-19T15:45:44.156018,outcome,This evaluation examines the outcomes of development initiatives in the region. Key findings include improved capacity in 177 focus areas. Recommendations emphasize sustainability and local engagement.,/home/user/evidence-ai/data/raw/undp/documents/Asia/2017/undp_eval_20240177_Evaluation_177__Climate___Resi.pdf,UNDP|Government Agency,en,57,2017,Asia,SDG8|SDG13|SDG1,UNDP ERC,Resilience,Evaluation 177: Climate & Resilience Project - Year 2017
Brazil,UNDP-EVAL-20240178,https://erc.undp.org/api/documents/178/pdf,2025-11-19T15:45:44.167848,thematic,This evaluation examines the outcomes of development initiatives in the region. Key findings include improved capacity in 178 focus areas. Recommendations emphasize sustainability and local engagement.,/home/user/evidence-ai/data/raw/undp/documents/Americas/2016/undp_eval_20240178_Evaluation_178__Climate___Resi.pdf,UNDP|Ministry of Environment|Local NGO,en,58,2016,Americas,SDG9|SDG14|SDG2,UNDP ERC,Environment,Evaluation 178: Climate & Resilience Project - Year 2016
Colombia,UNDP-EVAL-20240179,https://erc.undp.org/api/documents/179/pdf,2025-11-19T15:45:44.179640,project,This evaluation examines the outcomes of development initiatives in the region. Key findings include improved capacity in 179 focus areas. Recommendations emphasize sustainability and local engagement.,/home/user/evidence-ai/data/raw/undp/documents/Americas/2015/undp_eval_20240179_Evaluation_179__Climate___Resi.pdf,UNDP|Government Agency,en,59,2015,Americas,SDG10|SDG15|SDG3,UNDP ERC,Economic Development,Evaluation 179: Climate & Resilience Project - Year 2015
Kenya,UNDP-EVAL-20240180,https://erc.undp.org/api/documents/180/pdf,2025-11-19T15:45:44.191428,outcome,This evaluation examines the outcomes of development initiatives in the region. Key findings include improved capacity in 180 focus areas. Recommendations emphasize sustainability and local engagement.,/home/user/evidence-ai/data/raw/undp/documents/Africa/2024/undp_eval_20240180_Evaluation_180__Climate___Resi.pdf,UNDP|Ministry of Environment|Local NGO,en,60,2024,Africa,SDG11|SDG16|SDG4,UNDP ERC,Climate Action,Evaluation 180: Climate & Resilience Project - Year 2024
Tanzania,UNDP-EVAL-20240181,https://erc.undp.org/api/documents/181/pdf,2025-11-19T15:45:44.202242,thematic,This evaluation examines the outcomes of development initiatives in the region. Key findings include improved capacity in 181 focus areas. Recommendations emphasize sustainability and local engagement.,/home/user/evidence-ai/data/raw/undp/documents/Africa/2023/undp_eval_20240181_Evaluation_181__Climate___Resi.pdf,UNDP|Government Agency,en,61,2023,Africa,SDG12|SDG17|SDG5,UNDP ERC,Governance,Evaluation 181: Climate & Resilience Project - Year 2023
Uganda,UNDP-EVAL-20240182,https://erc.undp.org/api/documents/182/pdf,2025-11-19T15:45:44.213054,project,This evaluation examines the outcomes of development initiatives in the region. Key findings include improved capacity in 182 focus areas. Recommendations emphasize sustainability and local engagement.,/home/user/evidence-ai/data/raw/undp/documents/Africa/2022/undp_eval_20240182_Evaluation_182__Climate___Resi.pdf,UNDP|Ministry of Environment|Local NGO,en,62,2022,Africa,SDG13|SDG1|SDG6,UNDP ERC,Gender Equality,Evaluation 182: Climate & Resilience Project - Year 2022
Ethiopia,UNDP-EVAL-20240183,https://erc.undp.org/api/documents/183/pdf,2025-11-19T15:45:44.224848,outcome,This evaluation examines the outcomes of development initiatives in the region. Key findings include improved capacity in 183 focus areas. Recommendations emphasize sustainability and local engagement.,/home/user/evidence-ai/data/raw/undp/documents/Africa/2021/undp_eval_20240183_Evaluation_183__Climate___Resi.pdf,UNDP|Government Agency,en,63,2021,Africa,SDG14|SDG2|SDG7,UNDP ERC,Resilience,Evaluation 183: Climate & Resilience Project - Year 2021
Nigeria,UNDP-EVAL-20240184,https://erc.undp.org/api/documents/184/pdf,2025-11-19T15:45:44.236648,thematic,This evaluation examines the outcomes of development initiatives in the region. Key findings include improved capacity in 184 focus areas. Recommendations emphasize sustainability and local engagement.,/home/user/evidence-ai/data/raw/undp/documents/Africa/2020/undp_eval_20240184_Evaluation_184__Climate___Resi.pdf,UNDP|Ministry of Environment|Local NGO,en,64,2020,Africa,SDG15|SDG3|SDG8,UNDP ERC,Environment,Evaluation 184: Climate & Resilience Project - Year 2020
Ghana,UNDP-EVAL-20240185,https://erc.undp.org/api/documents/185/pdf,2025-11-19T15:45:44.248590,project,This evaluation examines the outcomes of development initiatives in the region. Key findings include improved capacity in 185 focus areas. Recommendations emphasize sustainability and local engagement.,/home/user/evidence-ai/data/raw/undp/documents/Africa/2019/undp_eval_20240185_Evaluation_185__Climate___Resi.pdf,UNDP|Government Agency,en,65,2019,Africa,SDG16|SDG4|SDG9,UNDP ERC,Economic Development,Evaluation 185: Climate & Resilience Project - Year 2019
Senegal,UNDP-EVAL-20240186,https://erc.undp.org/api/documents/186/pdf,2025-11-19T15:45:44.260163,outcome,This evaluation examines the outcomes of development initiatives in the region. Key findings include improved capacity in 186 focus areas. Recommendations emphasize sustainability and local engagement.,/home/user/evidence-ai/data/raw/undp/documents/Africa/2018/undp_eval_20240186_Evaluation_186__Climate___Resi.pdf,UNDP|Ministry of Environment|Local NGO,en,66,2018,Africa,SDG17|SDG5|SDG10,UNDP ERC,Climate Action,Evaluation 186: Climate & Resilience Project - Year 2018
Bangladesh,UNDP-EVAL-20240187,https://erc.undp.org/api/documents/187/pdf,2025-11-19T15:45:44.270988,thematic,This evaluation examines the outcomes of development initiatives in the region. Key findings include improved capacity in 187 focus areas. Recommendations emphasize sustainability and local engagement.,/home/user/evidence-ai/data/raw/undp/documents/Asia/2017/undp_eval_20240187_Evaluation_187__Climate___Resi.pdf,UNDP|Government Agency,en,67,2017,Asia,SDG1|SDG6|SDG11,UNDP ERC,Governance,Evaluation 187: Climate & Resilience Project - Year 2017
India,UNDP-EVAL-20240188,https://erc.undp.org/api/documents/188/pdf,2025-11-19T15:45:44.282787,project,This evaluation examines the outcomes of development initiatives in the region. Key findings include improved capacity in 188 focus areas. Recommendations emphasize sustainability and local engagement.,/home/user/evidence-ai/data/raw/undp/documents/Asia/2016/undp_eval_20240188_Evaluation_188__Climate___Resi.pdf,UNDP|Ministry of Environment|Local NGO,en,68,2016,Asia,SDG2|SDG7|SDG12,UNDP ERC,Gender Equality,Evaluation 188: Climate & Resilience Project - Year 2016
Vietnam,UNDP-EVAL-20240189,https://erc.undp.org/api/documents/189/pdf,2025-11-19T15:45:44.294555,outcome,This evaluation examines the outcomes of development initiatives in the region. Key findings include improved capacity in 189 focus areas. Recommendations emphasize sustainability and local engagement.,/home/user/evidence-ai/data/raw/undp/documents/Asia/2015/undp_eval_20240189_Evaluation_189__Climate___Resi.pdf,UNDP|Government Agency,en,69,2015,Asia,SDG3|SDG8|SDG13,UNDP ERC,Resilience,Evaluation 189: Climate & Resilience Project - Year 2015
Brazil,UNDP-EVAL-20240190,https://erc.undp.org/api/documents/190/pdf,2025-11-19T15:45:44.305298,thematic,This evaluation examines the outcomes of development initiatives in the region. Key findings include improved capacity in 190 focus areas. Recommendations emphasize sustainability and local engagement.,/home/user/evidence-ai/data/raw/undp/documents/Americas/2024/undp_eval_20240190_Evaluation_190__Climate___Resi.pdf,UNDP|Ministry of Environment|Local NGO,en,70,2024,Americas,SDG4|SDG9|SDG14,UNDP ERC,Environment,Evaluation 190: Climate & Resilience Project - Year 2024
Colombia,UNDP-EVAL-20240191,https://erc.undp.org/api/documents/191/pdf,2025-11-19T15:45:44.317011,project,This evaluation examines the outcomes of development initiatives in the region. Key findings include improved capacity in 191 focus areas. Recommendations emphasize sustainability and local engagement.,/home/user/evidence-ai/data/raw/undp/documents/Americas/2023/undp_eval_20240191_Evaluation_191__Climate___Resi.pdf,UNDP|Government Agency,en,71,2023,Americas,SDG5|SDG10|SDG15,UNDP ERC,Economic Development,Evaluation 191: Climate & Resilience Project - Year 2023
Kenya,UNDP-EVAL-20240192,https://erc.undp.org/api/documents/192/pdf,2025-11-19T15:45:44.327696,outcome,This evaluation examines the outcomes of development initiatives in the region. Key findings include improved capacity in 192 focus areas. Recommendations emphasize sustainability and local engagement.,/home/user/evidence-ai/data/raw/undp/documents/Africa/2022/undp_eval_20240192_Evaluation_192__Climate___Resi.pdf,UNDP|Ministry of Environment|Local NGO,en,72,2022,Africa,SDG6|SDG11|SDG16,UNDP ERC,Climate Action,Evaluation 192: Climate & Resilience Project - Year 2022
Tanzania,UNDP-EVAL-20240193,https://erc.undp.org/api/documents/193/pdf,2025-11-19T15:45:44.338652,thematic,This evaluation examines the outcomes of development initiatives in the region. Key findings include improved capacity in 193 focus areas. Recommendations emphasize sustainability and local engagement.,/home/user/evidence-ai/data/raw/undp/documents/Africa/2021/undp_eval_20240193_Evaluation_193__Climate___Resi.pdf,UNDP|Government Agency,en,73,2021,Africa,SDG7|SDG12|SDG17,UNDP ERC,Governance,Evaluation 193: Climate & Resilience Project - Year 2021
Uganda,UNDP-EVAL-20240194,https://erc.undp.org/api/documents/194/pdf,2025-11-19T15:45:44.350182,project,This evaluation examines the outcomes of development initiatives in the region. Key findings include improved capacity in 194 focus areas. Recommendations emphasize sustainability and local engagement.,/home/user/evidence-ai/data/raw/undp/documents/Africa/2020/undp_eval_20240194_Evaluation_194__Climate___Resi.pdf,UNDP|Ministry of Environment|Local NGO,en,74,2020,Africa,SDG8|SDG13|SDG1,UNDP ERC,Gender Equality,Evaluation 194: Climate & Resilience Project - Year 2020
Ethiopia,UNDP-EVAL-20240195,https://erc.undp.org/api/documents/195/pdf,2025-11-19T15:45:44.361057,outcome,This evaluation examines the outcomes of development initiatives in the region. Key findings include improved capacity in 195 focus areas. Recommendations emphasize sustainability and local engagement.,/home/user/evidence-ai/data/raw/undp/documents/Africa/2019/undp_eval_20240195_Evaluation_195__Climate___Resi.pdf,UNDP|Government Agency,en,75,2019,Africa,SDG9|SDG14|SDG2,UNDP ERC,Resilience,Evaluation 195: Climate & Resilience Project - Year 2019
Nigeria,UNDP-EVAL-20240196,https://erc.undp.org/api/documents/196/pdf,2025-11-19T15:45:44.371845,thematic,This evaluation examines the outcomes of development initiatives in the region. Key findings include improved capacity in 196 focus areas. Recommendations emphasize sustainability and local engagement.,/home/user/evidence-ai/data/raw/undp/documents/Africa/2018/undp_eval_20240196_Evaluation_196__Climate___Resi.pdf,UNDP|Ministry of Environment|Local NGO,en,76,2018,Africa,SDG10|SDG15|SDG3,UNDP ERC,Environment,Evaluation 196: Climate & Resilience Project - Year 2018
Ghana,UNDP-EVAL-20240197,https://erc.undp.org/api/documents/197/pdf,2025-11-19T15:45:44.383755,project,This evaluation examines the outcomes of development initiatives in the region. Key findings include improved capacity in 197 focus areas. Recommendations emphasize sustainability and local engagement.,/home/user/evidence-ai/data/raw/undp/documents/Africa/2017/undp_eval_20240197_Evaluation_197__Climate___Resi.pdf,UNDP|Government Agency,en,77,2017,Africa,SDG11|SDG16|SDG4,UNDP ERC,Economic Development,Evaluation 197: Climate & Resilience Project - Year 2017
Senegal,UNDP-EVAL-20240198,https://erc.undp.org/api/documents/198/pdf,2025-11-19T15:45:44.395624,outcome,This evaluation examines the outcomes of development initiatives in the region. Key findings include improved capacity in 198 focus areas. Recommendations emphasize sustainability and local engagement.,/home/user/evidence-ai/data/raw/undp/documents/Africa/2016/undp_eval_20240198_Evaluation_198__Climate___Resi.pdf,UNDP|Ministry of Environment|Local NGO,en,78,2016,Africa,SDG12|SDG17|SDG5,UNDP ERC,Climate Action,Evaluation 198: Climate & Resilience Project - Year 2016
Bangladesh,UNDP-EVAL-20240199,https://erc.undp.org/api/documents/199/pdf,2025-11-19T15:45:44.407439,thematic,This evaluation examines the outcomes of development initiatives in the region. Key findings include improved capacity in 199 focus areas. Recommendations emphasize sustainability and local engagement.,/home/user/evidence-ai/data/raw/undp/documents/Asia/2015/undp_eval_20240199_Evaluation_199__Climate___Resi.pdf,UNDP|Government Agency,en,79,2015,Asia,SDG13|SDG1|SDG6,UNDP ERC,Governance,Evaluation 199: Climate & Resilience Project - Year 2015
India,UNDP-EVAL-20240200,https://erc.undp.org/api/documents/200/pdf,2025-11-19T15:45:44.419446,project,This evaluation examines the outcomes of development initiatives in the region. Key findings include improved capacity in 200 focus areas. Recommendations emphasize sustainability and local engagement.,/home/user/evidence-ai/data/raw/undp/documents/Asia/2024/undp_eval_20240200_Evaluation_200__Climate___Resi.pdf,UNDP|Ministry of Environment|Local NGO,en,80,2024,Asia,SDG14|SDG2|SDG7,UNDP ERC,Gender Equality,Evaluation 200: Climate & Resilience Project - Year 2024
Vietnam,UNDP-EVAL-20240201,https://erc.undp.org/api/documents/201/pdf,2025-11-19T15:45:44.431211,outcome,This evaluation examines the outcomes of development initiatives in the region. Key findings include improved capacity in 201 focus areas. Recommendations emphasize sustainability and local engagement.,/home/user/evidence-ai/data/raw/undp/documents/Asia/2023/undp_eval_20240201_Evaluation_201__Climate___Resi.pdf,UNDP|Government Agency,en,81,2023,Asia,SDG15|SDG3|SDG8,UNDP ERC,Resilience,Evaluation 201: Climate & Resilience Project - Year 2023
Brazil,UNDP-EVAL-20240202,https://erc.undp.org/api/documents/202/pdf,2025-11-19T15:45:44.442845,thematic,This evaluation examines the outcomes of development initiatives in the region. Key findings include improved capacity in 202 focus areas. Recommendations emphasize sustainability and local engagement.,/home/user/evidence-ai/data/raw/undp/documents/Americas/2022/undp_eval_20240202_Evaluation_202__Climate___Resi.pdf,UNDP|Ministry of Environment|Local NGO,en,82,2022,Americas,SDG16|SDG4|SDG9,UNDP ERC,Environment,Evaluation 202: Climate & Resilience Project - Year 2022
Colombia,UNDP-EVAL-20240203,https://erc.undp.org/api/documents/203/pdf,2025-11-19T15:45:44.453775,project,This evaluation examines the outcomes of development initiatives in the region. Key findings include improved capacity in 203 focus areas. Recommendations emphasize sustainability and local engagement.,/home/user/evidence-ai/data/raw/undp/documents/Americas/2021/undp_eval_20240203_Evaluation_203__Climate___Resi.pdf,UNDP|Government Agency,en,83,2021,Americas,SDG17|SDG5|SDG10,UNDP ERC,Economic Development,Evaluation 203: Climate & Resilience Project - Year 2021
Kenya,UNDP-EVAL-20240204,https://erc.undp.org/api/documents/204/pdf,2025-11-19T15:45:44.465794,outcome,This evaluation examines the outcomes of development initiatives in the region. Key findings include improved capacity in 204 focus areas. Recommendations emphasize sustainability and local engagement.,/home/user/evidence-ai/data/raw/undp/documents/Africa/2020/undp_eval_20240204_Evaluation_204__Climate___Resi.pdf,UNDP|Ministry of Environment|Local NGO,en,84,2020,Africa,SDG1|SDG6|SDG11,UNDP ERC,Climate Action,Evaluation 204: Climate & Resilience Project - Year 2020
Tanzania,UNDP-EVAL-20240205,https://erc.undp.org/api/documents/205/pdf,2025-11-19T15:45:44.477446,thematic,This evaluation examines the outcomes of development initiatives in the region. Key findings include improved capacity in 205 focus areas. Recommendations emphasize sustainability and local engagement.,/home/user/evidence-ai/data/raw/undp/documents/Africa/2019/undp_eval_20240205_Evaluation_205__Climate___Resi.pdf,UNDP|Government Agency,en,85,2019,Africa,SDG2|SDG7|SDG12,UNDP ERC,Governance,Evaluation 205: Climate & Resilience Project - Year 2019
Uganda,UNDP-EVAL-20240206,https://erc.undp.org/api/documents/206/pdf,2025-11-19T15:45:44.489379,project,This evaluation examines the outcomes of development initiatives in the region. Key findings include improved capacity in 206 focus areas. Recommendations emphasize sustainability and local engagement.,/home/user/evidence-ai/data/raw/undp/documents/Africa/2018/undp_eval_20240206_Evaluation_206__Climate___Resi.pdf,UNDP|Ministry of Environment|Local NGO,en,86,2018,Africa,SDG3|SDG8|SDG13,UNDP ERC,Gender Equality,Evaluation 206: Climate & Resilience Project - Year 2018
Ethiopia,UNDP-EVAL-20240207,https://erc.undp.org/api/documents/207/pdf,2025-11-19T15:45:44.500265,outcome,This evaluation examines the outcomes of development initiatives in the region. Key findings include improved capacity in 207 focus areas. Recommendations emphasize sustainability and local engagement.,/home/user/evidence-ai/data/raw/undp/documents/Africa/2017/undp_eval_20240207_Evaluation_207__Climate___Resi.pdf,UNDP|Government Agency,en,87,2017,Africa,SDG4|SDG9|SDG14,UNDP ERC,Resilience,Evaluation 207: Climate & Resilience Project - Year 2017
Nigeria,UNDP-EVAL-20240208,https://erc.undp.org/api/documents/208/pdf,2025-11-19T15:45:44.512104,thematic,This evaluation examines the outcomes of development initiatives in the region. Key findings include improved capacity in 208 focus areas. Recommendations emphasize sustainability and local engagement.,/home/user/evidence-ai/data/raw/undp/documents/Africa/2016/undp_eval_20240208_Evaluation_208__Climate___Resi.pdf,UNDP|Ministry of Environment|Local NGO,en,88,2016,Africa,SDG5|SDG10|SDG15,UNDP ERC,Environment,Evaluation 208: Climate & Resilience Project - Year 2016
Ghana,UNDP-EVAL-20240209,https://erc.undp.org/api/documents/209/pdf,2025-11-19T15:45:44.522910,project,This evaluation examines the outcomes of development initiatives in the region. Key findings include improved capacity in 209 focus areas. Recommendations emphasize sustainability and local engagement.,/home/user/evidence-ai/data/raw/undp/documents/Africa/2015/undp_eval_20240209_Evaluation_209__Climate___Resi.pdf,UNDP|Government Agency,en,89,2015,Africa,SDG6|SDG11|SDG16,UNDP ERC,Economic Development,Evaluation 209: Climate & Resilience Project - Year 2015
Senegal,UNDP-EVAL-20240210,https://erc.undp.org/api/documents/210/pdf,2025-11-19T15:45:44.533945,outcome,This evaluation examines the outcomes of development initiatives in the region. Key findings include improved capacity in 210 focus areas. Recommendations emphasize sustainability and local engagement.,/home/user/evidence-ai/data/raw/undp/documents/Africa/2024/undp_eval_20240210_Evaluation_210__Climate___Resi.pdf,UNDP|Ministry of Environment|Local NGO,en,90,2024,Africa,SDG7|SDG12|SDG17,UNDP ERC,Climate Action,Evaluation 210: Climate & Resilience Project - Year 2024
Bangladesh,UNDP-EVAL-20240211,https://erc.undp.org/api/documents/211/pdf,2025-11-19T15:45:44.545638,thematic,This evaluation examines the outcomes of development initiatives in the region. Key findings include improved capacity in 211 focus areas. Recommendations emphasize sustainability and local engagement.,/home/user/evidence-ai/data/raw/undp/documents/Asia/2023/undp_eval_20240211_Evaluation_211__Climate___Resi.pdf,UNDP|Government Agency,en,91,2023,Asia,SDG8|SDG13|SDG1,UNDP ERC,Governance,Evaluation 211: Climate & Resilience Project - Year 2023
India,UNDP-EVAL-20240212,https://erc.undp.org/api/documents/212/pdf,2025-11-19T15:45:44.557607,project,This evaluation examines the outcomes of development initiatives in the region. Key findings include improved capacity in 212 focus areas. Recommendations emphasize sustainability and local engagement.,/home/user/evidence-ai/data/raw/undp/documents/Asia/2022/undp_eval_20240212_Evaluation_212__Climate___Resi.pdf,UNDP|Ministry of Environment|Local NGO,en,92,2022,Asia,SDG9|SDG14|SDG2,UNDP ERC,Gender Equality,Evaluation 212: Climate & Resilience Project - Year 2022
Vietnam,UNDP-EVAL-20240213,https://erc.undp.org/api/documents/213/pdf,2025-11-19T15:45:44.569415,outcome,This evaluation examines the outcomes of development initiatives in the region. Key findings include improved capacity in 213 focus areas. Recommendations emphasize sustainability and local engagement.,/home/user/evidence-ai/data/raw/undp/documents/Asia/2021/undp_eval_20240213_Evaluation_213__Climate___Resi.pdf,UNDP|Government Agency,en,93,2021,Asia,SDG10|SDG15|SDG3,UNDP ERC,Resilience,Evaluation 213: Climate & Resilience Project - Year 2021
Brazil,UNDP-EVAL-20240214,https://erc.undp.org/api/documents/214/pdf,2025-11-19T15:45:44.581248,thematic,This evaluation examines the outcomes of development initiatives in the region. Key findings include improved capacity in 214 focus areas. Recommendations emphasize sustainability and local engagement.,/home/user/evidence-ai/data/raw/undp/documents/Americas/2020/undp_eval_20240214_Evaluation_214__Climate___Resi.pdf,UNDP|Ministry of Environment|Local NGO,en,94,2020,Americas,SDG11|SDG16|SDG4,UNDP ERC,Environment,Evaluation 214: Climate & Resilience Project - Year 2020
Colombia,UNDP-EVAL-20240215,https://erc.undp.org/api/documents/215/pdf,2025-11-19T15:45:44.593436,project,This evaluation examines the outcomes of development initiatives in the region. Key findings include improved capacity in 215 focus areas. Recommendations emphasize sustainability and local engagement.,/home/user/evidence-ai/data/raw/undp/documents/Americas/2019/undp_eval_20240215_Evaluation_215__Climate___Resi.pdf,UNDP|Government Agency,en,95,2019,Americas,SDG12|SDG17|SDG5,UNDP ERC,Economic Development,Evaluation 215: Climate & Resilience Project - Year 2019
Kenya,UNDP-EVAL-20240216,https://erc.undp.org/api/documents/216/pdf,2025-11-19T15:45:44.605094,outcome,This evaluation examines the outcomes of development initiatives in the region. Key findings include improved capacity in 216 focus areas. Recommendations emphasize sustainability and local engagement.,/home/user/evidence-ai/data/raw/undp/documents/Africa/2018/undp_eval_20240216_Evaluation_216__Climate___Resi.pdf,UNDP|Ministry of Environment|Local NGO,en,96,2018,Africa,SDG13|SDG1|SDG6,UNDP ERC,Climate Action,Evaluation 216: Climate & Resilience Project - Year 2018
Tanzania,UNDP-EVAL-20240217,https://erc.undp.org/api/documents/217/pdf,2025-11-19T15:45:44.616951,thematic,This evaluation examines the outcomes of development initiatives in the region. Key findings include improved capacity in 217 focus areas. Recommendations emphasize sustainability and local engagement.,/home/user/evidence-ai/data/raw/undp/documents/Africa/2017/undp_eval_20240217_Evaluation_217__Climate___Resi.pdf,UNDP|Government Agency,en,97,2017,Africa,SDG14|SDG2|SDG7,UNDP ERC,Governance,Evaluation 217: Climate & Resilience Project - Year 2017
Uganda,UNDP-EVAL-20240218,https://erc.undp.org/api/documents/218/pdf,2025-11-19T15:45:44.629023,project,This evaluation examines the outcomes of development initiatives in the region. Key findings include improved capacity in 218 focus areas. Recommendations emphasize sustainability and local engagement.,/home/user/evidence-ai/data/raw/undp/documents/Africa/2016/undp_eval_20240218_Evaluation_218__Climate___Resi.pdf,UNDP|Ministry of Environment|Local NGO,en,98,2016,Africa,SDG15|SDG3|SDG8,UNDP ERC,Gender Equality,Evaluation 218: Climate & Resilience Project - Year 2016
Ethiopia,UNDP-EVAL-20240219,https://erc.undp.org/api/documents/219/pdf,2025-11-19T15:45:44.640961,outcome,This evaluation examines the outcomes of development initiatives in the region. Key findings include improved capacity in 219 focus areas. Recommendations emphasize sustainability and local engagement.,/home/user/evidence-ai/data/raw/undp/documents/Africa/2015/undp_eval_20240219_Evaluation_219__Climate___Resi.pdf,UNDP|Government Agency,en,99,2015,Africa,SDG16|SDG4|SDG9,UNDP ERC,Resilience,Evaluation 219: Climate & Resilience Project - Year 2015
Nigeria,UNDP-EVAL-20240220,https://erc.undp.org/api/documents/220/pdf,2025-11-19T15:45:44.652820,thematic,This evaluation examines the outcomes of development initiatives in the region. Key findings include improved capacity in 220 focus areas. Recommendations emphasize sustainability and local engagement.,/home/user/evidence-ai/data/raw/undp/documents/Africa/2024/undp_eval_20240220_Evaluation_220__Climate___Resi.pdf,UNDP|Ministry of Environment|Local NGO,en,100,2024,Africa,SDG17|SDG5|SDG10,UNDP ERC,Environment,Evaluation 220: Climate & Resilience Project - Year 2024
Ghana,UNDP-EVAL-20240221,https://erc.undp.org/api/documents/221/pdf,2025-11-19T15:45:44.664716,project,This evaluation examines the outcomes of development initiatives in the region. Key findings include improved capacity in 221 focus areas. Recommendations emphasize sustainability and local engagement.,/home/user/evidence-ai/data/raw/undp/documents/Africa/2023/undp_eval_20240221_Evaluation_221__Climate___Resi.pdf,UNDP|Government Agency,en,101,2023,Africa,SDG1|SDG6|SDG11,UNDP ERC,Economic Development,Evaluation 221: Climate & Resilience Project - Year 2023
Senegal,UNDP-EVAL-20240222,https://erc.undp.org/api/documents/222/pdf,2025-11-19T15:45:44.675658,outcome,This evaluation examines the outcomes of development initiatives in the region. Key findings include improved capacity in 222 focus areas. Recommendations emphasize sustainability and local engagement.,/home/user/evidence-ai/data/raw/undp/documents/Africa/2022/undp_eval_20240222_Evaluation_222__Climate___Resi.pdf,UNDP|Ministry of Environment|Local NGO,en,102,2022,Africa,SDG2|SDG7|SDG12,UNDP ERC,Climate Action,Evaluation 222: Climate & Resilience Project - Year 2022
Bangladesh,UNDP-EVAL-20240223,https://erc.undp.org/api/documents/223/pdf,2025-11-19T15:45:44.686638,thematic,This evaluation examines the outcomes of development initiatives in the region. Key findings include improved capacity in 223 focus areas. Recommendations emphasize sustainability and local engagement.,/home/user/evidence-ai/data/raw/undp/documents/Asia/2021/undp_eval_20240223_Evaluation_223__Climate___Resi.pdf,UNDP|Government Agency,en,103,2021,Asia,SDG3|SDG8|SDG13,UNDP ERC,Governance,Evaluation 223: Climate & Resilience Project - Year 2021
India,UNDP-EVAL-20240224,https://erc.undp.org/api/documents/224/pdf,2025-11-19T15:45:44.698559,project,This evaluation examines the outcomes of development initiatives in the region. Key findings include improved capacity in 224 focus areas. Recommendations emphasize sustainability and local engagement.,/home/user/evidence-ai/data/raw/undp/documents/Asia/2020/undp_eval_20240224_Evaluation_224__Climate___Resi.pdf,UNDP|Ministry of Environment|Local NGO,en,104,2020,Asia,SDG4|SDG9|SDG14,UNDP ERC,Gender Equality,Evaluation 224: Climate & Resilience Project - Year 2020
Vietnam,UNDP-EVAL-20240225,https://erc.undp.org/api/documents/225/pdf,2025-11-19T15:45:44.710534,outcome,This evaluation examines the outcomes of development initiatives in the region. Key findings include improved capacity in 225 focus areas. Recommendations emphasize sustainability and local engagement.,/home/user/evidence-ai/data/raw/undp/documents/Asia/2019/undp_eval_20240225_Evaluation_225__Climate___Resi.pdf,UNDP|Government Agency,en,105,2019,Asia,SDG5|SDG10|SDG15,UNDP ERC,Resilience,Evaluation 225: Climate & Resilience Project - Year 2019
Brazil,UNDP-EVAL-20240226,https://erc.undp.org/api/documents/226/pdf,2025-11-19T15:45:44.722290,thematic,This evaluation examines the outcomes of development initiatives in the region. Key findings include improved capacity in 226 focus areas. Recommendations emphasize sustainability and local engagement.,/home/user/evidence-ai/data/raw/undp/documents/Americas/2018/undp_eval_20240226_Evaluation_226__Climate___Resi.pdf,UNDP|Ministry of Environment|Local NGO,en,106,2018,Americas,SDG6|SDG11|SDG16,UNDP ERC,Environment,Evaluation 226: Climate & Resilience Project - Year 2018
Colombia,UNDP-EVAL-20240227,https://erc.undp.org/api/documents/227/pdf,2025-11-19T15:45:44.733236,project,This evaluation examines the outcomes of development initiatives in the region. Key findings include improved capacity in 227 focus areas. Recommendations emphasize sustainability and local engagement.,/home/user/evidence-ai/data/raw/undp/documents/Americas/2017/undp_eval_20240227_Evaluation_227__Climate___Resi.pdf,UNDP|Government Agency,en,107,2017,Americas,SDG7|SDG12|SDG17,UNDP ERC,Economic Development,Evaluation 227: Climate & Resilience Project - Year 2017
Kenya,UNDP-EVAL-20240228,https://erc.undp.org/api/documents/228/pdf,2025-11-19T15:45:44.744880,outcome,This evaluation examines the outcomes of development initiatives in the region. Key findings include improved capacity in 228 focus areas. Recommendations emphasize sustainability and local engagement.,/home/user/evidence-ai/data/raw/undp/documents/Africa/2016/undp_eval_20240228_Evaluation_228__Climate___Resi.pdf,UNDP|Ministry of Environment|Local NGO,en,108,2016,Africa,SDG8|SDG13|SDG1,UNDP ERC,Climate Action,Evaluation 228: Climate & Resilience Project - Year 2016
Tanzania,UNDP-EVAL-20240229,https://erc.undp.org/api/documents/229/pdf,2025-11-19T15:45:44.756764,thematic,This evaluation examines the outcomes of development initiatives in the region. Key findings include improved capacity in 229 focus areas. Recommendations emphasize sustainability and local engagement.,/home/user/evidence-ai/data/raw/undp/documents/Africa/2015/undp_eval_20240229_Evaluation_229__Climate___Resi.pdf,UNDP|Government Agency,en,109,2015,Africa,SDG9|SDG14|SDG2,UNDP ERC,Governance,Evaluation 229: Climate & Resilience Project - Year 2015
Uganda,UNDP-EVAL-20240230,https://erc.undp.org/api/documents/230/pdf,2025-11-19T15:45:44.768479,project,This evaluation examines the outcomes of development initiatives in the region. Key findings include improved capacity in 230 focus areas. Recommendations emphasize sustainability and local engagement.,/home/user/evidence-ai/data/raw/undp/documents/Africa/2024/undp_eval_20240230_Evaluation_230__Climate___Resi.pdf,UNDP|Ministry of Environment|Local NGO,en,110,2024,Africa,SDG10|SDG15|SDG3,UNDP ERC,Gender Equality,Evaluation 230: Climate & Resilience Project - Year 2024
Ethiopia,UNDP-EVAL-20240231,https://erc.undp.org/api/documents/231/pdf,2025-11-19T15:45:44.779245,outcome,This evaluation examines the outcomes of development initiatives in the region. Key findings include improved capacity in 231 focus areas. Recommendations emphasize sustainability and local engagement.,/home/user/evidence-ai/data/raw/undp/documents/Africa/2023/undp_eval_20240231_Evaluation_231__Climate___Resi.pdf,UNDP|Government Agency,en,111,2023,Africa,SDG11|SDG16|SDG4,UNDP ERC,Resilience,Evaluation 231: Climate & Resilience Project - Year 2023
Nigeria,UNDP-EVAL-20240232,https://erc.undp.org/api/documents/232/pdf,2025-11-19T15:45:44.790099,thematic,This evaluation examines the outcomes of development initiatives in the region. Key findings include improved capacity in 232 focus areas. Recommendations emphasize sustainability and local engagement.,/home/user/evidence-ai/data/raw/undp/documents/Africa/2022/undp_eval_20240232_Evaluation_232__Climate___Resi.pdf,UNDP|Ministry of Environment|Local NGO,en,112,2022,Africa,SDG12|SDG17|SDG5,UNDP ERC,Environment,Evaluation 232: Climate & Resilience Project - Year 2022
Ghana,UNDP-EVAL-20240233,https://erc.undp.org/api/documents/233/pdf,2025-11-19T15:45:44.802013,project,This evaluation examines the outcomes of development initiatives in the region. Key findings include improved capacity in 233 focus areas. Recommendations emphasize sustainability and local engagement.,/home/user/evidence-ai/data/raw/undp/documents/Africa/2021/undp_eval_20240233_Evaluation_233__Climate___Resi.pdf,UNDP|Government Agency,en,113,2021,Africa,SDG13|SDG1|SDG6,UNDP ERC,Economic Development,Evaluation 233: Climate & Resilience Project - Year 2021
Senegal,UNDP-EVAL-20240234,https://erc.undp.org/api/documents/234/pdf,2025-11-19T15:45:44.813673,outcome,This evaluation examines the outcomes of development initiatives in the region. Key findings include improved capacity in 234 focus areas. Recommendations emphasize sustainability and local engagement.,/home/user/evidence-ai/data/raw/undp/documents/Africa/2020/undp_eval_20240234_Evaluation_234__Climate___Resi.pdf,UNDP|Ministry of Environment|Local NGO,en,114,2020,Africa,SDG14|SDG2|SDG7,UNDP ERC,Climate Action,Evaluation 234: Climate & Resilience Project - Year 2020
Bangladesh,UNDP-EVAL-20240235,https://erc.undp.org/api/documents/235/pdf,2025-11-19T15:45:44.824593,thematic,This evaluation examines the outcomes of development initiatives in the region. Key findings include improved capacity in 235 focus areas. Recommendations emphasize sustainability and local engagement.,/home/user/evidence-ai/data/raw/undp/documents/Asia/2019/undp_eval_20240235_Evaluation_235__Climate___Resi.pdf,UNDP|Government Agency,en,115,2019,Asia,SDG15|SDG3|SDG8,UNDP ERC,Governance,Evaluation 235: Climate & Resilience Project - Year 2019
India,UNDP-EVAL-20240236,https://erc.undp.org/api/documents/236/pdf,2025-11-19T15:45:44.835510,project,This evaluation examines the outcomes of development initiatives in the region. Key findings include improved capacity in 236 focus areas. Recommendations emphasize sustainability and local engagement.,/home/user/evidence-ai/data/raw/undp/documents/Asia/2018/undp_eval_20240236_Evaluation_236__Climate___Resi.pdf,UNDP|Ministry of Environment|Local NGO,en,116,2018,Asia,SDG16|SDG4|SDG9,UNDP ERC,Gender Equality,Evaluation 236: Climate & Resilience Project - Year 2018
Vietnam,UNDP-EVAL-20240237,https://erc.undp.org/api/documents/237/pdf,2025-11-19T15:45:44.847462,outcome,This evaluation examines the outcomes of development initiatives in the region. Key findings include improved capacity in 237 focus areas. Recommendations emphasize sustainability and local engagement.,/home/user/evidence-ai/data/raw/undp/documents/Asia/2017/undp_eval_20240237_Evaluation_237__Climate___Resi.pdf,UNDP|Government Agency,en,117,2017,Asia,SDG17|SDG5|SDG10,UNDP ERC,Resilience,Evaluation 237: Climate & Resilience Project - Year 2017
Brazil,UNDP-EVAL-20240238,https://erc.undp.org/api/documents/238/pdf,2025-11-19T15:45:44.859284,thematic,This evaluation examines the outcomes of development initiatives in the region. Key findings include improved capacity in 238 focus areas. Recommendations emphasize sustainability and local engagement.,/home/user/evidence-ai/data/raw/undp/documents/Americas/2016/undp_eval_20240238_Evaluation_238__Climate___Resi.pdf,UNDP|Ministry of Environment|Local NGO,en,118,2016,Americas,SDG1|SDG6|SDG11,UNDP ERC,Environment,Evaluation 238: Climate & Resilience Project - Year 2016
Colombia,UNDP-EVAL-20240239,https://erc.undp.org/api/documents/239/pdf,2025-11-19T15:45:44.871062,project,This evaluation examines the outcomes of development initiatives in the region. Key findings include improved capacity in 239 focus areas. Recommendations emphasize sustainability and local engagement.,/home/user/evidence-ai/data/raw/undp/documents/Americas/2015/undp_eval_20240239_Evaluation_239__Climate___Resi.pdf,UNDP|Government Agency,en,119,2015,Americas,SDG2|SDG7|SDG12,UNDP ERC,Economic Development,Evaluation 239: Climate & Resilience Project - Year 2015
Kenya,UNDP-EVAL-20240240,https://erc.undp.org/api/documents/240/pdf,2025-11-19T15:45:44.881907,outcome,This evaluation examines the outcomes of development initiatives in the region. Key findings include improved capacity in 240 focus areas. Recommendations emphasize sustainability and local engagement.,/home/user/evidence-ai/data/raw/undp/documents/Africa/2024/undp_eval_20240240_Evaluation_240__Climate___Resi.pdf,UNDP|Ministry of Environment|Local NGO,en,40,2024,Africa,SDG3|SDG8|SDG13,UNDP ERC,Climate Action,Evaluation 240: Climate & Resilience Project - Year 2024
Tanzania,UNDP-EVAL-20240241,https://erc.undp.org/api/documents/241/pdf,2025-11-19T15:45:44.893712,thematic,This evaluation examines the outcomes of development initiatives in the region. Key findings include improved capacity in 241 focus areas. Recommendations emphasize sustainability and local engagement.,/home/user/evidence-ai/data/raw/undp/documents/Africa/2023/undp_eval_20240241_Evaluation_241__Climate___Resi.pdf,UNDP|Government Agency,en,41,2023,Africa,SDG4|SDG9|SDG14,UNDP ERC,Governance,Evaluation 241: Climate & Resilience Project - Year 2023
Uganda,UNDP-EVAL-20240242,https://erc.undp.org/api/documents/242/pdf,2025-11-19T15:45:44.905657,project,This evaluation examines the outcomes of development initiatives in the region. Key findings include improved capacity in 242 focus areas. Recommendations emphasize sustainability and local engagement.,/home/user/evidence-ai/data/raw/undp/documents/Africa/2022/undp_eval_20240242_Evaluation_242__Climate___Resi.pdf,UNDP|Ministry of Environment|Local NGO,en,42,2022,Africa,SDG5|SDG10|SDG15,UNDP ERC,Gender Equality,Evaluation 242: Climate & Resilience Project - Year 2022
Ethiopia,UNDP-EVAL-20240243,https://erc.undp.org/api/documents/243/pdf,2025-11-19T15:45:44.917525,outcome,This evaluation examines the outcomes of development initiatives in the region. Key findings include improved capacity in 243 focus areas. Recommendations emphasize sustainability and local engagement.,/home/user/evidence-ai/data/raw/undp/documents/Africa/2021/undp_eval_20240243_Evaluation_243__Climate___Resi.pdf,UNDP|Government Agency,en,43,2021,Africa,SDG6|SDG11|SDG16,UNDP ERC,Resilience,Evaluation 243: Climate & Resilience Project - Year 2021
Nigeria,UNDP-EVAL-20240244,https://erc.undp.org/api/documents/244/pdf,2025-11-19T15:45:44.929451,thematic,This evaluation examines the outcomes of development initiatives in the region. Key findings include improved capacity in 244 focus areas. Recommendations emphasize sustainability and local engagement.,/home/user/evidence-ai/data/raw/undp/documents/Africa/2020/undp_eval_20240244_Evaluation_244__Climate___Resi.pdf,UNDP|Ministry of Environment|Local NGO,en,44,2020,Africa,SDG7|SDG12|SDG17,UNDP ERC,Environment,Evaluation 244: Climate & Resilience Project - Year 2020
Ghana,UNDP-EVAL-20240245,https://erc.undp.org/api/documents/245/pdf,2025-11-19T15:45:44.941147,project,This evaluation examines the outcomes of development initiatives in the region. Key findings include improved capacity in 245 focus areas. Recommendations emphasize sustainability and local engagement.,/home/user/evidence-ai/data/raw/undp/documents/Africa/2019/undp_eval_20240245_Evaluation_245__Climate___Resi.pdf,UNDP|Government Agency,en,45,2019,Africa,SDG8|SDG13|SDG1,UNDP ERC,Economic Development,Evaluation 245: Climate & Resilience Project - Year 2019
Senegal,UNDP-EVAL-20240246,https://erc.undp.org/api/documents/246/pdf,2025-11-19T15:45:44.952060,outcome,This evaluation examines the outcomes of development initiatives in the region. Key findings include improved capacity in 246 focus areas. Recommendations emphasize sustainability and local engagement.,/home/user/evidence-ai/data/raw/undp/documents/Africa/2018/undp_eval_20240246_Evaluation_246__Climate___Resi.pdf,UNDP|Ministry of Environment|Local NGO,en,46,2018,Africa,SDG9|SDG14|SDG2,UNDP ERC,Climate Action,Evaluation 246: Climate & Resilience Project - Year 2018
Bangladesh,UNDP-EVAL-20240247,https://erc.undp.org/api/documents/247/pdf,2025-11-19T15:45:44.964069,thematic,This evaluation examines the outcomes of development initiatives in the region. Key findings include improved capacity in 247 focus areas. Recommendations emphasize sustainability and local engagement.,/home/user/evidence-ai/data/raw/undp/documents/Asia/2017/undp_eval_20240247_Evaluation_247__Climate___Resi.pdf,UNDP|Government Agency,en,47,2017,Asia,SDG10|SDG15|SDG3,UNDP ERC,Governance,Evaluation 247: Climate & Resilience Project - Year 2017
India,UNDP-EVAL-20240248,https://erc.undp.org/api/documents/248/pdf,2025-11-19T15:45:44.975915,project,This evaluation examines the outcomes of development initiatives in the region. Key findings include improved capacity in 248 focus areas. Recommendations emphasize sustainability and local engagement.,/home/user/evidence-ai/data/raw/undp/documents/Asia/2016/undp_eval_20240248_Evaluation_248__Climate___Resi.pdf,UNDP|Ministry of Environment|Local NGO,en,48,2016,Asia,SDG11|SDG16|SDG4,UNDP ERC,Gender Equality,Evaluation 248: Climate & Resilience Project - Year 2016
Vietnam,UNDP-EVAL-20240249,https://erc.undp.org/api/documents/249/pdf,2025-11-19T15:45:44.987850,outcome,This evaluation examines the outcomes of development initiatives in the region. Key findings include improved capacity in 249 focus areas. Recommendations emphasize sustainability and local engagement.,/home/user/evidence-ai/data/raw/undp/documents/Asia/2015/undp_eval_20240249_Evaluation_249__Climate___Resi.pdf,UNDP|Government Agency,en,49,2015,Asia,SDG12|SDG17|SDG5,UNDP ERC,Resilience,Evaluation 249: Climate & Resilience Project - Year 2015
Brazil,UNDP-EVAL-20240250,https://erc.undp.org/api/documents/250/pdf,2025-11-19T15:45:44.999798,thematic,This evaluation examines the outcomes of development initiatives in the region. Key findings include improved capacity in 250 focus areas. Recommendations emphasize sustainability and local engagement.,/home/user/evidence-ai/data/raw/undp/documents/Americas/2024/undp_eval_20240250_Evaluation_250__Climate___Resi.pdf,UNDP|Ministry of Environment|Local NGO,en,50,2024,Americas,SDG13|SDG1|SDG6,UNDP ERC,Environment,Evaluation 250: Climate & Resilience Project - Year 2024
Colombia,UNDP-EVAL-20240251,https://erc.undp.org/api/documents/251/pdf,2025-11-19T15:45:45.011652,project,This evaluation examines the outcomes of development initiatives in the region. Key findings include improved capacity in 251 focus areas. Recommendations emphasize sustainability and local engagement.,/home/user/evidence-ai/data/raw/undp/documents/Americas/2023/undp_eval_20240251_Evaluation_251__Climate___Resi.pdf,UNDP|Government Agency,en,51,2023,Americas,SDG14|SDG2|SDG7,UNDP ERC,Economic Development,Evaluation 251: Climate & Resilience Project - Year 2023
Kenya,UNDP-EVAL-20240252,https://erc.undp.org/api/documents/252/pdf,2025-11-19T15:45:45.023257,outcome,This evaluation examines the outcomes of development initiatives in the region. Key findings include improved capacity in 252 focus areas. Recommendations emphasize sustainability and local engagement.,/home/user/evidence-ai/data/raw/undp/documents/Africa/2022/undp_eval_20240252_Evaluation_252__Climate___Resi.pdf,UNDP|Ministry of Environment|Local NGO,en,52,2022,Africa,SDG15|SDG3|SDG8,UNDP ERC,Climate Action,Evaluation 252: Climate & Resilience Project - Year 2022
Tanzania,UNDP-EVAL-20240253,https://erc.undp.org/api/documents/253/pdf,2025-11-19T15:45:45.035038,thematic,This evaluation examines the outcomes of development initiatives in the region. Key findings include improved capacity in 253 focus areas. Recommendations emphasize sustainability and local engagement.,/home/user/evidence-ai/data/raw/undp/documents/Africa/2021/undp_eval_20240253_Evaluation_253__Climate___Resi.pdf,UNDP|Government Agency,en,53,2021,Africa,SDG16|SDG4|SDG9,UNDP ERC,Governance,Evaluation 253: Climate & Resilience Project - Year 2021
Uganda,UNDP-EVAL-20240254,https://erc.undp.org/api/documents/254/pdf,2025-11-19T15:45:45.047014,project,This evaluation examines the outcomes of development initiatives in the region. Key findings include improved capacity in 254 focus areas. Recommendations emphasize sustainability and local engagement.,/home/user/evidence-ai/data/raw/undp/documents/Africa/2020/undp_eval_20240254_Evaluation_254__Climate___Resi.pdf,UNDP|Ministry of Environment|Local NGO,en,54,2020,Africa,SDG17|SDG5|SDG10,UNDP ERC,Gender Equality,Evaluation 254: Climate & Resilience Project - Year 2020
Ethiopia,UNDP-EVAL-20240255,https://erc.undp.org/api/documents/255/pdf,2025-11-19T15:45:45.058793,outcome,This evaluation examines the outcomes of development initiatives in the region. Key findings include improved capacity in 255 focus areas. Recommendations emphasize sustainability and local engagement.,/home/user/evidence-ai/data/raw/undp/documents/Africa/2019/undp_eval_20240255_Evaluation_255__Climate___Resi.pdf,UNDP|Government Agency,en,55,2019,Africa,SDG1|SDG6|SDG11,UNDP ERC,Resilience,Evaluation 255: Climate & Resilience Project - Year 2019
Nigeria,UNDP-EVAL-20240256,https://erc.undp.org/api/documents/256/pdf,2025-11-19T15:45:45.070765,thematic,This evaluation examines the outcomes of development initiatives in the region. Key findings include improved capacity in 256 focus areas. Recommendations emphasize sustainability and local engagement.,/home/user/evidence-ai/data/raw/undp/documents/Africa/2018/undp_eval_20240256_Evaluation_256__Climate___Resi.pdf,UNDP|Ministry of Environment|Local NGO,en,56,2018,Africa,SDG2|SDG7|SDG12,UNDP ERC,Environment,Evaluation 256: Climate & Resilience Project - Year 2018
Ghana,UNDP-EVAL-20240257,https://erc.undp.org/api/documents/257/pdf,2025-11-19T15:45:45.082508,project,This evaluation examines the outcomes of development initiatives in the region. Key findings include improved capacity in 257 focus areas. Recommendations emphasize sustainability and local engagement.,/home/user/evidence-ai/data/raw/undp/documents/Africa/2017/undp_eval_20240257_Evaluation_257__Climate___Resi.pdf,UNDP|Government Agency,en,57,2017,Africa,SDG3|SDG8|SDG13,UNDP ERC,Economic Development,Evaluation 257: Climate & Resilience Project - Year 2017
Senegal,UNDP-EVAL-20240258,https://erc.undp.org/api/documents/258/pdf,2025-11-19T15:45:45.094411,outcome,This evaluation examines the outcomes of development initiatives in the region. Key findings include improved capacity in 258 focus areas. Recommendations emphasize sustainability and local engagement.,/home/user/evidence-ai/data/raw/undp/documents/Africa/2016/undp_eval_20240258_Evaluation_258__Climate___Resi.pdf,UNDP|Ministry of Environment|Local NGO,en,58,2016,Africa,SDG4|SDG9|SDG14,UNDP ERC,Climate Action,Evaluation 258: Climate & Resilience Project - Year 2016
Bangladesh,UNDP-EVAL-20240259,https://erc.undp.org/api/documents/259/pdf,2025-11-19T15:45:45.106445,thematic,This evaluation examines the outcomes of development initiatives in the region. Key findings include improved capacity in 259 focus areas. Recommendations emphasize sustainability and local engagement.,/home/user/evidence-ai/data/raw/undp/documents/Asia/2015/undp_eval_20240259_Evaluation_259__Climate___Resi.pdf,UNDP|Government Agency,en,59,2015,Asia,SDG5|SDG10|SDG15,UNDP ERC,Governance,Evaluation 259: Climate & Resilience Project - Year 2015
India,UNDP-EVAL-20240260,https://erc.undp.org/api/documents/260/pdf,2025-11-19T15:45:45.118664,project,This evaluation examines the outcomes of development initiatives in the region. Key findings include improved capacity in 260 focus areas. Recommendations emphasize sustainability and local engagement.,/home/user/evidence-ai/data/raw/undp/documents/Asia/2024/undp_eval_20240260_Evaluation_260__Climate___Resi.pdf,UNDP|Ministry of Environment|Local NGO,en,60,2024,Asia,SDG6|SDG11|SDG16,UNDP ERC,Gender Equality,Evaluation 260: Climate & Resilience Project - Year 2024
Vietnam,UNDP-EVAL-20240261,https://erc.undp.org/api/documents/261/pdf,2025-11-19T15:45:45.130240,outcome,This evaluation examines the outcomes of development initiatives in the region. Key findings include improved capacity in 261 focus areas. Recommendations emphasize sustainability and local engagement.,/home/user/evidence-ai/data/raw/undp/documents/Asia/2023/undp_eval_20240261_Evaluation_261__Climate___Resi.pdf,UNDP|Government Agency,en,61,2023,Asia,SDG7|SDG12|SDG17,UNDP ERC,Resilience,Evaluation 261: Climate & Resilience Project - Year 2023
Brazil,UNDP-EVAL-20240262,https://erc.undp.org/api/documents/262/pdf,2025-11-19T15:45:45.142238,thematic,This evaluation examines the outcomes of development initiatives in the region. Key findings include improved capacity in 262 focus areas. Recommendations emphasize sustainability and local engagement.,/home/user/evidence-ai/data/raw/undp/documents/Americas/2022/undp_eval_20240262_Evaluation_262__Climate___Resi.pdf,UNDP|Ministry of Environment|Local NGO,en,62,2022,Americas,SDG8|SDG13|SDG1,UNDP ERC,Environment,Evaluation 262: Climate & Resilience Project - Year 2022
Colombia,UNDP-EVAL-20240263,https://erc.undp.org/api/documents/263/pdf,2025-11-19T15:45:45.153735,project,This evaluation examines the outcomes of development initiatives in the region. Key findings include improved capacity in 263 focus areas. Recommendations emphasize sustainability and local engagement.,/home/user/evidence-ai/data/raw/undp/documents/Americas/2021/undp_eval_20240263_Evaluation_263__Climate___Resi.pdf,UNDP|Government Agency,en,63,2021,Americas,SDG9|SDG14|SDG2,UNDP ERC,Economic Development,Evaluation 263: Climate & Resilience Project - Year 2021
Kenya,UNDP-EVAL-20240264,https://erc.undp.org/api/documents/264/pdf,2025-11-19T15:45:45.165498,outcome,This evaluation examines the outcomes of development initiatives in the region. Key findings include improved capacity in 264 focus areas. Recommendations emphasize sustainability and local engagement.,/home/user/evidence-ai/data/raw/undp/documents/Africa/2020/undp_eval_20240264_Evaluation_264__Climate___Resi.pdf,UNDP|Ministry of Environment|Local NGO,en,64,2020,Africa,SDG10|SDG15|SDG3,UNDP ERC,Climate Action,Evaluation 264: Climate & Resilience Project - Year 2020
Tanzania,UNDP-EVAL-20240265,https://erc.undp.org/api/documents/265/pdf,2025-11-19T15:45:45.177266,thematic,This evaluation examines the outcomes of development initiatives in the region. Key findings include improved capacity in 265 focus areas. Recommendations emphasize sustainability and local engagement.,/home/user/evidence-ai/data/raw/undp/documents/Africa/2019/undp_eval_20240265_Evaluation_265__Climate___Resi.pdf,UNDP|Government Agency,en,65,2019,Africa,SDG11|SDG16|SDG4,UNDP ERC,Governance,Evaluation 265: Climate & Resilience Project - Year 2019
Uganda,UNDP-EVAL-20240266,https://erc.undp.org/api/documents/266/pdf,2025-11-19T15:45:45.188051,project,This evaluation examines the outcomes of development initiatives in the region. Key findings include improved capacity in 266 focus areas. Recommendations emphasize sustainability and local engagement.,/home/user/evidence-ai/data/raw/undp/documents/Africa/2018/undp_eval_20240266_Evaluation_266__Climate___Resi.pdf,UNDP|Ministry of Environment|Local NGO,en,66,2018,Africa,SDG12|SDG17|SDG5,UNDP ERC,Gender Equality,Evaluation 266: Climate & Resilience Project - Year 2018
Ethiopia,UNDP-EVAL-20240267,https://erc.undp.org/api/documents/267/pdf,2025-11-19T15:45:45.199864,outcome,This evaluation examines the outcomes of development initiatives in the region. Key findings include improved capacity in 267 focus areas. Recommendations emphasize sustainability and local engagement.,/home/user/evidence-ai/data/raw/undp/documents/Africa/2017/undp_eval_20240267_Evaluation_267__Climate___Resi.pdf,UNDP|Government Agency,en,67,2017,Africa,SDG13|SDG1|SDG6,UNDP ERC,Resilience,Evaluation 267: Climate & Resilience Project - Year 2017
Nigeria,UNDP-EVAL-20240268,https://erc.undp.org/api/documents/268/pdf,2025-11-19T15:45:45.211767,thematic,This evaluation examines the outcomes of development initiatives in the region. Key findings include improved capacity in 268 focus areas. Recommendations emphasize sustainability and local engagement.,/home/user/evidence-ai/data/raw/undp/documents/Africa/2016/undp_eval_20240268_Evaluation_268__Climate___Resi.pdf,UNDP|Ministry of Environment|Local NGO,en,68,2016,Africa,SDG14|SDG2|SDG7,UNDP ERC,Environment,Evaluation 268: Climate & Resilience Project - Year 2016
Ghana,UNDP-EVAL-20240269,https://erc.undp.org/api/documents/269/pdf,2025-11-19T15:45:45.223567,project,This evaluation examines the outcomes of development initiatives in the region. Key findings include improved capacity in 269 focus areas. Recommendations emphasize sustainability and local engagement.,/home/user/evidence-ai/data/raw/undp/documents/Africa/2015/undp_eval_20240269_Evaluation_269__Climate___Resi.pdf,UNDP|Government Agency,en,69,2015,Africa,SDG15|SDG3|SDG8,UNDP ERC,Economic Development,Evaluation 269: Climate & Resilience Project - Year 2015
Senegal,UNDP-EVAL-20240270,https://erc.undp.org/api/documents/270/pdf,2025-11-19T15:45:45.234355,outcome,This evaluation examines the outcomes of development initiatives in the region. Key findings include improved capacity in 270 focus areas. Recommendations emphasize sustainability and local engagement.,/home/user/evidence-ai/data/raw/undp/documents/Africa/2024/undp_eval_20240270_Evaluation_270__Climate___Resi.pdf,UNDP|Ministry of Environment|Local NGO,en,70,2024,Africa,SDG16|SDG4|SDG9,UNDP ERC,Climate Action,Evaluation 270: Climate & Resilience Project - Year 2024
Bangladesh,UNDP-EVAL-20240271,https://erc.undp.org/api/documents/271/pdf,2025-11-19T15:45:45.246198,thematic,This evaluation examines the outcomes of development initiatives in the region. Key findings include improved capacity in 271 focus areas. Recommendations emphasize sustainability and local engagement.,/home/user/evidence-ai/data/raw/undp/documents/Asia/2023/undp_eval_20240271_Evaluation_271__Climate___Resi.pdf,UNDP|Government Agency,en,71,2023,Asia,SDG17|SDG5|SDG10,UNDP ERC,Governance,Evaluation 271: Climate & Resilience Project - Year 2023
India,UNDP-EVAL-20240272,https://erc.undp.org/api/documents/272/pdf,2025-11-19T15:45:45.256978,project,This evaluation examines the outcomes of development initiatives in the region. Key findings include improved capacity in 272 focus areas. Recommendations emphasize sustainability and local engagement.,/home/user/evidence-ai/data/raw/undp/documents/Asia/2022/undp_eval_20240272_Evaluation_272__Climate___Resi.pdf,UNDP|Ministry of Environment|Local NGO,en,72,2022,Asia,SDG1|SDG6|SDG11,UNDP ERC,Gender Equality,Evaluation 272: Climate & Resilience Project - Year 2022
Vietnam,UNDP-EVAL-20240273,https://erc.undp.org/api/documents/273/pdf,2025-11-19T15:45:45.268863,outcome,This evaluation examines the outcomes of development initiatives in the region. Key findings include improved capacity in 273 focus areas. Recommendations emphasize sustainability and local engagement.,/home/user/evidence-ai/data/raw/undp/documents/Asia/2021/undp_eval_20240273_Evaluation_273__Climate___Resi.pdf,UNDP|Government Agency,en,73,2021,Asia,SDG2|SDG7|SDG12,UNDP ERC,Resilience,Evaluation 273: Climate & Resilience Project - Year 2021
Brazil,UNDP-EVAL-20240274,https://erc.undp.org/api/documents/274/pdf,2025-11-19T15:45:45.280651,thematic,This evaluation examines the outcomes of development initiatives in the region. Key findings include improved capacity in 274 focus areas. Recommendations emphasize sustainability and local engagement.,/home/user/evidence-ai/data/raw/undp/documents/Americas/2020/undp_eval_20240274_Evaluation_274__Climate___Resi.pdf,UNDP|Ministry of Environment|Local NGO,en,74,2020,Americas,SDG3|SDG8|SDG13,UNDP ERC,Environment,Evaluation 274: Climate & Resilience Project - Year 2020
Colombia,UNDP-EVAL-20240275,https://erc.undp.org/api/documents/275/pdf,2025-11-19T15:45:45.291450,project,This evaluation examines the outcomes of development initiatives in the region. Key findings include improved capacity in 275 focus areas. Recommendations emphasize sustainability and local engagement.,/home/user/evidence-ai/data/raw/undp/documents/Americas/2019/undp_eval_20240275_Evaluation_275__Climate___Resi.pdf,UNDP|Government Agency,en,75,2019,Americas,SDG4|SDG9|SDG14,UNDP ERC,Economic Development,Evaluation 275: Climate & Resilience Project - Year 2019
Kenya,UNDP-EVAL-20240276,https://erc.undp.org/api/documents/276/pdf,2025-11-19T15:45:45.303290,outcome,This evaluation examines the outcomes of development initiatives in the region. Key findings include improved capacity in 276 focus areas. Recommendations emphasize sustainability and local engagement.,/home/user/evidence-ai/data/raw/undp/documents/Africa/2018/undp_eval_20240276_Evaluation_276__Climate___Resi.pdf,UNDP|Ministry of Environment|Local NGO,en,76,2018,Africa,SDG5|SDG10|SDG15,UNDP ERC,Climate Action,Evaluation 276: Climate & Resilience Project - Year 2018
Tanzania,UNDP-EVAL-20240277,https://erc.undp.org/api/documents/277/pdf,2025-11-19T15:45:45.314134,thematic,This evaluation examines the outcomes of development initiatives in the region. Key findings include improved capacity in 277 focus areas. Recommendations emphasize sustainability and local engagement.,/home/user/evidence-ai/data/raw/undp/documents/Africa/2017/undp_eval_20240277_Evaluation_277__Climate___Resi.pdf,UNDP|Government Agency,en,77,2017,Africa,SDG6|SDG11|SDG16,UNDP ERC,Governance,Evaluation 277: Climate & Resilience Project - Year 2017
Uganda,UNDP-EVAL-20240278,https://erc.undp.org/api/documents/278/pdf,2025-11-19T15:45:45.325848,project,This evaluation examines the outcomes of development initiatives in the region. Key findings include improved capacity in 278 focus areas. Recommendations emphasize sustainability and local engagement.,/home/user/evidence-ai/data/raw/undp/documents/Africa/2016/undp_eval_20240278_Evaluation_278__Climate___Resi.pdf,UNDP|Ministry of Environment|Local NGO,en,78,2016,Africa,SDG7|SDG12|SDG17,UNDP ERC,Gender Equality,Evaluation 278: Climate & Resilience Project - Year 2016
Ethiopia,UNDP-EVAL-20240279,https://erc.undp.org/api/documents/279/pdf,2025-11-19T15:45:45.336805,outcome,This evaluation examines the outcomes of development initiatives in the region. Key findings include improved capacity in 279 focus areas. Recommendations emphasize sustainability and local engagement.,/home/user/evidence-ai/data/raw/undp/documents/Africa/2015/undp_eval_20240279_Evaluation_279__Climate___Resi.pdf,UNDP|Government Agency,en,79,2015,Africa,SDG8|SDG13|SDG1,UNDP ERC,Resilience,Evaluation 279: Climate & Resilience Project - Year 2015
Nigeria,UNDP-EVAL-20240280,https://erc.undp.org/api/documents/280/pdf,2025-11-19T15:45:45.348422,thematic,This evaluation examines the outcomes of development initiatives in the region. Key findings include improved capacity in 280 focus areas. Recommendations emphasize sustainability and local engagement.,/home/user/evidence-ai/data/raw/undp/documents/Africa/2024/undp_eval_20240280_Evaluation_280__Climate___Resi.pdf,UNDP|Ministry of Environment|Local NGO,en,80,2024,Africa,SDG9|SDG14|SDG2,UNDP ERC,Environment,Evaluation 280: Climate & Resilience Project - Year 2024
Ghana,UNDP-EVAL-20240281,https://erc.undp.org/api/documents/281/pdf,2025-11-19T15:45:45.359296,project,This evaluation examines the outcomes of development initiatives in the region. Key findings include improved capacity in 281 focus areas. Recommendations emphasize sustainability and local engagement.,/home/user/evidence-ai/data/raw/undp/documents/Africa/2023/undp_eval_20240281_Evaluation_281__Climate___Resi.pdf,UNDP|Government Agency,en,81,2023,Africa,SDG10|SDG15|SDG3,UNDP ERC,Economic Development,Evaluation 281: Climate & Resilience Project - Year 2023
Senegal,UNDP-EVAL-20240282,https://erc.undp.org/api/documents/282/pdf,2025-11-19T15:45:45.370039,outcome,This evaluation examines the outcomes of development initiatives in the region. Key findings include improved capacity in 282 focus areas. Recommendations emphasize sustainability and local engagement.,/home/user/evidence-ai/data/raw/undp/documents/Africa/2022/undp_eval_20240282_Evaluation_282__Climate___Resi.pdf,UNDP|Ministry of Environment|Local NGO,en,82,2022,Africa,SDG11|SDG16|SDG4,UNDP ERC,Climate Action,Evaluation 282: Climate & Resilience Project - Year 2022
Bangladesh,UNDP-EVAL-20240283,https://erc.undp.org/api/documents/283/pdf,2025-11-19T15:45:45.381002,thematic,This evaluation examines the outcomes of development initiatives in the region. Key findings include improved capacity in 283 focus areas. Recommendations emphasize sustainability and local engagement.,/home/user/evidence-ai/data/raw/undp/documents/Asia/2021/undp_eval_20240283_Evaluation_283__Climate___Resi.pdf,UNDP|Government Agency,en,83,2021,Asia,SDG12|SDG17|SDG5,UNDP ERC,Governance,Evaluation 283: Climate & Resilience Project - Year 2021
India,UNDP-EVAL-20240284,https://erc.undp.org/api/documents/284/pdf,2025-11-19T15:45:45.391855,project,This evaluation examines the outcomes of development initiatives in the region. Key findings include improved capacity in 284 focus areas. Recommendations emphasize sustainability and local engagement.,/home/user/evidence-ai/data/raw/undp/documents/Asia/2020/undp_eval_20240284_Evaluation_284__Climate___Resi.pdf,UNDP|Ministry of Environment|Local NGO,en,84,2020,Asia,SDG13|SDG1|SDG6,UNDP ERC,Gender Equality,Evaluation 284: Climate & Resilience Project - Year 2020
Vietnam,UNDP-EVAL-20240285,https://erc.undp.org/api/documents/285/pdf,2025-11-19T15:45:45.403969,outcome,This evaluation examines the outcomes of development initiatives in the region. Key findings include improved capacity in 285 focus areas. Recommendations emphasize sustainability and local engagement.,/home/user/evidence-ai/data/raw/undp/documents/Asia/2019/undp_eval_20240285_Evaluation_285__Climate___Resi.pdf,UNDP|Government Agency,en,85,2019,Asia,SDG14|SDG2|SDG7,UNDP ERC,Resilience,Evaluation 285: Climate & Resilience Project - Year 2019
Brazil,UNDP-EVAL-20240286,https://erc.undp.org/api/documents/286/pdf,2025-11-19T15:45:45.415714,thematic,This evaluation examines the outcomes of development initiatives in the region. Key findings include improved capacity in 286 focus areas. Recommendations emphasize sustainability and local engagement.,/home/user/evidence-ai/data/raw/undp/documents/Americas/2018/undp_eval_20240286_Evaluation_286__Climate___Resi.pdf,UNDP|Ministry of Environment|Local NGO,en,86,2018,Americas,SDG15|SDG3|SDG8,UNDP ERC,Environment,Evaluation 286: Climate & Resilience Project - Year 2018
Colombia,UNDP-EVAL-20240287,https://erc.undp.org/api/documents/287/pdf,2025-11-19T15:45:45.427317,project,This evaluation examines the outcomes of development initiatives in the region. Key findings include improved capacity in 287 focus areas. Recommendations emphasize sustainability and local engagement.,/home/user/evidence-ai/data/raw/undp/documents/Americas/2017/undp_eval_20240287_Evaluation_287__Climate___Resi.pdf,UNDP|Government Agency,en,87,2017,Americas,SDG16|SDG4|SDG9,UNDP ERC,Economic Development,Evaluation 287: Climate & Resilience Project - Year 2017
Kenya,UNDP-EVAL-20240288,https://erc.undp.org/api/documents/288/pdf,2025-11-19T15:45:45.439214,outcome,This evaluation examines the outcomes of development initiatives in the region. Key findings include improved capacity in 288 focus areas. Recommendations emphasize sustainability and local engagement.,/home/user/evidence-ai/data/raw/undp/documents/Africa/2016/undp_eval_20240288_Evaluation_288__Climate___Resi.pdf,UNDP|Ministry of Environment|Local NGO,en,88,2016,Africa,SDG17|SDG5|SDG10,UNDP ERC,Climate Action,Evaluation 288: Climate & Resilience Project - Year 2016
Tanzania,UNDP-EVAL-20240289,https://erc.undp.org/api/documents/289/pdf,2025-11-19T15:45:45.450417,thematic,This evaluation examines the outcomes of development initiatives in the region. Key findings include improved capacity in 289 focus areas. Recommendations emphasize sustainability and local engagement.,/home/user/evidence-ai/data/raw/undp/documents/Africa/2015/undp_eval_20240289_Evaluation_289__Climate___Resi.pdf,UNDP|Government Agency,en,89,2015,Africa,SDG1|SDG6|SDG11,UNDP ERC,Governance,Evaluation 289: Climate & Resilience Project - Year 2015
Uganda,UNDP-EVAL-20240290,https://erc.undp.org/api/documents/290/pdf,2025-11-19T15:45:45.462217,project,This evaluation examines the outcomes of development initiatives in the region. Key findings include improved capacity in 290 focus areas. Recommendations emphasize sustainability and local engagement.,/home/user/evidence-ai/data/raw/undp/documents/Africa/2024/undp_eval_20240290_Evaluation_290__Climate___Resi.pdf,UNDP|Ministry of Environment|Local NGO,en,90,2024,Africa,SDG2|SDG7|SDG12,UNDP ERC,Gender Equality,Evaluation 290: Climate & Resilience Project - Year 2024
Ethiopia,UNDP-EVAL-20240291,https://erc.undp.org/api/documents/291/pdf,2025-11-19T15:45:45.473845,outcome,This evaluation examines the outcomes of development initiatives in the region. Key findings include improved capacity in 291 focus areas. Recommendations emphasize sustainability and local engagement.,/home/user/evidence-ai/data/raw/undp/documents/Africa/2023/undp_eval_20240291_Evaluation_291__Climate___Resi.pdf,UNDP|Government Agency,en,91,2023,Africa,SDG3|SDG8|SDG13,UNDP ERC,Resilience,Evaluation 291: Climate & Resilience Project - Year 2023
Nigeria,UNDP-EVAL-20240292,https://erc.undp.org/api/documents/292/pdf,2025-11-19T15:45:45.485867,thematic,This evaluation examines the outcomes of development initiatives in the region. Key findings include improved capacity in 292 focus areas. Recommendations emphasize sustainability and local engagement.,/home/user/evidence-ai/data/raw/undp/documents/Africa/2022/undp_eval_20240292_Evaluation_292__Climate___Resi.pdf,UNDP|Ministry of Environment|Local NGO,en,92,2022,Africa,SDG4|SDG9|SDG14,UNDP ERC,Environment,Evaluation 292: Climate & Resilience Project - Year 2022
Ghana,UNDP-EVAL-20240293,https://erc.undp.org/api/documents/293/pdf,2025-11-19T15:45:45.497498,project,This evaluation examines the outcomes of development initiatives in the region. Key findings include improved capacity in 293 focus areas. Recommendations emphasize sustainability and local engagement.,/home/user/evidence-ai/data/raw/undp/documents/Africa/2021/undp_eval_20240293_Evaluation_293__Climate___Resi.pdf,UNDP|Government Agency,en,93,2021,Africa,SDG5|SDG10|SDG15,UNDP ERC,Economic Development,Evaluation 293: Climate & Resilience Project - Year 2021
Senegal,UNDP-EVAL-20240294,https://erc.undp.org/api/documents/294/pdf,2025-11-19T15:45:45.509600,outcome,This evaluation examines the outcomes of development initiatives in the region. Key findings include improved capacity in 294 focus areas. Recommendations emphasize sustainability and local engagement.,/home/user/evidence-ai/data/raw/undp/documents/Africa/2020/undp_eval_20240294_Evaluation_294__Climate___Resi.pdf,UNDP|Ministry of Environment|Local NGO,en,94,2020,Africa,SDG6|SDG11|SDG16,UNDP ERC,Climate Action,Evaluation 294: Climate & Resilience Project - Year 2020
Bangladesh,UNDP-EVAL-20240295,https://erc.undp.org/api/documents/295/pdf,2025-11-19T15:45:45.521290,thematic,This evaluation examines the outcomes of development initiatives in the region. Key findings include improved capacity in 295 focus areas. Recommendations emphasize sustainability and local engagement.,/home/user/evidence-ai/data/raw/undp/documents/Asia/2019/undp_eval_20240295_Evaluation_295__Climate___Resi.pdf,UNDP|Government Agency,en,95,2019,Asia,SDG7|SDG12|SDG17,UNDP ERC,Governance,Evaluation 295: Climate & Resilience Project - Year 2019
India,UNDP-EVAL-20240296,https://erc.undp.org/api/documents/296/pdf,2025-11-19T15:45:45.533248,project,This evaluation examines the outcomes of development initiatives in the region. Key findings include improved capacity in 296 focus areas. Recommendations emphasize sustainability and local engagement.,/home/user/evidence-ai/data/raw/undp/documents/Asia/2018/undp_eval_20240296_Evaluation_296__Climate___Resi.pdf,UNDP|Ministry of Environment|Local NGO,en,96,2018,Asia,SDG8|SDG13|SDG1,UNDP ERC,Gender Equality,Evaluation 296: Climate & Resilience Project - Year 2018
Vietnam,UNDP-EVAL-20240297,https://erc.undp.org/api/documents/297/pdf,2025-11-19T15:45:45.545241,outcome,This evaluation examines the outcomes of development initiatives in the region. Key findings include improved capacity in 297 focus areas. Recommendations emphasize sustainability and local engagement.,/home/user/evidence-ai/data/raw/undp/documents/Asia/2017/undp_eval_20240297_Evaluation_297__Climate___Resi.pdf,UNDP|Government Agency,en,97,2017,Asia,SDG9|SDG14|SDG2,UNDP ERC,Resilience,Evaluation 297: Climate & Resilience Project - Year 2017
Brazil,UNDP-EVAL-20240298,https://erc.undp.org/api/documents/298/pdf,2025-11-19T15:45:45.556942,thematic,This evaluation examines the outcomes of development initiatives in the region. Key findings include improved capacity in 298 focus areas. Recommendations emphasize sustainability and local engagement.,/home/user/evidence-ai/data/raw/undp/documents/Americas/2016/undp_eval_20240298_Evaluation_298__Climate___Resi.pdf,UNDP|Ministry of Environment|Local NGO,en,98,2016,Americas,SDG10|SDG15|SDG3,UNDP ERC,Environment,Evaluation 298: Climate & Resilience Project - Year 2016
Colombia,UNDP-EVAL-20240299,https://erc.undp.org/api/documents/299/pdf,2025-11-19T15:45:45.568030,project,This evaluation examines the outcomes of development initiatives in the region. Key findings include improved capacity in 299 focus areas. Recommendations emphasize sustainability and local engagement.,/home/user/evidence-ai/data/raw/undp/documents/Americas/2015/undp_eval_20240299_Evaluation_299__Climate___Resi.pdf,UNDP|Government Agency,en,99,2015,Americas,SDG11|SDG16|SDG4,UNDP ERC,Economic Development,Evaluation 299: Climate & Resilience Project - Year 2015
Kenya,UNDP-EVAL-20240300,https://erc.undp.org/api/documents/300/pdf,2025-11-19T15:45:45.579754,outcome,This evaluation examines the outcomes of development initiatives in the region. Key findings include improved capacity in 300 focus areas. Recommendations emphasize sustainability and local engagement.,/home/user/evidence-ai/data/raw/undp/documents/Africa/2024/undp_eval_20240300_Evaluation_300__Climate___Resi.pdf,UNDP|Ministry of Environment|Local NGO,en,100,2024,Africa,SDG12|SDG17|SDG5,UNDP ERC,Climate Action,Evaluation 300: Climate & Resilience Project - Year 2024
Tanzania,UNDP-EVAL-20240301,https://erc.undp.org/api/documents/301/pdf,2025-11-19T15:45:45.591657,thematic,This evaluation examines the outcomes of development initiatives in the region. Key findings include improved capacity in 301 focus areas. Recommendations emphasize sustainability and local engagement.,/home/user/evidence-ai/data/raw/undp/documents/Africa/2023/undp_eval_20240301_Evaluation_301__Climate___Resi.pdf,UNDP|Government Agency,en,101,2023,Africa,SDG13|SDG1|SDG6,UNDP ERC,Governance,Evaluation 301: Climate & Resilience Project - Year 2023
Uganda,UNDP-EVAL-20240302,https://erc.undp.org/api/documents/302/pdf,2025-11-19T15:45:45.603317,project,This evaluation examines the outcomes of development initiatives in the region. Key findings include improved capacity in 302 focus areas. Recommendations emphasize sustainability and local engagement.,/home/user/evidence-ai/data/raw/undp/documents/Africa/2022/undp_eval_20240302_Evaluation_302__Climate___Resi.pdf,UNDP|Ministry of Environment|Local NGO,en,102,2022,Africa,SDG14|SDG2|SDG7,UNDP ERC,Gender Equality,Evaluation 302: Climate & Resilience Project - Year 2022
Ethiopia,UNDP-EVAL-20240303,https://erc.undp.org/api/documents/303/pdf,2025-11-19T15:45:45.614278,outcome,This evaluation examines the outcomes of development initiatives in the region. Key findings include improved capacity in 303 focus areas. Recommendations emphasize sustainability and local engagement.,/home/user/evidence-ai/data/raw/undp/documents/Africa/2021/undp_eval_20240303_Evaluation_303__Climate___Resi.pdf,UNDP|Government Agency,en,103,2021,Africa,SDG15|SDG3|SDG8,UNDP ERC,Resilience,Evaluation 303: Climate & Resilience Project - Year 2021
Nigeria,UNDP-EVAL-20240304,https://erc.undp.org/api/documents/304/pdf,2025-11-19T15:45:45.626289,thematic,This evaluation examines the outcomes of development initiatives in the region. Key findings include improved capacity in 304 focus areas. Recommendations emphasize sustainability and local engagement.,/home/user/evidence-ai/data/raw/undp/documents/Africa/2020/undp_eval_20240304_Evaluation_304__Climate___Resi.pdf,UNDP|Ministry of Environment|Local NGO,en,104,2020,Africa,SDG16|SDG4|SDG9,UNDP ERC,Environment,Evaluation 304: Climate & Resilience Project - Year 2020
Ghana,UNDP-EVAL-20240305,https://erc.undp.org/api/documents/305/pdf,2025-11-19T15:45:45.638121,project,This evaluation examines the outcomes of development initiatives in the region. Key findings include improved capacity in 305 focus areas. Recommendations emphasize sustainability and local engagement.,/home/user/evidence-ai/data/raw/undp/documents/Africa/2019/undp_eval_20240305_Evaluation_305__Climate___Resi.pdf,UNDP|Government Agency,en,105,2019,Africa,SDG17|SDG5|SDG10,UNDP ERC,Economic Development,Evaluation 305: Climate & Resilience Project - Year 2019
Senegal,UNDP-EVAL-20240306,https://erc.undp.org/api/documents/306/pdf,2025-11-19T15:45:45.650175,outcome,This evaluation examines the outcomes of development initiatives in the region. Key findings include improved capacity in 306 focus areas. Recommendations emphasize sustainability and local engagement.,/home/user/evidence-ai/data/raw/undp/documents/Africa/2018/undp_eval_20240306_Evaluation_306__Climate___Resi.pdf,UNDP|Ministry of Environment|Local NGO,en,106,2018,Africa,SDG1|SDG6|SDG11,UNDP ERC,Climate Action,Evaluation 306: Climate & Resilience Project - Year 2018
Bangladesh,UNDP-EVAL-20240307,https://erc.undp.org/api/documents/307/pdf,2025-11-19T15:45:45.661851,thematic,This evaluation examines the outcomes of development initiatives in the region. Key findings include improved capacity in 307 focus areas. Recommendations emphasize sustainability and local engagement.,/home/user/evidence-ai/data/raw/undp/documents/Asia/2017/undp_eval_20240307_Evaluation_307__Climate___Resi.pdf,UNDP|Government Agency,en,107,2017,Asia,SDG2|SDG7|SDG12,UNDP ERC,Governance,Evaluation 307: Climate & Resilience Project - Year 2017
India,UNDP-EVAL-20240308,https://erc.undp.org/api/documents/308/pdf,2025-11-19T15:45:45.673660,project,This evaluation examines the outcomes of development initiatives in the region. Key findings include improved capacity in 308 focus areas. Recommendations emphasize sustainability and local engagement.,/home/user/evidence-ai/data/raw/undp/documents/Asia/2016/undp_eval_20240308_Evaluation_308__Climate___Resi.pdf,UNDP|Ministry of Environment|Local NGO,en,108,2016,Asia,SDG3|SDG8|SDG13,UNDP ERC,Gender Equality,Evaluation 308: Climate & Resilience Project - Year 2016
Vietnam,UNDP-EVAL-20240309,https://erc.undp.org/api/documents/309/pdf,2025-11-19T15:45:45.685640,outcome,This evaluation examines the outcomes of development initiatives in the region. Key findings include improved capacity in 309 focus areas. Recommendations emphasize sustainability and local engagement.,/home/user/evidence-ai/data/raw/undp/documents/Asia/2015/undp_eval_20240309_Evaluation_309__Climate___Resi.pdf,UNDP|Government Agency,en,109,2015,Asia,SDG4|SDG9|SDG14,UNDP ERC,Resilience,Evaluation 309: Climate & Resilience Project - Year 2015
Brazil,UNDP-EVAL-20240310,https://erc.undp.org/api/documents/310/pdf,2025-11-19T15:45:45.697437,thematic,This evaluation examines the outcomes of development initiatives in the region. Key findings include improved capacity in 310 focus areas. Recommendations emphasize sustainability and local engagement.,/home/user/evidence-ai/data/raw/undp/documents/Americas/2024/undp_eval_20240310_Evaluation_310__Climate___Resi.pdf,UNDP|Ministry of Environment|Local NGO,en,110,2024,Americas,SDG5|SDG10|SDG15,UNDP ERC,Environment,Evaluation 310: Climate & Resilience Project - Year 2024
Colombia,UNDP-EVAL-20240311,https://erc.undp.org/api/documents/311/pdf,2025-11-19T15:45:45.709265,project,This evaluation examines the outcomes of development initiatives in the region. Key findings include improved capacity in 311 focus areas. Recommendations emphasize sustainability and local engagement.,/home/user/evidence-ai/data/raw/undp/documents/Americas/2023/undp_eval_20240311_Evaluation_311__Climate___Resi.pdf,UNDP|Government Agency,en,111,2023,Americas,SDG6|SDG11|SDG16,UNDP ERC,Economic Development,Evaluation 311: Climate & Resilience Project - Year 2023
Kenya,UNDP-EVAL-20240312,https://erc.undp.org/api/documents/312/pdf,2025-11-19T15:45:45.721076,outcome,This evaluation examines the outcomes of development initiatives in the region. Key findings include improved capacity in 312 focus areas. Recommendations emphasize sustainability and local engagement.,/home/user/evidence-ai/data/raw/undp/documents/Africa/2022/undp_eval_20240312_Evaluation_312__Climate___Resi.pdf,UNDP|Ministry of Environment|Local NGO,en,112,2022,Africa,SDG7|SDG12|SDG17,UNDP ERC,Climate Action,Evaluation 312: Climate & Resilience Project - Year 2022
Tanzania,UNDP-EVAL-20240313,https://erc.undp.org/api/documents/313/pdf,2025-11-19T15:45:45.732851,thematic,This evaluation examines the outcomes of development initiatives in the region. Key findings include improved capacity in 313 focus areas. Recommendations emphasize sustainability and local engagement.,/home/user/evidence-ai/data/raw/undp/documents/Africa/2021/undp_eval_20240313_Evaluation_313__Climate___Resi.pdf,UNDP|Government Agency,en,113,2021,Africa,SDG8|SDG13|SDG1,UNDP ERC,Governance,Evaluation 313: Climate & Resilience Project - Year 2021
Uganda,UNDP-EVAL-20240314,https://erc.undp.org/api/documents/314/pdf,2025-11-19T15:45:45.744920,project,This evaluation examines the outcomes of development initiatives in the region. Key findings include improved capacity in 314 focus areas. Recommendations emphasize sustainability and local engagement.,/home/user/evidence-ai/data/raw/undp/documents/Africa/2020/undp_eval_20240314_Evaluation_314__Climate___Resi.pdf,UNDP|Ministry of Environment|Local NGO,en,114,2020,Africa,SDG9|SDG14|SDG2,UNDP ERC,Gender Equality,Evaluation 314: Climate & Resilience Project - Year 2020
Ethiopia,UNDP-EVAL-20240315,https://erc.undp.org/api/documents/315/pdf,2025-11-19T15:45:45.756690,outcome,This evaluation examines the outcomes of development initiatives in the region. Key findings include improved capacity in 315 focus areas. Recommendations emphasize sustainability and local engagement.,/home/user/evidence-ai/data/raw/undp/documents/Africa/2019/undp_eval_20240315_Evaluation_315__Climate___Resi.pdf,UNDP|Government Agency,en,115,2019,Africa,SDG10|SDG15|SDG3,UNDP ERC,Resilience,Evaluation 315: Climate & Resilience Project - Year 2019
Nigeria,UNDP-EVAL-20240316,https://erc.undp.org/api/documents/316/pdf,2025-11-19T15:45:45.768503,thematic,This evaluation examines the outcomes of development initiatives in the region. Key findings include improved capacity in 316 focus areas. Recommendations emphasize sustainability and local engagement.,/home/user/evidence-ai/data/raw/undp/documents/Africa/2018/undp_eval_20240316_Evaluation_316__Climate___Resi.pdf,UNDP|Ministry of Environment|Local NGO,en,116,2018,Africa,SDG11|SDG16|SDG4,UNDP ERC,Environment,Evaluation 316: Climate & Resilience Project - Year 2018
Ghana,UNDP-EVAL-20240317,https://erc.undp.org/api/documents/317/pdf,2025-11-19T15:45:45.780282,project,This evaluation examines the outcomes of development initiatives in the region. Key findings include improved capacity in 317 focus areas. Recommendations emphasize sustainability and local engagement.,/home/user/evidence-ai/data/raw/undp/documents/Africa/2017/undp_eval_20240317_Evaluation_317__Climate___Resi.pdf,UNDP|Government Agency,en,117,2017,Africa,SDG12|SDG17|SDG5,UNDP ERC,Economic Development,Evaluation 317: Climate & Resilience Project - Year 2017
Senegal,UNDP-EVAL-20240318,https://erc.undp.org/api/documents/318/pdf,2025-11-19T15:45:45.792262,outcome,This evaluation examines the outcomes of development initiatives in the region. Key findings include improved capacity in 318 focus areas. Recommendations emphasize sustainability and local engagement.,/home/user/evidence-ai/data/raw/undp/documents/Africa/2016/undp_eval_20240318_Evaluation_318__Climate___Resi.pdf,UNDP|Ministry of Environment|Local NGO,en,118,2016,Africa,SDG13|SDG1|SDG6,UNDP ERC,Climate Action,Evaluation 318: Climate & Resilience Project - Year 2016
Bangladesh,UNDP-EVAL-20240319,https://erc.undp.org/api/documents/319/pdf,2025-11-19T15:45:45.804114,thematic,This evaluation examines the outcomes of development initiatives in the region. Key findings include improved capacity in 319 focus areas. Recommendations emphasize sustainability and local engagement.,/home/user/evidence-ai/data/raw/undp/documents/Asia/2015/undp_eval_20240319_Evaluation_319__Climate___Resi.pdf,UNDP|Government Agency,en,119,2015,Asia,SDG14|SDG2|SDG7,UNDP ERC,Governance,Evaluation 319: Climate & Resilience Project - Year 2015
India,UNDP-EVAL-20240320,https://erc.undp.org/api/documents/320/pdf,2025-11-19T15:45:45.815767,project,This evaluation examines the outcomes of development initiatives in the region. Key findings include improved capacity in 320 focus areas. Recommendations emphasize sustainability and local engagement.,/home/user/evidence-ai/data/raw/undp/documents/Asia/2024/undp_eval_20240320_Evaluation_320__Climate___Resi.pdf,UNDP|Ministry of Environment|Local NGO,en,40,2024,Asia,SDG15|SDG3|SDG8,UNDP ERC,Gender Equality,Evaluation 320: Climate & Resilience Project - Year 2024
Vietnam,UNDP-EVAL-20240321,https://erc.undp.org/api/documents/321/pdf,2025-11-19T15:45:45.827668,outcome,This evaluation examines the outcomes of development initiatives in the region. Key findings include improved capacity in 321 focus areas. Recommendations emphasize sustainability and local engagement.,/home/user/evidence-ai/data/raw/undp/documents/Asia/2023/undp_eval_20240321_Evaluation_321__Climate___Resi.pdf,UNDP|Government Agency,en,41,2023,Asia,SDG16|SDG4|SDG9,UNDP ERC,Resilience,Evaluation 321: Climate & Resilience Project - Year 2023
Brazil,UNDP-EVAL-20240322,https://erc.undp.org/api/documents/322/pdf,2025-11-19T15:45:45.839618,thematic,This evaluation examines the outcomes of development initiatives in the region. Key findings include improved capacity in 322 focus areas. Recommendations emphasize sustainability and local engagement.,/home/user/evidence-ai/data/raw/undp/documents/Americas/2022/undp_eval_20240322_Evaluation_322__Climate___Resi.pdf,UNDP|Ministry of Environment|Local NGO,en,42,2022,Americas,SDG17|SDG5|SDG10,UNDP ERC,Environment,Evaluation 322: Climate & Resilience Project - Year 2022
Colombia,UNDP-EVAL-20240323,https://erc.undp.org/api/documents/323/pdf,2025-11-19T15:45:45.851265,project,This evaluation examines the outcomes of development initiatives in the region. Key findings include improved capacity in 323 focus areas. Recommendations emphasize sustainability and local engagement.,/home/user/evidence-ai/data/raw/undp/documents/Americas/2021/undp_eval_20240323_Evaluation_323__Climate___Resi.pdf,UNDP|Government Agency,en,43,2021,Americas,SDG1|SDG6|SDG11,UNDP ERC,Economic Development,Evaluation 323: Climate & Resilience Project - Year 2021
Kenya,UNDP-EVAL-20240324,https://erc.undp.org/api/documents/324/pdf,2025-11-19T15:45:45.863085,outcome,This evaluation examines the outcomes of development initiatives in the region. Key findings include improved capacity in 324 focus areas. Recommendations emphasize sustainability and local engagement.,/home/user/evidence-ai/data/raw/undp/documents/Africa/2020/undp_eval_20240324_Evaluation_324__Climate___Resi.pdf,UNDP|Ministry of Environment|Local NGO,en,44,2020,Africa,SDG2|SDG7|SDG12,UNDP ERC,Climate Action,Evaluation 324: Climate & Resilience Project - Year 2020
Tanzania,UNDP-EVAL-20240325,https://erc.undp.org/api/documents/325/pdf,2025-11-19T15:45:45.874433,thematic,This evaluation examines the outcomes of development initiatives in the region. Key findings include improved capacity in 325 focus areas. Recommendations emphasize sustainability and local engagement.,/home/user/evidence-ai/data/raw/undp/documents/Africa/2019/undp_eval_20240325_Evaluation_325__Climate___Resi.pdf,UNDP|Government Agency,en,45,2019,Africa,SDG3|SDG8|SDG13,UNDP ERC,Governance,Evaluation 325: Climate & Resilience Project - Year 2019
Uganda,UNDP-EVAL-20240326,https://erc.undp.org/api/documents/326/pdf,2025-11-19T15:45:45.886066,project,This evaluation examines the outcomes of development initiatives in the region. Key findings include improved capacity in 326 focus areas. Recommendations emphasize sustainability and local engagement.,/home/user/evidence-ai/data/raw/undp/documents/Africa/2018/undp_eval_20240326_Evaluation_326__Climate___Resi.pdf,UNDP|Ministry of Environment|Local NGO,en,46,2018,Africa,SDG4|SDG9|SDG14,UNDP ERC,Gender Equality,Evaluation 326: Climate & Resilience Project - Year 2018
Ethiopia,UNDP-EVAL-20240327,https://erc.undp.org/api/documents/327/pdf,2025-11-19T15:45:45.897805,outcome,This evaluation examines the outcomes of development initiatives in the region. Key findings include improved capacity in 327 focus areas. Recommendations emphasize sustainability and local engagement.,/home/user/evidence-ai/data/raw/undp/documents/Africa/2017/undp_eval_20240327_Evaluation_327__Climate___Resi.pdf,UNDP|Government Agency,en,47,2017,Africa,SDG5|SDG10|SDG15,UNDP ERC,Resilience,Evaluation 327: Climate & Resilience Project - Year 2017
Nigeria,UNDP-EVAL-20240328,https://erc.undp.org/api/documents/328/pdf,2025-11-19T15:45:45.909472,thematic,This evaluation examines the outcomes of development initiatives in the region. Key findings include improved capacity in 328 focus areas. Recommendations emphasize sustainability and local engagement.,/home/user/evidence-ai/data/raw/undp/documents/Africa/2016/undp_eval_20240328_Evaluation_328__Climate___Resi.pdf,UNDP|Ministry of Environment|Local NGO,en,48,2016,Africa,SDG6|SDG11|SDG16,UNDP ERC,Environment,Evaluation 328: Climate & Resilience Project - Year 2016
Ghana,UNDP-EVAL-20240329,https://erc.undp.org/api/documents/329/pdf,2025-11-19T15:45:45.921231,project,This evaluation examines the outcomes of development initiatives in the region. Key findings include improved capacity in 329 focus areas. Recommendations emphasize sustainability and local engagement.,/home/user/evidence-ai/data/raw/undp/documents/Africa/2015/undp_eval_20240329_Evaluation_329__Climate___Resi.pdf,UNDP|Government Agency,en,49,2015,Africa,SDG7|SDG12|SDG17,UNDP ERC,Economic Development,Evaluation 329: Climate & Resilience Project - Year 2015
Senegal,UNDP-EVAL-20240330,https://erc.undp.org/api/documents/330/pdf,2025-11-19T15:45:45.933088,outcome,This evaluation examines the outcomes of development initiatives in the region. Key findings include improved capacity in 330 focus areas. Recommendations emphasize sustainability and local engagement.,/home/user/evidence-ai/data/raw/undp/documents/Africa/2024/undp_eval_20240330_Evaluation_330__Climate___Resi.pdf,UNDP|Ministry of Environment|Local NGO,en,50,2024,Africa,SDG8|SDG13|SDG1,UNDP ERC,Climate Action,Evaluation 330: Climate & Resilience Project - Year 2024
Bangladesh,UNDP-EVAL-20240331,https://erc.undp.org/api/documents/331/pdf,2025-11-19T15:45:45.944982,thematic,This evaluation examines the outcomes of development initiatives in the region. Key findings include improved capacity in 331 focus areas. Recommendations emphasize sustainability and local engagement.,/home/user/evidence-ai/data/raw/undp/documents/Asia/2023/undp_eval_20240331_Evaluation_331__Climate___Resi.pdf,UNDP|Government Agency,en,51,2023,Asia,SDG9|SDG14|SDG2,UNDP ERC,Governance,Evaluation 331: Climate & Resilience Project - Year 2023
India,UNDP-EVAL-20240332,https://erc.undp.org/api/documents/332/pdf,2025-11-19T15:45:45.956838,project,This evaluation examines the outcomes of development initiatives in the region. Key findings include improved capacity in 332 focus areas. Recommendations emphasize sustainability and local engagement.,/home/user/evidence-ai/data/raw/undp/documents/Asia/2022/undp_eval_20240332_Evaluation_332__Climate___Resi.pdf,UNDP|Ministry of Environment|Local NGO,en,52,2022,Asia,SDG10|SDG15|SDG3,UNDP ERC,Gender Equality,Evaluation 332: Climate & Resilience Project - Year 2022
Vietnam,UNDP-EVAL-20240333,https://erc.undp.org/api/documents/333/pdf,2025-11-19T15:45:45.968699,outcome,This evaluation examines the outcomes of development initiatives in the region. Key findings include improved capacity in 333 focus areas. Recommendations emphasize sustainability and local engagement.,/home/user/evidence-ai/data/raw/undp/documents/Asia/2021/undp_eval_20240333_Evaluation_333__Climate___Resi.pdf,UNDP|Government Agency,en,53,2021,Asia,SDG11|SDG16|SDG4,UNDP ERC,Resilience,Evaluation 333: Climate & Resilience Project - Year 2021
Brazil,UNDP-EVAL-20240334,https://erc.undp.org/api/documents/334/pdf,2025-11-19T15:45:45.980551,thematic,This evaluation examines the outcomes of development initiatives in the region. Key findings include improved capacity in 334 focus areas. Recommendations emphasize sustainability and local engagement.,/home/user/evidence-ai/data/raw/undp/documents/Americas/2020/undp_eval_20240334_Evaluation_334__Climate___Resi.pdf,UNDP|Ministry of Environment|Local NGO,en,54,2020,Americas,SDG12|SDG17|SDG5,UNDP ERC,Environment,Evaluation 334: Climate & Resilience Project - Year 2020
Colombia,UNDP-EVAL-20240335,https://erc.undp.org/api/documents/335/pdf,2025-11-19T15:45:45.992409,project,This evaluation examines the outcomes of development initiatives in the region. Key findings include improved capacity in 335 focus areas. Recommendations emphasize sustainability and local engagement.,/home/user/evidence-ai/data/raw/undp/documents/Americas/2019/undp_eval_20240335_Evaluation_335__Climate___Resi.pdf,UNDP|Government Agency,en,55,2019,Americas,SDG13|SDG1|SDG6,UNDP ERC,Economic Development,Evaluation 335: Climate & Resilience Project - Year 2019
Kenya,UNDP-EVAL-20240336,https://erc.undp.org/api/documents/336/pdf,2025-11-19T15:45:46.004309,outcome,This evaluation examines the outcomes of development initiatives in the region. Key findings include improved capacity in 336 focus areas. Recommendations emphasize sustainability and local engagement.,/home/user/evidence-ai/data/raw/undp/documents/Africa/2018/undp_eval_20240336_Evaluation_336__Climate___Resi.pdf,UNDP|Ministry of Environment|Local NGO,en,56,2018,Africa,SDG14|SDG2|SDG7,UNDP ERC,Climate Action,Evaluation 336: Climate & Resilience Project - Year 2018
Tanzania,UNDP-EVAL-20240337,https://erc.undp.org/api/documents/337/pdf,2025-11-19T15:45:46.016031,thematic,This evaluation examines the outcomes of development initiatives in the region. Key findings include improved capacity in 337 focus areas. Recommendations emphasize sustainability and local engagement.,/home/user/evidence-ai/data/raw/undp/documents/Africa/2017/undp_eval_20240337_Evaluation_337__Climate___Resi.pdf,UNDP|Government Agency,en,57,2017,Africa,SDG15|SDG3|SDG8,UNDP ERC,Governance,Evaluation 337: Climate & Resilience Project - Year 2017
Uganda,UNDP-EVAL-20240338,https://erc.undp.org/api/documents/338/pdf,2025-11-19T15:45:46.027960,project,This evaluation examines the outcomes of development initiatives in the region. Key findings include improved capacity in 338 focus areas. Recommendations emphasize sustainability and local engagement.,/home/user/evidence-ai/data/raw/undp/documents/Africa/2016/undp_eval_20240338_Evaluation_338__Climate___Resi.pdf,UNDP|Ministry of Environment|Local NGO,en,58,2016,Africa,SDG16|SDG4|SDG9,UNDP ERC,Gender Equality,Evaluation 338: Climate & Resilience Project - Year 2016
Ethiopia,UNDP-EVAL-20240339,https://erc.undp.org/api/documents/339/pdf,2025-11-19T15:45:46.039860,outcome,This evaluation examines the outcomes of development initiatives in the region. Key findings include improved capacity in 339 focus areas. Recommendations emphasize sustainability and local engagement.,/home/user/evidence-ai/data/raw/undp/documents/Africa/2015/undp_eval_20240339_Evaluation_339__Climate___Resi.pdf,UNDP|Government Agency,en,59,2015,Africa,SDG17|SDG5|SDG10,UNDP ERC,Resilience,Evaluation 339: Climate & Resilience Project - Year 2015
Nigeria,UNDP-EVAL-20240340,https://erc.undp.org/api/documents/340/pdf,2025-11-19T15:45:46.051810,thematic,This evaluation examines the outcomes of development initiatives in the region. Key findings include improved capacity in 340 focus areas. Recommendations emphasize sustainability and local engagement.,/home/user/evidence-ai/data/raw/undp/documents/Africa/2024/undp_eval_20240340_Evaluation_340__Climate___Resi.pdf,UNDP|Ministry of Environment|Local NGO,en,60,2024,Africa,SDG1|SDG6|SDG11,UNDP ERC,Environment,Evaluation 340: Climate & Resilience Project - Year 2024
Ghana,UNDP-EVAL-20240341,https://erc.undp.org/api/documents/341/pdf,2025-11-19T15:45:46.063669,project,This evaluation examines the outcomes of development initiatives in the region. Key findings include improved capacity in 341 focus areas. Recommendations emphasize sustainability and local engagement.,/home/user/evidence-ai/data/raw/undp/documents/Africa/2023/undp_eval_20240341_Evaluation_341__Climate___Resi.pdf,UNDP|Government Agency,en,61,2023,Africa,SDG2|SDG7|SDG12,UNDP ERC,Economic Development,Evaluation 341: Climate & Resilience Project - Year 2023
Senegal,UNDP-EVAL-20240342,https://erc.undp.org/api/documents/342/pdf,2025-11-19T15:45:46.075662,outcome,This evaluation examines the outcomes of development initiatives in the region. Key findings include improved capacity in 342 focus areas. Recommendations emphasize sustainability and local engagement.,/home/user/evidence-ai/data/raw/undp/documents/Africa/2022/undp_eval_20240342_Evaluation_342__Climate___Resi.pdf,UNDP|Ministry of Environment|Local NGO,en,62,2022,Africa,SDG3|SDG8|SDG13,UNDP ERC,Climate Action,Evaluation 342: Climate & Resilience Project - Year 2022
Bangladesh,UNDP-EVAL-20240343,https://erc.undp.org/api/documents/343/pdf,2025-11-19T15:45:46.087617,thematic,This evaluation examines the outcomes of development initiatives in the region. Key findings include improved capacity in 343 focus areas. Recommendations emphasize sustainability and local engagement.,/home/user/evidence-ai/data/raw/undp/documents/Asia/2021/undp_eval_20240343_Evaluation_343__Climate___Resi.pdf,UNDP|Government Agency,en,63,2021,Asia,SDG4|SDG9|SDG14,UNDP ERC,Governance,Evaluation 343: Climate & Resilience Project - Year 2021
India,UNDP-EVAL-20240344,https://erc.undp.org/api/documents/344/pdf,2025-11-19T15:45:46.099389,project,This evaluation examines the outcomes of development initiatives in the region. Key findings include improved capacity in 344 focus areas. Recommendations emphasize sustainability and local engagement.,/home/user/evidence-ai/data/raw/undp/documents/Asia/2020/undp_eval_20240344_Evaluation_344__Climate___Resi.pdf,UNDP|Ministry of Environment|Local NGO,en,64,2020,Asia,SDG5|SDG10|SDG15,UNDP ERC,Gender Equality,Evaluation 344: Climate & Resilience Project - Year 2020
Vietnam,UNDP-EVAL-20240345,https://erc.undp.org/api/documents/345/pdf,2025-11-19T15:45:46.111305,outcome,This evaluation examines the outcomes of development initiatives in the region. Key findings include improved capacity in 345 focus areas. Recommendations emphasize sustainability and local engagement.,/home/user/evidence-ai/data/raw/undp/documents/Asia/2019/undp_eval_20240345_Evaluation_345__Climate___Resi.pdf,UNDP|Government Agency,en,65,2019,Asia,SDG6|SDG11|SDG16,UNDP ERC,Resilience,Evaluation 345: Climate & Resilience Project - Year 2019
Brazil,UNDP-EVAL-20240346,https://erc.undp.org/api/documents/346/pdf,2025-11-19T15:45:46.123201,thematic,This evaluation examines the outcomes of development initiatives in the region. Key findings include improved capacity in 346 focus areas. Recommendations emphasize sustainability and local engagement.,/home/user/evidence-ai/data/raw/undp/documents/Americas/2018/undp_eval_20240346_Evaluation_346__Climate___Resi.pdf,UNDP|Ministry of Environment|Local NGO,en,66,2018,Americas,SDG7|SDG12|SDG17,UNDP ERC,Environment,Evaluation 346: Climate & Resilience Project - Year 2018
Colombia,UNDP-EVAL-20240347,https://erc.undp.org/api/documents/347/pdf,2025-11-19T15:45:46.135323,project,This evaluation examines the outcomes of development initiatives in the region. Key findings include improved capacity in 347 focus areas. Recommendations emphasize sustainability and local engagement.,/home/user/evidence-ai/data/raw/undp/documents/Americas/2017/undp_eval_20240347_Evaluation_347__Climate___Resi.pdf,UNDP|Government Agency,en,67,2017,Americas,SDG8|SDG13|SDG1,UNDP ERC,Economic Development,Evaluation 347: Climate & Resilience Project - Year 2017
Kenya,UNDP-EVAL-20240348,https://erc.undp.org/api/documents/348/pdf,2025-11-19T15:45:46.146977,outcome,This evaluation examines the outcomes of development initiatives in the region. Key findings include improved capacity in 348 focus areas. Recommendations emphasize sustainability and local engagement.,/home/user/evidence-ai/data/raw/undp/documents/Africa/2016/undp_eval_20240348_Evaluation_348__Climate___Resi.pdf,UNDP|Ministry of Environment|Local NGO,en,68,2016,Africa,SDG9|SDG14|SDG2,UNDP ERC,Climate Action,Evaluation 348: Climate & Resilience Project - Year 2016
Tanzania,UNDP-EVAL-20240349,https://erc.undp.org/api/documents/349/pdf,2025-11-19T15:45:46.158745,thematic,This evaluation examines the outcomes of development initiatives in the region. Key findings include improved capacity in 349 focus areas. Recommendations emphasize sustainability and local engagement.,/home/user/evidence-ai/data/raw/undp/documents/Africa/2015/undp_eval_20240349_Evaluation_349__Climate___Resi.pdf,UNDP|Government Agency,en,69,2015,Africa,SDG10|SDG15|SDG3,UNDP ERC,Governance,Evaluation 349: Climate & Resilience Project - Year 2015
Uganda,UNDP-EVAL-20240350,https://erc.undp.org/api/documents/350/pdf,2025-11-19T15:45:46.170750,project,This evaluation examines the outcomes of development initiatives in the region. Key findings include improved capacity in 350 focus areas. Recommendations emphasize sustainability and local engagement.,/home/user/evidence-ai/data/raw/undp/documents/Africa/2024/undp_eval_20240350_Evaluation_350__Climate___Resi.pdf,UNDP|Ministry of Environment|Local NGO,en,70,2024,Africa,SDG11|SDG16|SDG4,UNDP ERC,Gender Equality,Evaluation 350: Climate & Resilience Project - Year 2024
Ethiopia,UNDP-EVAL-20240351,https://erc.undp.org/api/documents/351/pdf,2025-11-19T15:45:46.182585,outcome,This evaluation examines the outcomes of development initiatives in the region. Key findings include improved capacity in 351 focus areas. Recommendations emphasize sustainability and local engagement.,/home/user/evidence-ai/data/raw/undp/documents/Africa/2023/undp_eval_20240351_Evaluation_351__Climate___Resi.pdf,UNDP|Government Agency,en,71,2023,Africa,SDG12|SDG17|SDG5,UNDP ERC,Resilience,Evaluation 351: Climate & Resilience Project - Year 2023
Nigeria,UNDP-EVAL-20240352,https://erc.undp.org/api/documents/352/pdf,2025-11-19T15:45:46.194316,thematic,This evaluation examines the outcomes of development initiatives in the region. Key findings include improved capacity in 352 focus areas. Recommendations emphasize sustainability and local engagement.,/home/user/evidence-ai/data/raw/undp/documents/Africa/2022/undp_eval_20240352_Evaluation_352__Climate___Resi.pdf,UNDP|Ministry of Environment|Local NGO,en,72,2022,Africa,SDG13|SDG1|SDG6,UNDP ERC,Environment,Evaluation 352: Climate & Resilience Project - Year 2022
Ghana,UNDP-EVAL-20240353,https://erc.undp.org/api/documents/353/pdf,2025-11-19T15:45:46.206239,project,This evaluation examines the outcomes of development initiatives in the region. Key findings include improved capacity in 353 focus areas. Recommendations emphasize sustainability and local engagement.,/home/user/evidence-ai/data/raw/undp/documents/Africa/2021/undp_eval_20240353_Evaluation_353__Climate___Resi.pdf,UNDP|Government Agency,en,73,2021,Africa,SDG14|SDG2|SDG7,UNDP ERC,Economic Development,Evaluation 353: Climate & Resilience Project - Year 2021
Senegal,UNDP-EVAL-20240354,https://erc.undp.org/api/documents/354/pdf,2025-11-19T15:45:46.218136,outcome,This evaluation examines the outcomes of development initiatives in the region. Key findings include improved capacity in 354 focus areas. Recommendations emphasize sustainability and local engagement.,/home/user/evidence-ai/data/raw/undp/documents/Africa/2020/undp_eval_20240354_Evaluation_354__Climate___Resi.pdf,UNDP|Ministry of Environment|Local NGO,en,74,2020,Africa,SDG15|SDG3|SDG8,UNDP ERC,Climate Action,Evaluation 354: Climate & Resilience Project - Year 2020
Bangladesh,UNDP-EVAL-20240355,https://erc.undp.org/api/documents/355/pdf,2025-11-19T15:45:46.229909,thematic,This evaluation examines the outcomes of development initiatives in the region. Key findings include improved capacity in 355 focus areas. Recommendations emphasize sustainability and local engagement.,/home/user/evidence-ai/data/raw/undp/documents/Asia/2019/undp_eval_20240355_Evaluation_355__Climate___Resi.pdf,UNDP|Government Agency,en,75,2019,Asia,SDG16|SDG4|SDG9,UNDP ERC,Governance,Evaluation 355: Climate & Resilience Project - Year 2019
India,UNDP-EVAL-20240356,https://erc.undp.org/api/documents/356/pdf,2025-11-19T15:45:46.241762,project,This evaluation examines the outcomes of development initiatives in the region. Key findings include improved capacity in 356 focus areas. Recommendations emphasize sustainability and local engagement.,/home/user/evidence-ai/data/raw/undp/documents/Asia/2018/undp_eval_20240356_Evaluation_356__Climate___Resi.pdf,UNDP|Ministry of Environment|Local NGO,en,76,2018,Asia,SDG17|SDG5|SDG10,UNDP ERC,Gender Equality,Evaluation 356: Climate & Resilience Project - Year 2018
Vietnam,UNDP-EVAL-20240357,https://erc.undp.org/api/documents/357/pdf,2025-11-19T15:45:46.253660,outcome,This evaluation examines the outcomes of development initiatives in the region. Key findings include improved capacity in 357 focus areas. Recommendations emphasize sustainability and local engagement.,/home/user/evidence-ai/data/raw/undp/documents/Asia/2017/undp_eval_20240357_Evaluation_357__Climate___Resi.pdf,UNDP|Government Agency,en,77,2017,Asia,SDG1|SDG6|SDG11,UNDP ERC,Resilience,Evaluation 357: Climate & Resilience Project - Year 2017
Brazil,UNDP-EVAL-20240358,https://erc.undp.org/api/documents/358/pdf,2025-11-19T15:45:46.265312,thematic,This evaluation examines the outcomes of development initiatives in the region. Key findings include improved capacity in 358 focus areas. Recommendations emphasize sustainability and local engagement.,/home/user/evidence-ai/data/raw/undp/documents/Americas/2016/undp_eval_20240358_Evaluation_358__Climate___Resi.pdf,UNDP|Ministry of Environment|Local NGO,en,78,2016,Americas,SDG2|SDG7|SDG12,UNDP ERC,Environment,Evaluation 358: Climate & Resilience Project - Year 2016
Colombia,UNDP-EVAL-20240359,https://erc.undp.org/api/documents/359/pdf,2025-11-19T15:45:46.277120,project,This evaluation examines the outcomes of development initiatives in the region. Key findings include improved capacity in 359 focus areas. Recommendations emphasize sustainability and local engagement.,/home/user/evidence-ai/data/raw/undp/documents/Americas/2015/undp_eval_20240359_Evaluation_359__Climate___Resi.pdf,UNDP|Government Agency,en,79,2015,Americas,SDG3|SDG8|SDG13,UNDP ERC,Economic Development,Evaluation 359: Climate & Resilience Project - Year 2015
Kenya,UNDP-EVAL-20240360,https://erc.undp.org/api/documents/360/pdf,2025-11-19T15:45:46.289001,outcome,This evaluation examines the outcomes of development initiatives in the region. Key findings include improved capacity in 360 focus areas. Recommendations emphasize sustainability and local engagement.,/home/user/evidence-ai/data/raw/undp/documents/Africa/2024/undp_eval_20240360_Evaluation_360__Climate___Resi.pdf,UNDP|Ministry of Environment|Local NGO,en,80,2024,Africa,SDG4|SDG9|SDG14,UNDP ERC,Climate Action,Evaluation 360: Climate & Resilience Project - Year 2024
Tanzania,UNDP-EVAL-20240361,https://erc.undp.org/api/documents/361/pdf,2025-11-19T15:45:46.299928,thematic,This evaluation examines the outcomes of development initiatives in the region. Key findings include improved capacity in 361 focus areas. Recommendations emphasize sustainability and local engagement.,/home/user/evidence-ai/data/raw/undp/documents/Africa/2023/undp_eval_20240361_Evaluation_361__Climate___Resi.pdf,UNDP|Government Agency,en,81,2023,Africa,SDG5|SDG10|SDG15,UNDP ERC,Governance,Evaluation 361: Climate & Resilience Project - Year 2023
Uganda,UNDP-EVAL-20240362,https://erc.undp.org/api/documents/362/pdf,2025-11-19T15:45:46.311706,project,This evaluation examines the outcomes of development initiatives in the region. Key findings include improved capacity in 362 focus areas. Recommendations emphasize sustainability and local engagement.,/home/user/evidence-ai/data/raw/undp/documents/Africa/2022/undp_eval_20240362_Evaluation_362__Climate___Resi.pdf,UNDP|Ministry of Environment|Local NGO,en,82,2022,Africa,SDG6|SDG11|SDG16,UNDP ERC,Gender Equality,Evaluation 362: Climate & Resilience Project - Year 2022
Ethiopia,UNDP-EVAL-20240363,https://erc.undp.org/api/documents/363/pdf,2025-11-19T15:45:46.323653,outcome,This evaluation examines the outcomes of development initiatives in the region. Key findings include improved capacity in 363 focus areas. Recommendations emphasize sustainability and local engagement.,/home/user/evidence-ai/data/raw/undp/documents/Africa/2021/undp_eval_20240363_Evaluation_363__Climate___Resi.pdf,UNDP|Government Agency,en,83,2021,Africa,SDG7|SDG12|SDG17,UNDP ERC,Resilience,Evaluation 363: Climate & Resilience Project - Year 2021
Nigeria,UNDP-EVAL-20240364,https://erc.undp.org/api/documents/364/pdf,2025-11-19T15:45:46.335699,thematic,This evaluation examines the outcomes of development initiatives in the region. Key findings include improved capacity in 364 focus areas. Recommendations emphasize sustainability and local engagement.,/home/user/evidence-ai/data/raw/undp/documents/Africa/2020/undp_eval_20240364_Evaluation_364__Climate___Resi.pdf,UNDP|Ministry of Environment|Local NGO,en,84,2020,Africa,SDG8|SDG13|SDG1,UNDP ERC,Environment,Evaluation 364: Climate & Resilience Project - Year 2020
Ghana,UNDP-EVAL-20240365,https://erc.undp.org/api/documents/365/pdf,2025-11-19T15:45:46.347559,project,This evaluation examines the outcomes of development initiatives in the region. Key findings include improved capacity in 365 focus areas. Recommendations emphasize sustainability and local engagement.,/home/user/evidence-ai/data/raw/undp/documents/Africa/2019/undp_eval_20240365_Evaluation_365__Climate___Resi.pdf,UNDP|Government Agency,en,85,2019,Africa,SDG9|SDG14|SDG2,UNDP ERC,Economic Development,Evaluation 365: Climate & Resilience Project - Year 2019
Senegal,UNDP-EVAL-20240366,https://erc.undp.org/api/documents/366/pdf,2025-11-19T15:45:46.359287,outcome,This evaluation examines the outcomes of development initiatives in the region. Key findings include improved capacity in 366 focus areas. Recommendations emphasize sustainability and local engagement.,/home/user/evidence-ai/data/raw/undp/documents/Africa/2018/undp_eval_20240366_Evaluation_366__Climate___Resi.pdf,UNDP|Ministry of Environment|Local NGO,en,86,2018,Africa,SDG10|SDG15|SDG3,UNDP ERC,Climate Action,Evaluation 366: Climate & Resilience Project - Year 2018
Bangladesh,UNDP-EVAL-20240367,https://erc.undp.org/api/documents/367/pdf,2025-11-19T15:45:46.371210,thematic,This evaluation examines the outcomes of development initiatives in the region. Key findings include improved capacity in 367 focus areas. Recommendations emphasize sustainability and local engagement.,/home/user/evidence-ai/data/raw/undp/documents/Asia/2017/undp_eval_20240367_Evaluation_367__Climate___Resi.pdf,UNDP|Government Agency,en,87,2017,Asia,SDG11|SDG16|SDG4,UNDP ERC,Governance,Evaluation 367: Climate & Resilience Project - Year 2017
India,UNDP-EVAL-20240368,https://erc.undp.org/api/documents/368/pdf,2025-11-19T15:45:46.383263,project,This evaluation examines the outcomes of development initiatives in the region. Key findings include improved capacity in 368 focus areas. Recommendations emphasize sustainability and local engagement.,/home/user/evidence-ai/data/raw/undp/documents/Asia/2016/undp_eval_20240368_Evaluation_368__Climate___Resi.pdf,UNDP|Ministry of Environment|Local NGO,en,88,2016,Asia,SDG12|SDG17|SDG5,UNDP ERC,Gender Equality,Evaluation 368: Climate & Resilience Project - Year 2016
Vietnam,UNDP-EVAL-20240369,https://erc.undp.org/api/documents/369/pdf,2025-11-19T15:45:46.394801,outcome,This evaluation examines the outcomes of development initiatives in the region. Key findings include improved capacity in 369 focus areas. Recommendations emphasize sustainability and local engagement.,/home/user/evidence-ai/data/raw/undp/documents/Asia/2015/undp_eval_20240369_Evaluation_369__Climate___Resi.pdf,UNDP|Government Agency,en,89,2015,Asia,SDG13|SDG1|SDG6,UNDP ERC,Resilience,Evaluation 369: Climate & Resilience Project - Year 2015
Brazil,UNDP-EVAL-20240370,https://erc.undp.org/api/documents/370/pdf,2025-11-19T15:45:46.406712,thematic,This evaluation examines the outcomes of development initiatives in the region. Key findings include improved capacity in 370 focus areas. Recommendations emphasize sustainability and local engagement.,/home/user/evidence-ai/data/raw/undp/documents/Americas/2024/undp_eval_20240370_Evaluation_370__Climate___Resi.pdf,UNDP|Ministry of Environment|Local NGO,en,90,2024,Americas,SDG14|SDG2|SDG7,UNDP ERC,Environment,Evaluation 370: Climate & Resilience Project - Year 2024
Colombia,UNDP-EVAL-20240371,https://erc.undp.org/api/documents/371/pdf,2025-11-19T15:45:46.418578,project,This evaluation examines the outcomes of development initiatives in the region. Key findings include improved capacity in 371 focus areas. Recommendations emphasize sustainability and local engagement.,/home/user/evidence-ai/data/raw/undp/documents/Americas/2023/undp_eval_20240371_Evaluation_371__Climate___Resi.pdf,UNDP|Government Agency,en,91,2023,Americas,SDG15|SDG3|SDG8,UNDP ERC,Economic Development,Evaluation 371: Climate & Resilience Project - Year 2023
Kenya,UNDP-EVAL-20240372,https://erc.undp.org/api/documents/372/pdf,2025-11-19T15:45:46.430281,outcome,This evaluation examines the outcomes of development initiatives in the region. Key findings include improved capacity in 372 focus areas. Recommendations emphasize sustainability and local engagement.,/home/user/evidence-ai/data/raw/undp/documents/Africa/2022/undp_eval_20240372_Evaluation_372__Climate___Resi.pdf,UNDP|Ministry of Environment|Local NGO,en,92,2022,Africa,SDG16|SDG4|SDG9,UNDP ERC,Climate Action,Evaluation 372: Climate & Resilience Project - Year 2022
Tanzania,UNDP-EVAL-20240373,https://erc.undp.org/api/documents/373/pdf,2025-11-19T15:45:46.441091,thematic,This evaluation examines the outcomes of development initiatives in the region. Key findings include improved capacity in 373 focus areas. Recommendations emphasize sustainability and local engagement.,/home/user/evidence-ai/data/raw/undp/documents/Africa/2021/undp_eval_20240373_Evaluation_373__Climate___Resi.pdf,UNDP|Government Agency,en,93,2021,Africa,SDG17|SDG5|SDG10,UNDP ERC,Governance,Evaluation 373: Climate & Resilience Project - Year 2021
Uganda,UNDP-EVAL-20240374,https://erc.undp.org/api/documents/374/pdf,2025-11-19T15:45:46.451974,project,This evaluation examines the outcomes of development initiatives in the region. Key findings include improved capacity in 374 focus areas. Recommendations emphasize sustainability and local engagement.,/home/user/evidence-ai/data/raw/undp/documents/Africa/2020/undp_eval_20240374_Evaluation_374__Climate___Resi.pdf,UNDP|Ministry of Environment|Local NGO,en,94,2020,Africa,SDG1|SDG6|SDG11,UNDP ERC,Gender Equality,Evaluation 374: Climate & Resilience Project - Year 2020
Ethiopia,UNDP-EVAL-20240375,https://erc.undp.org/api/documents/375/pdf,2025-11-19T15:45:46.463800,outcome,This evaluation examines the outcomes of development initiatives in the region. Key findings include improved capacity in 375 focus areas. Recommendations emphasize sustainability and local engagement.,/home/user/evidence-ai/data/raw/undp/documents/Africa/2019/undp_eval_20240375_Evaluation_375__Climate___Resi.pdf,UNDP|Government Agency,en,95,2019,Africa,SDG2|SDG7|SDG12,UNDP ERC,Resilience,Evaluation 375: Climate & Resilience Project - Year 2019
Nigeria,UNDP-EVAL-20240376,https://erc.undp.org/api/documents/376/pdf,2025-11-19T15:45:46.475581,thematic,This evaluation examines the outcomes of development initiatives in the region. Key findings include improved capacity in 376 focus areas. Recommendations emphasize sustainability and local engagement.,/home/user/evidence-ai/data/raw/undp/documents/Africa/2018/undp_eval_20240376_Evaluation_376__Climate___Resi.pdf,UNDP|Ministry of Environment|Local NGO,en,96,2018,Africa,SDG3|SDG8|SDG13,UNDP ERC,Environment,Evaluation 376: Climate & Resilience Project - Year 2018
Ghana,UNDP-EVAL-20240377,https://erc.undp.org/api/documents/377/pdf,2025-11-19T15:45:46.487357,project,This evaluation examines the outcomes of development initiatives in the region. Key findings include improved capacity in 377 focus areas. Recommendations emphasize sustainability and local engagement.,/home/user/evidence-ai/data/raw/undp/documents/Africa/2017/undp_eval_20240377_Evaluation_377__Climate___Resi.pdf,UNDP|Government Agency,en,97,2017,Africa,SDG4|SDG9|SDG14,UNDP ERC,Economic Development,Evaluation 377: Climate & Resilience Project - Year 2017
Senegal,UNDP-EVAL-20240378,https://erc.undp.org/api/documents/378/pdf,2025-11-19T15:45:46.499144,outcome,This evaluation examines the outcomes of development initiatives in the region. Key findings include improved capacity in 378 focus areas. Recommendations emphasize sustainability and local engagement.,/home/user/evidence-ai/data/raw/undp/documents/Africa/2016/undp_eval_20240378_Evaluation_378__Climate___Resi.pdf,UNDP|Ministry of Environment|Local NGO,en,98,2016,Africa,SDG5|SDG10|SDG15,UNDP ERC,Climate Action,Evaluation 378: Climate & Resilience Project - Year 2016
Bangladesh,UNDP-EVAL-20240379,https://erc.undp.org/api/documents/379/pdf,2025-11-19T15:45:46.509936,thematic,This evaluation examines the outcomes of development initiatives in the region. Key findings include improved capacity in 379 focus areas. Recommendations emphasize sustainability and local engagement.,/home/user/evidence-ai/data/raw/undp/documents/Asia/2015/undp_eval_20240379_Evaluation_379__Climate___Resi.pdf,UNDP|Government Agency,en,99,2015,Asia,SDG6|SDG11|SDG16,UNDP ERC,Governance,Evaluation 379: Climate & Resilience Project - Year 2015
India,UNDP-EVAL-20240380,https://erc.undp.org/api/documents/380/pdf,2025-11-19T15:45:46.521660,project,This evaluation examines the outcomes of development initiatives in the region. Key findings include improved capacity in 380 focus areas. Recommendations emphasize sustainability and local engagement.,/home/user/evidence-ai/data/raw/undp/documents/Asia/2024/undp_eval_20240380_Evaluation_380__Climate___Resi.pdf,UNDP|Ministry of Environment|Local NGO,en,100,2024,Asia,SDG7|SDG12|SDG17,UNDP ERC,Gender Equality,Evaluation 380: Climate & Resilience Project - Year 2024
Vietnam,UNDP-EVAL-20240381,https://erc.undp.org/api/documents/381/pdf,2025-11-19T15:45:46.532419,outcome,This evaluation examines the outcomes of development initiatives in the region. Key findings include improved capacity in 381 focus areas. Recommendations emphasize sustainability and local engagement.,/home/user/evidence-ai/data/raw/undp/documents/Asia/2023/undp_eval_20240381_Evaluation_381__Climate___Resi.pdf,UNDP|Government Agency,en,101,2023,Asia,SDG8|SDG13|SDG1,UNDP ERC,Resilience,Evaluation 381: Climate & Resilience Project - Year 2023
Brazil,UNDP-EVAL-20240382,https://erc.undp.org/api/documents/382/pdf,2025-11-19T15:45:46.543176,thematic,This evaluation examines the outcomes of development initiatives in the region. Key findings include improved capacity in 382 focus areas. Recommendations emphasize sustainability and local engagement.,/home/user/evidence-ai/data/raw/undp/documents/Americas/2022/undp_eval_20240382_Evaluation_382__Climate___Resi.pdf,UNDP|Ministry of Environment|Local NGO,en,102,2022,Americas,SDG9|SDG14|SDG2,UNDP ERC,Environment,Evaluation 382: Climate & Resilience Project - Year 2022
Colombia,UNDP-EVAL-20240383,https://erc.undp.org/api/documents/383/pdf,2025-11-19T15:45:46.553988,project,This evaluation examines the outcomes of development initiatives in the region. Key findings include improved capacity in 383 focus areas. Recommendations emphasize sustainability and local engagement.,/home/user/evidence-ai/data/raw/undp/documents/Americas/2021/undp_eval_20240383_Evaluation_383__Climate___Resi.pdf,UNDP|Government Agency,en,103,2021,Americas,SDG10|SDG15|SDG3,UNDP ERC,Economic Development,Evaluation 383: Climate & Resilience Project - Year 2021
Kenya,UNDP-EVAL-20240384,https://erc.undp.org/api/documents/384/pdf,2025-11-19T15:45:46.565929,outcome,This evaluation examines the outcomes of development initiatives in the region. Key findings include improved capacity in 384 focus areas. Recommendations emphasize sustainability and local engagement.,/home/user/evidence-ai/data/raw/undp/documents/Africa/2020/undp_eval_20240384_Evaluation_384__Climate___Resi.pdf,UNDP|Ministry of Environment|Local NGO,en,104,2020,Africa,SDG11|SDG16|SDG4,UNDP ERC,Climate Action,Evaluation 384: Climate & Resilience Project - Year 2020
Tanzania,UNDP-EVAL-20240385,https://erc.undp.org/api/documents/385/pdf,2025-11-19T15:45:46.577718,thematic,This evaluation examines the outcomes of development initiatives in the region. Key findings include improved capacity in 385 focus areas. Recommendations emphasize sustainability and local engagement.,/home/user/evidence-ai/data/raw/undp/documents/Africa/2019/undp_eval_20240385_Evaluation_385__Climate___Resi.pdf,UNDP|Government Agency,en,105,2019,Africa,SDG12|SDG17|SDG5,UNDP ERC,Governance,Evaluation 385: Climate & Resilience Project - Year 2019
Uganda,UNDP-EVAL-20240386,https://erc.undp.org/api/documents/386/pdf,2025-11-19T15:45:46.589686,project,This evaluation examines the outcomes of development initiatives in the region. Key findings include improved capacity in 386 focus areas. Recommendations emphasize sustainability and local engagement.,/home/user/evidence-ai/data/raw/undp/documents/Africa/2018/undp_eval_20240386_Evaluation_386__Climate___Resi.pdf,UNDP|Ministry of Environment|Local NGO,en,106,2018,Africa,SDG13|SDG1|SDG6,UNDP ERC,Gender Equality,Evaluation 386: Climate & Resilience Project - Year 2018
Ethiopia,UNDP-EVAL-20240387,https://erc.undp.org/api/documents/387/pdf,2025-11-19T15:45:46.601770,outcome,This evaluation examines the outcomes of development initiatives in the region. Key findings include improved capacity in 387 focus areas. Recommendations emphasize sustainability and local engagement.,/home/user/evidence-ai/data/raw/undp/documents/Africa/2017/undp_eval_20240387_Evaluation_387__Climate___Resi.pdf,UNDP|Government Agency,en,107,2017,Africa,SDG14|SDG2|SDG7,UNDP ERC,Resilience,Evaluation 387: Climate & Resilience Project - Year 2017
Nigeria,UNDP-EVAL-20240388,https://erc.undp.org/api/documents/388/pdf,2025-11-19T15:45:46.613718,thematic,This evaluation examines the outcomes of development initiatives in the region. Key findings include improved capacity in 388 focus areas. Recommendations emphasize sustainability and local engagement.,/home/user/evidence-ai/data/raw/undp/documents/Africa/2016/undp_eval_20240388_Evaluation_388__Climate___Resi.pdf,UNDP|Ministry of Environment|Local NGO,en,108,2016,Africa,SDG15|SDG3|SDG8,UNDP ERC,Environment,Evaluation 388: Climate & Resilience Project - Year 2016
Ghana,UNDP-EVAL-20240389,https://erc.undp.org/api/documents/389/pdf,2025-11-19T15:45:46.625513,project,This evaluation examines the outcomes of development initiatives in the region. Key findings include improved capacity in 389 focus areas. Recommendations emphasize sustainability and local engagement.,/home/user/evidence-ai/data/raw/undp/documents/Africa/2015/undp_eval_20240389_Evaluation_389__Climate___Resi.pdf,UNDP|Government Agency,en,109,2015,Africa,SDG16|SDG4|SDG9,UNDP ERC,Economic Development,Evaluation 389: Climate & Resilience Project - Year 2015
Senegal,UNDP-EVAL-20240390,https://erc.undp.org/api/documents/390/pdf,2025-11-19T15:45:46.637622,outcome,This evaluation examines the outcomes of development initiatives in the region. Key findings include improved capacity in 390 focus areas. Recommendations emphasize sustainability and local engagement.,/home/user/evidence-ai/data/raw/undp/documents/Africa/2024/undp_eval_20240390_Evaluation_390__Climate___Resi.pdf,UNDP|Ministry of Environment|Local NGO,en,110,2024,Africa,SDG17|SDG5|SDG10,UNDP ERC,Climate Action,Evaluation 390: Climate & Resilience Project - Year 2024
Bangladesh,UNDP-EVAL-20240391,https://erc.undp.org/api/documents/391/pdf,2025-11-19T15:45:46.649553,thematic,This evaluation examines the outcomes of development initiatives in the region. Key findings include improved capacity in 391 focus areas. Recommendations emphasize sustainability and local engagement.,/home/user/evidence-ai/data/raw/undp/documents/Asia/2023/undp_eval_20240391_Evaluation_391__Climate___Resi.pdf,UNDP|Government Agency,en,111,2023,Asia,SDG1|SDG6|SDG11,UNDP ERC,Governance,Evaluation 391: Climate & Resilience Project - Year 2023
India,UNDP-EVAL-20240392,https://erc.undp.org/api/documents/392/pdf,2025-11-19T15:45:46.661373,project,This evaluation examines the outcomes of development initiatives in the region. Key findings include improved capacity in 392 focus areas. Recommendations emphasize sustainability and local engagement.,/home/user/evidence-ai/data/raw/undp/documents/Asia/2022/undp_eval_20240392_Evaluation_392__Climate___Resi.pdf,UNDP|Ministry of Environment|Local NGO,en,112,2022,Asia,SDG2|SDG7|SDG12,UNDP ERC,Gender Equality,Evaluation 392: Climate & Resilience Project - Year 2022
Vietnam,UNDP-EVAL-20240393,https://erc.undp.org/api/documents/393/pdf,2025-11-19T15:45:46.673260,outcome,This evaluation examines the outcomes of development initiatives in the region. Key findings include improved capacity in 393 focus areas. Recommendations emphasize sustainability and local engagement.,/home/user/evidence-ai/data/raw/undp/documents/Asia/2021/undp_eval_20240393_Evaluation_393__Climate___Resi.pdf,UNDP|Government Agency,en,113,2021,Asia,SDG3|SDG8|SDG13,UNDP ERC,Resilience,Evaluation 393: Climate & Resilience Project - Year 2021
Brazil,UNDP-EVAL-20240394,https://erc.undp.org/api/documents/394/pdf,2025-11-19T15:45:46.684967,thematic,This evaluation examines the outcomes of development initiatives in the region. Key findings include improved capacity in 394 focus areas. Recommendations emphasize sustainability and local engagement.,/home/user/evidence-ai/data/raw/undp/documents/Americas/2020/undp_eval_20240394_Evaluation_394__Climate___Resi.pdf,UNDP|Ministry of Environment|Local NGO,en,114,2020,Americas,SDG4|SDG9|SDG14,UNDP ERC,Environment,Evaluation 394: Climate & Resilience Project - Year 2020
Colombia,UNDP-EVAL-20240395,https://erc.undp.org/api/documents/395/pdf,2025-11-19T15:45:46.696625,project,This evaluation examines the outcomes of development initiatives in the region. Key findings include improved capacity in 395 focus areas. Recommendations emphasize sustainability and local engagement.,/home/user/evidence-ai/data/raw/undp/documents/Americas/2019/undp_eval_20240395_Evaluation_395__Climate___Resi.pdf,UNDP|Government Agency,en,115,2019,Americas,SDG5|SDG10|SDG15,UNDP ERC,Economic Development,Evaluation 395: Climate & Resilience Project - Year 2019
Kenya,UNDP-EVAL-20240396,https://erc.undp.org/api/documents/396/pdf,2025-11-19T15:45:46.707491,outcome,This evaluation examines the outcomes of development initiatives in the region. Key findings include improved capacity in 396 focus areas. Recommendations emphasize sustainability and local engagement.,/home/user/evidence-ai/data/raw/undp/documents/Africa/2018/undp_eval_20240396_Evaluation_396__Climate___Resi.pdf,UNDP|Ministry of Environment|Local NGO,en,116,2018,Africa,SDG6|SDG11|SDG16,UNDP ERC,Climate Action,Evaluation 396: Climate & Resilience Project - Year 2018
Tanzania,UNDP-EVAL-20240397,https://erc.undp.org/api/documents/397/pdf,2025-11-19T15:45:46.719277,thematic,This evaluation examines the outcomes of development initiatives in the region. Key findings include improved capacity in 397 focus areas. Recommendations emphasize sustainability and local engagement.,/home/user/evidence-ai/data/raw/undp/documents/Africa/2017/undp_eval_20240397_Evaluation_397__Climate___Resi.pdf,UNDP|Government Agency,en,117,2017,Africa,SDG7|SDG12|SDG17,UNDP ERC,Governance,Evaluation 397: Climate & Resilience Project - Year 2017
Uganda,UNDP-EVAL-20240398,https://erc.undp.org/api/documents/398/pdf,2025-11-19T15:45:46.731025,project,This evaluation examines the outcomes of development initiatives in the region. Key findings include improved capacity in 398 focus areas. Recommendations emphasize sustainability and local engagement.,/home/user/evidence-ai/data/raw/undp/documents/Africa/2016/undp_eval_20240398_Evaluation_398__Climate___Resi.pdf,UNDP|Ministry of Environment|Local NGO,en,118,2016,Africa,SDG8|SDG13|SDG1,UNDP ERC,Gender Equality,Evaluation 398: Climate & Resilience Project - Year 2016
Ethiopia,UNDP-EVAL-20240399,https://erc.undp.org/api/documents/399/pdf,2025-11-19T15:45:46.742830,outcome,This evaluation examines the outcomes of development initiatives in the region. Key findings include improved capacity in 399 focus areas. Recommendations emphasize sustainability and local engagement.,/home/user/evidence-ai/data/raw/undp/documents/Africa/2015/undp_eval_20240399_Evaluation_399__Climate___Resi.pdf,UNDP|Government Agency,en,119,2015,Africa,SDG9|SDG14|SDG2,UNDP ERC,Resilience,Evaluation 399: Climate & Resilience Project - Year 2015
Nigeria,UNDP-EVAL-20240400,https://erc.undp.org/api/documents/400/pdf,2025-11-19T15:45:46.753743,thematic,This evaluation examines the outcomes of development initiatives in the region. Key findings include improved capacity in 400 focus areas. Recommendations emphasize sustainability and local engagement.,/home/user/evidence-ai/data/raw/undp/documents/Africa/2024/undp_eval_20240400_Evaluation_400__Climate___Resi.pdf,UNDP|Ministry of Environment|Local NGO,en,40,2024,Africa,SDG10|SDG15|SDG3,UNDP ERC,Environment,Evaluation 400: Climate & Resilience Project - Year 2024
Ghana,UNDP-EVAL-20240401,https://erc.undp.org/api/documents/401/pdf,2025-11-19T15:45:46.765592,project,This evaluation examines the outcomes of development initiatives in the region. Key findings include improved capacity in 401 focus areas. Recommendations emphasize sustainability and local engagement.,/home/user/evidence-ai/data/raw/undp/documents/Africa/2023/undp_eval_20240401_Evaluation_401__Climate___Resi.pdf,UNDP|Government Agency,en,41,2023,Africa,SDG11|SDG16|SDG4,UNDP ERC,Economic Development,Evaluation 401: Climate & Resilience Project - Year 2023
Senegal,UNDP-EVAL-20240402,https://erc.undp.org/api/documents/402/pdf,2025-11-19T15:45:46.777346,outcome,This evaluation examines the outcomes of development initiatives in the region. Key findings include improved capacity in 402 focus areas. Recommendations emphasize sustainability and local engagement.,/home/user/evidence-ai/data/raw/undp/documents/Africa/2022/undp_eval_20240402_Evaluation_402__Climate___Resi.pdf,UNDP|Ministry of Environment|Local NGO,en,42,2022,Africa,SDG12|SDG17|SDG5,UNDP ERC,Climate Action,Evaluation 402: Climate & Resilience Project - Year 2022
Bangladesh,UNDP-EVAL-20240403,https://erc.undp.org/api/documents/403/pdf,2025-11-19T15:45:46.788175,thematic,This evaluation examines the outcomes of development initiatives in the region. Key findings include improved capacity in 403 focus areas. Recommendations emphasize sustainability and local engagement.,/home/user/evidence-ai/data/raw/undp/documents/Asia/2021/undp_eval_20240403_Evaluation_403__Climate___Resi.pdf,UNDP|Government Agency,en,43,2021,Asia,SDG13|SDG1|SDG6,UNDP ERC,Governance,Evaluation 403: Climate & Resilience Project - Year 2021
India,UNDP-EVAL-20240404,https://erc.undp.org/api/documents/404/pdf,2025-11-19T15:45:46.800089,project,This evaluation examines the outcomes of development initiatives in the region. Key findings include improved capacity in 404 focus areas. Recommendations emphasize sustainability and local engagement.,/home/user/evidence-ai/data/raw/undp/documents/Asia/2020/undp_eval_20240404_Evaluation_404__Climate___Resi.pdf,UNDP|Ministry of Environment|Local NGO,en,44,2020,Asia,SDG14|SDG2|SDG7,UNDP ERC,Gender Equality,Evaluation 404: Climate & Resilience Project - Year 2020
Vietnam,UNDP-EVAL-20240405,https://erc.undp.org/api/documents/405/pdf,2025-11-19T15:45:46.812078,outcome,This evaluation examines the outcomes of development initiatives in the region. Key findings include improved capacity in 405 focus areas. Recommendations emphasize sustainability and local engagement.,/home/user/evidence-ai/data/raw/undp/documents/Asia/2019/undp_eval_20240405_Evaluation_405__Climate___Resi.pdf,UNDP|Government Agency,en,45,2019,Asia,SDG15|SDG3|SDG8,UNDP ERC,Resilience,Evaluation 405: Climate & Resilience Project - Year 2019
Brazil,UNDP-EVAL-20240406,https://erc.undp.org/api/documents/406/pdf,2025-11-19T15:45:46.823832,thematic,This evaluation examines the outcomes of development initiatives in the region. Key findings include improved capacity in 406 focus areas. Recommendations emphasize sustainability and local engagement.,/home/user/evidence-ai/data/raw/undp/documents/Americas/2018/undp_eval_20240406_Evaluation_406__Climate___Resi.pdf,UNDP|Ministry of Environment|Local NGO,en,46,2018,Americas,SDG16|SDG4|SDG9,UNDP ERC,Environment,Evaluation 406: Climate & Resilience Project - Year 2018
Colombia,UNDP-EVAL-20240407,https://erc.undp.org/api/documents/407/pdf,2025-11-19T15:45:46.834811,project,This evaluation examines the outcomes of development initiatives in the region. Key findings include improved capacity in 407 focus areas. Recommendations emphasize sustainability and local engagement.,/home/user/evidence-ai/data/raw/undp/documents/Americas/2017/undp_eval_20240407_Evaluation_407__Climate___Resi.pdf,UNDP|Government Agency,en,47,2017,Americas,SDG17|SDG5|SDG10,UNDP ERC,Economic Development,Evaluation 407: Climate & Resilience Project - Year 2017
Kenya,UNDP-EVAL-20240408,https://erc.undp.org/api/documents/408/pdf,2025-11-19T15:45:46.846614,outcome,This evaluation examines the outcomes of development initiatives in the region. Key findings include improved capacity in 408 focus areas. Recommendations emphasize sustainability and local engagement.,/home/user/evidence-ai/data/raw/undp/documents/Africa/2016/undp_eval_20240408_Evaluation_408__Climate___Resi.pdf,UNDP|Ministry of Environment|Local NGO,en,48,2016,Africa,SDG1|SDG6|SDG11,UNDP ERC,Climate Action,Evaluation 408: Climate & Resilience Project - Year 2016
Tanzania,UNDP-EVAL-20240409,https://erc.undp.org/api/documents/409/pdf,2025-11-19T15:45:46.858669,thematic,This evaluation examines the outcomes of development initiatives in the region. Key findings include improved capacity in 409 focus areas. Recommendations emphasize sustainability and local engagement.,/home/user/evidence-ai/data/raw/undp/documents/Africa/2015/undp_eval_20240409_Evaluation_409__Climate___Resi.pdf,UNDP|Government Agency,en,49,2015,Africa,SDG2|SDG7|SDG12,UNDP ERC,Governance,Evaluation 409: Climate & Resilience Project - Year 2015
Uganda,UNDP-EVAL-20240410,https://erc.undp.org/api/documents/410/pdf,2025-11-19T15:45:46.870314,project,This evaluation examines the outcomes of development initiatives in the region. Key findings include improved capacity in 410 focus areas. Recommendations emphasize sustainability and local engagement.,/home/user/evidence-ai/data/raw/undp/documents/Africa/2024/undp_eval_20240410_Evaluation_410__Climate___Resi.pdf,UNDP|Ministry of Environment|Local NGO,en,50,2024,Africa,SDG3|SDG8|SDG13,UNDP ERC,Gender Equality,Evaluation 410: Climate & Resilience Project - Year 2024
Ethiopia,UNDP-EVAL-20240411,https://erc.undp.org/api/documents/411/pdf,2025-11-19T15:45:46.881222,outcome,This evaluation examines the outcomes of development initiatives in the region. Key findings include improved capacity in 411 focus areas. Recommendations emphasize sustainability and local engagement.,/home/user/evidence-ai/data/raw/undp/documents/Africa/2023/undp_eval_20240411_Evaluation_411__Climate___Resi.pdf,UNDP|Government Agency,en,51,2023,Africa,SDG4|SDG9|SDG14,UNDP ERC,Resilience,Evaluation 411: Climate & Resilience Project - Year 2023
Nigeria,UNDP-EVAL-20240412,https://erc.undp.org/api/documents/412/pdf,2025-11-19T15:45:46.892015,thematic,This evaluation examines the outcomes of development initiatives in the region. Key findings include improved capacity in 412 focus areas. Recommendations emphasize sustainability and local engagement.,/home/user/evidence-ai/data/raw/undp/documents/Africa/2022/undp_eval_20240412_Evaluation_412__Climate___Resi.pdf,UNDP|Ministry of Environment|Local NGO,en,52,2022,Africa,SDG5|SDG10|SDG15,UNDP ERC,Environment,Evaluation 412: Climate & Resilience Project - Year 2022
Ghana,UNDP-EVAL-20240413,https://erc.undp.org/api/documents/413/pdf,2025-11-19T15:45:46.903848,project,This evaluation examines the outcomes of development initiatives in the region. Key findings include improved capacity in 413 focus areas. Recommendations emphasize sustainability and local engagement.,/home/user/evidence-ai/data/raw/undp/documents/Africa/2021/undp_eval_20240413_Evaluation_413__Climate___Resi.pdf,UNDP|Government Agency,en,53,2021,Africa,SDG6|SDG11|SDG16,UNDP ERC,Economic Development,Evaluation 413: Climate & Resilience Project - Year 2021
Senegal,UNDP-EVAL-20240414,https://erc.undp.org/api/documents/414/pdf,2025-11-19T15:45:46.915709,outcome,This evaluation examines the outcomes of development initiatives in the region. Key findings include improved capacity in 414 focus areas. Recommendations emphasize sustainability and local engagement.,/home/user/evidence-ai/data/raw/undp/documents/Africa/2020/undp_eval_20240414_Evaluation_414__Climate___Resi.pdf,UNDP|Ministry of Environment|Local NGO,en,54,2020,Africa,SDG7|SDG12|SDG17,UNDP ERC,Climate Action,Evaluation 414: Climate & Resilience Project - Year 2020
Bangladesh,UNDP-EVAL-20240415,https://erc.undp.org/api/documents/415/pdf,2025-11-19T15:45:46.927532,thematic,This evaluation examines the outcomes of development initiatives in the region. Key findings include improved capacity in 415 focus areas. Recommendations emphasize sustainability and local engagement.,/home/user/evidence-ai/data/raw/undp/documents/Asia/2019/undp_eval_20240415_Evaluation_415__Climate___Resi.pdf,UNDP|Government Agency,en,55,2019,Asia,SDG8|SDG13|SDG1,UNDP ERC,Governance,Evaluation 415: Climate & Resilience Project - Year 2019
India,UNDP-EVAL-20240416,https://erc.undp.org/api/documents/416/pdf,2025-11-19T15:45:46.939654,project,This evaluation examines the outcomes of development initiatives in the region. Key findings include improved capacity in 416 focus areas. Recommendations emphasize sustainability and local engagement.,/home/user/evidence-ai/data/raw/undp/documents/Asia/2018/undp_eval_20240416_Evaluation_416__Climate___Resi.pdf,UNDP|Ministry of Environment|Local NGO,en,56,2018,Asia,SDG9|SDG14|SDG2,UNDP ERC,Gender Equality,Evaluation 416: Climate & Resilience Project - Year 2018
Vietnam,UNDP-EVAL-20240417,https://erc.undp.org/api/documents/417/pdf,2025-11-19T15:45:46.951184,outcome,This evaluation examines the outcomes of development initiatives in the region. Key findings include improved capacity in 417 focus areas. Recommendations emphasize sustainability and local engagement.,/home/user/evidence-ai/data/raw/undp/documents/Asia/2017/undp_eval_20240417_Evaluation_417__Climate___Resi.pdf,UNDP|Government Agency,en,57,2017,Asia,SDG10|SDG15|SDG3,UNDP ERC,Resilience,Evaluation 417: Climate & Resilience Project - Year 2017
Brazil,UNDP-EVAL-20240418,https://erc.undp.org/api/documents/418/pdf,2025-11-19T15:45:46.962169,thematic,This evaluation examines the outcomes of development initiatives in the region. Key findings include improved capacity in 418 focus areas. Recommendations emphasize sustainability and local engagement.,/home/user/evidence-ai/data/raw/undp/documents/Americas/2016/undp_eval_20240418_Evaluation_418__Climate___Resi.pdf,UNDP|Ministry of Environment|Local NGO,en,58,2016,Americas,SDG11|SDG16|SDG4,UNDP ERC,Environment,Evaluation 418: Climate & Resilience Project - Year 2016
Colombia,UNDP-EVAL-20240419,https://erc.undp.org/api/documents/419/pdf,2025-11-19T15:45:46.974214,project,This evaluation examines the outcomes of development initiatives in the region. Key findings include improved capacity in 419 focus areas. Recommendations emphasize sustainability and local engagement.,/home/user/evidence-ai/data/raw/undp/documents/Americas/2015/undp_eval_20240419_Evaluation_419__Climate___Resi.pdf,UNDP|Government Agency,en,59,2015,Americas,SDG12|SDG17|SDG5,UNDP ERC,Economic Development,Evaluation 419: Climate & Resilience Project - Year 2015
Kenya,UNDP-EVAL-20240420,https://erc.undp.org/api/documents/420/pdf,2025-11-19T15:45:46.986129,outcome,This evaluation examines the outcomes of development initiatives in the region. Key findings include improved capacity in 420 focus areas. Recommendations emphasize sustainability and local engagement.,/home/user/evidence-ai/data/raw/undp/documents/Africa/2024/undp_eval_20240420_Evaluation_420__Climate___Resi.pdf,UNDP|Ministry of Environment|Local NGO,en,60,2024,Africa,SDG13|SDG1|SDG6,UNDP ERC,Climate Action,Evaluation 420: Climate & Resilience Project - Year 2024
Tanzania,UNDP-EVAL-20240421,https://erc.undp.org/api/documents/421/pdf,2025-11-19T15:45:46.997929,thematic,This evaluation examines the outcomes of development initiatives in the region. Key findings include improved capacity in 421 focus areas. Recommendations emphasize sustainability and local engagement.,/home/user/evidence-ai/data/raw/undp/documents/Africa/2023/undp_eval_20240421_Evaluation_421__Climate___Resi.pdf,UNDP|Government Agency,en,61,2023,Africa,SDG14|SDG2|SDG7,UNDP ERC,Governance,Evaluation 421: Climate & Resilience Project - Year 2023
Uganda,UNDP-EVAL-20240422,https://erc.undp.org/api/documents/422/pdf,2025-11-19T15:45:47.010101,project,This evaluation examines the outcomes of development initiatives in the region. Key findings include improved capacity in 422 focus areas. Recommendations emphasize sustainability and local engagement.,/home/user/evidence-ai/data/raw/undp/documents/Africa/2022/undp_eval_20240422_Evaluation_422__Climate___Resi.pdf,UNDP|Ministry of Environment|Local NGO,en,62,2022,Africa,SDG15|SDG3|SDG8,UNDP ERC,Gender Equality,Evaluation 422: Climate & Resilience Project - Year 2022
Ethiopia,UNDP-EVAL-20240423,https://erc.undp.org/api/documents/423/pdf,2025-11-19T15:45:47.021722,outcome,This evaluation examines the outcomes of development initiatives in the region. Key findings include improved capacity in 423 focus areas. Recommendations emphasize sustainability and local engagement.,/home/user/evidence-ai/data/raw/undp/documents/Africa/2021/undp_eval_20240423_Evaluation_423__Climate___Resi.pdf,UNDP|Government Agency,en,63,2021,Africa,SDG16|SDG4|SDG9,UNDP ERC,Resilience,Evaluation 423: Climate & Resilience Project - Year 2021
Nigeria,UNDP-EVAL-20240424,https://erc.undp.org/api/documents/424/pdf,2025-11-19T15:45:47.033468,thematic,This evaluation examines the outcomes of development initiatives in the region. Key findings include improved capacity in 424 focus areas. Recommendations emphasize sustainability and local engagement.,/home/user/evidence-ai/data/raw/undp/documents/Africa/2020/undp_eval_20240424_Evaluation_424__Climate___Resi.pdf,UNDP|Ministry of Environment|Local NGO,en,64,2020,Africa,SDG17|SDG5|SDG10,UNDP ERC,Environment,Evaluation 424: Climate & Resilience Project - Year 2020
Ghana,UNDP-EVAL-20240425,https://erc.undp.org/api/documents/425/pdf,2025-11-19T15:45:47.045526,project,This evaluation examines the outcomes of development initiatives in the region. Key findings include improved capacity in 425 focus areas. Recommendations emphasize sustainability and local engagement.,/home/user/evidence-ai/data/raw/undp/documents/Africa/2019/undp_eval_20240425_Evaluation_425__Climate___Resi.pdf,UNDP|Government Agency,en,65,2019,Africa,SDG1|SDG6|SDG11,UNDP ERC,Economic Development,Evaluation 425: Climate & Resilience Project - Year 2019
Senegal,UNDP-EVAL-20240426,https://erc.undp.org/api/documents/426/pdf,2025-11-19T15:45:47.057240,outcome,This evaluation examines the outcomes of development initiatives in the region. Key findings include improved capacity in 426 focus areas. Recommendations emphasize sustainability and local engagement.,/home/user/evidence-ai/data/raw/undp/documents/Africa/2018/undp_eval_20240426_Evaluation_426__Climate___Resi.pdf,UNDP|Ministry of Environment|Local NGO,en,66,2018,Africa,SDG2|SDG7|SDG12,UNDP ERC,Climate Action,Evaluation 426: Climate & Resilience Project - Year 2018
Bangladesh,UNDP-EVAL-20240427,https://erc.undp.org/api/documents/427/pdf,2025-11-19T15:45:47.068222,thematic,This evaluation examines the outcomes of development initiatives in the region. Key findings include improved capacity in 427 focus areas. Recommendations emphasize sustainability and local engagement.,/home/user/evidence-ai/data/raw/undp/documents/Asia/2017/undp_eval_20240427_Evaluation_427__Climate___Resi.pdf,UNDP|Government Agency,en,67,2017,Asia,SDG3|SDG8|SDG13,UNDP ERC,Governance,Evaluation 427: Climate & Resilience Project - Year 2017
India,UNDP-EVAL-20240428,https://erc.undp.org/api/documents/428/pdf,2025-11-19T15:45:47.080127,project,This evaluation examines the outcomes of development initiatives in the region. Key findings include improved capacity in 428 focus areas. Recommendations emphasize sustainability and local engagement.,/home/user/evidence-ai/data/raw/undp/documents/Asia/2016/undp_eval_20240428_Evaluation_428__Climate___Resi.pdf,UNDP|Ministry of Environment|Local NGO,en,68,2016,Asia,SDG4|SDG9|SDG14,UNDP ERC,Gender Equality,Evaluation 428: Climate & Resilience Project - Year 2016
Vietnam,UNDP-EVAL-20240429,https://erc.undp.org/api/documents/429/pdf,2025-11-19T15:45:47.092015,outcome,This evaluation examines the outcomes of development initiatives in the region. Key findings include improved capacity in 429 focus areas. Recommendations emphasize sustainability and local engagement.,/home/user/evidence-ai/data/raw/undp/documents/Asia/2015/undp_eval_20240429_Evaluation_429__Climate___Resi.pdf,UNDP|Government Agency,en,69,2015,Asia,SDG5|SDG10|SDG15,UNDP ERC,Resilience,Evaluation 429: Climate & Resilience Project - Year 2015
Brazil,UNDP-EVAL-20240430,https://erc.undp.org/api/documents/430/pdf,2025-11-19T15:45:47.103890,thematic,This evaluation examines the outcomes of development initiatives in the region. Key findings include improved capacity in 430 focus areas. Recommendations emphasize sustainability and local engagement.,/home/user/evidence-ai/data/raw/undp/documents/Americas/2024/undp_eval_20240430_Evaluation_430__Climate___Resi.pdf,UNDP|Ministry of Environment|Local NGO,en,70,2024,Americas,SDG6|SDG11|SDG16,UNDP ERC,Environment,Evaluation 430: Climate & Resilience Project - Year 2024
Colombia,UNDP-EVAL-20240431,https://erc.undp.org/api/documents/431/pdf,2025-11-19T15:45:47.115601,project,This evaluation examines the outcomes of development initiatives in the region. Key findings include improved capacity in 431 focus areas. Recommendations emphasize sustainability and local engagement.,/home/user/evidence-ai/data/raw/undp/documents/Americas/2023/undp_eval_20240431_Evaluation_431__Climate___Resi.pdf,UNDP|Government Agency,en,71,2023,Americas,SDG7|SDG12|SDG17,UNDP ERC,Economic Development,Evaluation 431: Climate & Resilience Project - Year 2023
Kenya,UNDP-EVAL-20240432,https://erc.undp.org/api/documents/432/pdf,2025-11-19T15:45:47.128207,outcome,This evaluation examines the outcomes of development initiatives in the region. Key findings include improved capacity in 432 focus areas. Recommendations emphasize sustainability and local engagement.,/home/user/evidence-ai/data/raw/undp/documents/Africa/2022/undp_eval_20240432_Evaluation_432__Climate___Resi.pdf,UNDP|Ministry of Environment|Local NGO,en,72,2022,Africa,SDG8|SDG13|SDG1,UNDP ERC,Climate Action,Evaluation 432: Climate & Resilience Project - Year 2022
Tanzania,UNDP-EVAL-20240433,https://erc.undp.org/api/documents/433/pdf,2025-11-19T15:45:47.139566,thematic,This evaluation examines the outcomes of development initiatives in the region. Key findings include improved capacity in 433 focus areas. Recommendations emphasize sustainability and local engagement.,/home/user/evidence-ai/data/raw/undp/documents/Africa/2021/undp_eval_20240433_Evaluation_433__Climate___Resi.pdf,UNDP|Government Agency,en,73,2021,Africa,SDG9|SDG14|SDG2,UNDP ERC,Governance,Evaluation 433: Climate & Resilience Project - Year 2021
Uganda,UNDP-EVAL-20240434,https://erc.undp.org/api/documents/434/pdf,2025-11-19T15:45:47.151522,project,This evaluation examines the outcomes of development initiatives in the region. Key findings include improved capacity in 434 focus areas. Recommendations emphasize sustainability and local engagement.,/home/user/evidence-ai/data/raw/undp/documents/Africa/2020/undp_eval_20240434_Evaluation_434__Climate___Resi.pdf,UNDP|Ministry of Environment|Local NGO,en,74,2020,Africa,SDG10|SDG15|SDG3,UNDP ERC,Gender Equality,Evaluation 434: Climate & Resilience Project - Year 2020
Ethiopia,UNDP-EVAL-20240435,https://erc.undp.org/api/documents/435/pdf,2025-11-19T15:45:47.163150,outcome,This evaluation examines the outcomes of development initiatives in the region. Key findings include improved capacity in 435 focus areas. Recommendations emphasize sustainability and local engagement.,/home/user/evidence-ai/data/raw/undp/documents/Africa/2019/undp_eval_20240435_Evaluation_435__Climate___Resi.pdf,UNDP|Government Agency,en,75,2019,Africa,SDG11|SDG16|SDG4,UNDP ERC,Resilience,Evaluation 435: Climate & Resilience Project - Year 2019
Nigeria,UNDP-EVAL-20240436,https://erc.undp.org/api/documents/436/pdf,2025-11-19T15:45:47.175246,thematic,This evaluation examines the outcomes of development initiatives in the region. Key findings include improved capacity in 436 focus areas. Recommendations emphasize sustainability and local engagement.,/home/user/evidence-ai/data/raw/undp/documents/Africa/2018/undp_eval_20240436_Evaluation_436__Climate___Resi.pdf,UNDP|Ministry of Environment|Local NGO,en,76,2018,Africa,SDG12|SDG17|SDG5,UNDP ERC,Environment,Evaluation 436: Climate & Resilience Project - Year 2018
Ghana,UNDP-EVAL-20240437,https://erc.undp.org/api/documents/437/pdf,2025-11-19T15:45:47.187051,project,This evaluation examines the outcomes of development initiatives in the region. Key findings include improved capacity in 437 focus areas. Recommendations emphasize sustainability and local engagement.,/home/user/evidence-ai/data/raw/undp/documents/Africa/2017/undp_eval_20240437_Evaluation_437__Climate___Resi.pdf,UNDP|Government Agency,en,77,2017,Africa,SDG13|SDG1|SDG6,UNDP ERC,Economic Development,Evaluation 437: Climate & Resilience Project - Year 2017
Senegal,UNDP-EVAL-20240438,https://erc.undp.org/api/documents/438/pdf,2025-11-19T15:45:47.198779,outcome,This evaluation examines the outcomes of development initiatives in the region. Key findings include improved capacity in 438 focus areas. Recommendations emphasize sustainability and local engagement.,/home/user/evidence-ai/data/raw/undp/documents/Africa/2016/undp_eval_20240438_Evaluation_438__Climate___Resi.pdf,UNDP|Ministry of Environment|Local NGO,en,78,2016,Africa,SDG14|SDG2|SDG7,UNDP ERC,Climate Action,Evaluation 438: Climate & Resilience Project - Year 2016
Bangladesh,UNDP-EVAL-20240439,https://erc.undp.org/api/documents/439/pdf,2025-11-19T15:45:47.209664,thematic,This evaluation examines the outcomes of development initiatives in the region. Key findings include improved capacity in 439 focus areas. Recommendations emphasize sustainability and local engagement.,/home/user/evidence-ai/data/raw/undp/documents/Asia/2015/undp_eval_20240439_Evaluation_439__Climate___Resi.pdf,UNDP|Government Agency,en,79,2015,Asia,SDG15|SDG3|SDG8,UNDP ERC,Governance,Evaluation 439: Climate & Resilience Project - Year 2015
India,UNDP-EVAL-20240440,https://erc.undp.org/api/documents/440/pdf,2025-11-19T15:45:47.221481,project,This evaluation examines the outcomes of development initiatives in the region. Key findings include improved capacity in 440 focus areas. Recommendations emphasize sustainability and local engagement.,/home/user/evidence-ai/data/raw/undp/documents/Asia/2024/undp_eval_20240440_Evaluation_440__Climate___Resi.pdf,UNDP|Ministry of Environment|Local NGO,en,80,2024,Asia,SDG16|SDG4|SDG9,UNDP ERC,Gender Equality,Evaluation 440: Climate & Resilience Project - Year 2024
Vietnam,UNDP-EVAL-20240441,https://erc.undp.org/api/documents/441/pdf,2025-11-19T15:45:47.232444,outcome,This evaluation examines the outcomes of development initiatives in the region. Key findings include improved capacity in 441 focus areas. Recommendations emphasize sustainability and local engagement.,/home/user/evidence-ai/data/raw/undp/documents/Asia/2023/undp_eval_20240441_Evaluation_441__Climate___Resi.pdf,UNDP|Government Agency,en,81,2023,Asia,SDG17|SDG5|SDG10,UNDP ERC,Resilience,Evaluation 441: Climate & Resilience Project - Year 2023
Brazil,UNDP-EVAL-20240442,https://erc.undp.org/api/documents/442/pdf,2025-11-19T15:45:47.244133,thematic,This evaluation examines the outcomes of development initiatives in the region. Key findings include improved capacity in 442 focus areas. Recommendations emphasize sustainability and local engagement.,/home/user/evidence-ai/data/raw/undp/documents/Americas/2022/undp_eval_20240442_Evaluation_442__Climate___Resi.pdf,UNDP|Ministry of Environment|Local NGO,en,82,2022,Americas,SDG1|SDG6|SDG11,UNDP ERC,Environment,Evaluation 442: Climate & Resilience Project - Year 2022
Colombia,UNDP-EVAL-20240443,https://erc.undp.org/api/documents/443/pdf,2025-11-19T15:45:47.254877,project,This evaluation examines the outcomes of development initiatives in the region. Key findings include improved capacity in 443 focus areas. Recommendations emphasize sustainability and local engagement.,/home/user/evidence-ai/data/raw/undp/documents/Americas/2021/undp_eval_20240443_Evaluation_443__Climate___Resi.pdf,UNDP|Government Agency,en,83,2021,Americas,SDG2|SDG7|SDG12,UNDP ERC,Economic Development,Evaluation 443: Climate & Resilience Project - Year 2021
Kenya,UNDP-EVAL-20240444,https://erc.undp.org/api/documents/444/pdf,2025-11-19T15:45:47.265753,outcome,This evaluation examines the outcomes of development initiatives in the region. Key findings include improved capacity in 444 focus areas. Recommendations emphasize sustainability and local engagement.,/home/user/evidence-ai/data/raw/undp/documents/Africa/2020/undp_eval_20240444_Evaluation_444__Climate___Resi.pdf,UNDP|Ministry of Environment|Local NGO,en,84,2020,Africa,SDG3|SDG8|SDG13,UNDP ERC,Climate Action,Evaluation 444: Climate & Resilience Project - Year 2020
Tanzania,UNDP-EVAL-20240445,https://erc.undp.org/api/documents/445/pdf,2025-11-19T15:45:47.276775,thematic,This evaluation examines the outcomes of development initiatives in the region. Key findings include improved capacity in 445 focus areas. Recommendations emphasize sustainability and local engagement.,/home/user/evidence-ai/data/raw/undp/documents/Africa/2019/undp_eval_20240445_Evaluation_445__Climate___Resi.pdf,UNDP|Government Agency,en,85,2019,Africa,SDG4|SDG9|SDG14,UNDP ERC,Governance,Evaluation 445: Climate & Resilience Project - Year 2019
Uganda,UNDP-EVAL-20240446,https://erc.undp.org/api/documents/446/pdf,2025-11-19T15:45:47.288371,project,This evaluation examines the outcomes of development initiatives in the region. Key findings include improved capacity in 446 focus areas. Recommendations emphasize sustainability and local engagement.,/home/user/evidence-ai/data/raw/undp/documents/Africa/2018/undp_eval_20240446_Evaluation_446__Climate___Resi.pdf,UNDP|Ministry of Environment|Local NGO,en,86,2018,Africa,SDG5|SDG10|SDG15,UNDP ERC,Gender Equality,Evaluation 446: Climate & Resilience Project - Year 2018
Ethiopia,UNDP-EVAL-20240447,https://erc.undp.org/api/documents/447/pdf,2025-11-19T15:45:47.299985,outcome,This evaluation examines the outcomes of development initiatives in the region. Key findings include improved capacity in 447 focus areas. Recommendations emphasize sustainability and local engagement.,/home/user/evidence-ai/data/raw/undp/documents/Africa/2017/undp_eval_20240447_Evaluation_447__Climate___Resi.pdf,UNDP|Government Agency,en,87,2017,Africa,SDG6|SDG11|SDG16,UNDP ERC,Resilience,Evaluation 447: Climate & Resilience Project - Year 2017
Nigeria,UNDP-EVAL-20240448,https://erc.undp.org/api/documents/448/pdf,2025-11-19T15:45:47.311680,thematic,This evaluation examines the outcomes of development initiatives in the region. Key findings include improved capacity in 448 focus areas. Recommendations emphasize sustainability and local engagement.,/home/user/evidence-ai/data/raw/undp/documents/Africa/2016/undp_eval_20240448_Evaluation_448__Climate___Resi.pdf,UNDP|Ministry of Environment|Local NGO,en,88,2016,Africa,SDG7|SDG12|SDG17,UNDP ERC,Environment,Evaluation 448: Climate & Resilience Project - Year 2016
Ghana,UNDP-EVAL-20240449,https://erc.undp.org/api/documents/449/pdf,2025-11-19T15:45:47.323441,project,This evaluation examines the outcomes of development initiatives in the region. Key findings include improved capacity in 449 focus areas. Recommendations emphasize sustainability and local engagement.,/home/user/evidence-ai/data/raw/undp/documents/Africa/2015/undp_eval_20240449_Evaluation_449__Climate___Resi.pdf,UNDP|Government Agency,en,89,2015,Africa,SDG8|SDG13|SDG1,UNDP ERC,Economic Development,Evaluation 449: Climate & Resilience Project - Year 2015
Senegal,UNDP-EVAL-20240450,https://erc.undp.org/api/documents/450/pdf,2025-11-19T15:45:47.335384,outcome,This evaluation examines the outcomes of development initiatives in the region. Key findings include improved capacity in 450 focus areas. Recommendations emphasize sustainability and local engagement.,/home/user/evidence-ai/data/raw/undp/documents/Africa/2024/undp_eval_20240450_Evaluation_450__Climate___Resi.pdf,UNDP|Ministry of Environment|Local NGO,en,90,2024,Africa,SDG9|SDG14|SDG2,UNDP ERC,Climate Action,Evaluation 450: Climate & Resilience Project - Year 2024
Bangladesh,UNDP-EVAL-20240451,https://erc.undp.org/api/documents/451/pdf,2025-11-19T15:45:47.347191,thematic,This evaluation examines the outcomes of development initiatives in the region. Key findings include improved capacity in 451 focus areas. Recommendations emphasize sustainability and local engagement.,/home/user/evidence-ai/data/raw/undp/documents/Asia/2023/undp_eval_20240451_Evaluation_451__Climate___Resi.pdf,UNDP|Government Agency,en,91,2023,Asia,SDG10|SDG15|SDG3,UNDP ERC,Governance,Evaluation 451: Climate & Resilience Project - Year 2023
India,UNDP-EVAL-20240452,https://erc.undp.org/api/documents/452/pdf,2025-11-19T15:45:47.358279,project,This evaluation examines the outcomes of development initiatives in the region. Key findings include improved capacity in 452 focus areas. Recommendations emphasize sustainability and local engagement.,/home/user/evidence-ai/data/raw/undp/documents/Asia/2022/undp_eval_20240452_Evaluation_452__Climate___Resi.pdf,UNDP|Ministry of Environment|Local NGO,en,92,2022,Asia,SDG11|SDG16|SDG4,UNDP ERC,Gender Equality,Evaluation 452: Climate & Resilience Project - Year 2022
Vietnam,UNDP-EVAL-20240453,https://erc.undp.org/api/documents/453/pdf,2025-11-19T15:45:47.369884,outcome,This evaluation examines the outcomes of development initiatives in the region. Key findings include improved capacity in 453 focus areas. Recommendations emphasize sustainability and local engagement.,/home/user/evidence-ai/data/raw/undp/documents/Asia/2021/undp_eval_20240453_Evaluation_453__Climate___Resi.pdf,UNDP|Government Agency,en,93,2021,Asia,SDG12|SDG17|SDG5,UNDP ERC,Resilience,Evaluation 453: Climate & Resilience Project - Year 2021
Brazil,UNDP-EVAL-20240454,https://erc.undp.org/api/documents/454/pdf,2025-11-19T15:45:47.381862,thematic,This evaluation examines the outcomes of development initiatives in the region. Key findings include improved capacity in 454 focus areas. Recommendations emphasize sustainability and local engagement.,/home/user/evidence-ai/data/raw/undp/documents/Americas/2020/undp_eval_20240454_Evaluation_454__Climate___Resi.pdf,UNDP|Ministry of Environment|Local NGO,en,94,2020,Americas,SDG13|SDG1|SDG6,UNDP ERC,Environment,Evaluation 454: Climate & Resilience Project - Year 2020
Colombia,UNDP-EVAL-20240455,https://erc.undp.org/api/documents/455/pdf,2025-11-19T15:45:47.393840,project,This evaluation examines the outcomes of development initiatives in the region. Key findings include improved capacity in 455 focus areas. Recommendations emphasize sustainability and local engagement.,/home/user/evidence-ai/data/raw/undp/documents/Americas/2019/undp_eval_20240455_Evaluation_455__Climate___Resi.pdf,UNDP|Government Agency,en,95,2019,Americas,SDG14|SDG2|SDG7,UNDP ERC,Economic Development,Evaluation 455: Climate & Resilience Project - Year 2019
Kenya,UNDP-EVAL-20240456,https://erc.undp.org/api/documents/456/pdf,2025-11-19T15:45:47.405768,outcome,This evaluation examines the outcomes of development initiatives in the region. Key findings include improved capacity in 456 focus areas. Recommendations emphasize sustainability and local engagement.,/home/user/evidence-ai/data/raw/undp/documents/Africa/2018/undp_eval_20240456_Evaluation_456__Climate___Resi.pdf,UNDP|Ministry of Environment|Local NGO,en,96,2018,Africa,SDG15|SDG3|SDG8,UNDP ERC,Climate Action,Evaluation 456: Climate & Resilience Project - Year 2018
Tanzania,UNDP-EVAL-20240457,https://erc.undp.org/api/documents/457/pdf,2025-11-19T15:45:47.417702,thematic,This evaluation examines the outcomes of development initiatives in the region. Key findings include improved capacity in 457 focus areas. Recommendations emphasize sustainability and local engagement.,/home/user/evidence-ai/data/raw/undp/documents/Africa/2017/undp_eval_20240457_Evaluation_457__Climate___Resi.pdf,UNDP|Government Agency,en,97,2017,Africa,SDG16|SDG4|SDG9,UNDP ERC,Governance,Evaluation 457: Climate & Resilience Project - Year 2017
Uganda,UNDP-EVAL-20240458,https://erc.undp.org/api/documents/458/pdf,2025-11-19T15:45:47.429480,project,This evaluation examines the outcomes of development initiatives in the region. Key findings include improved capacity in 458 focus areas. Recommendations emphasize sustainability and local engagement.,/home/user/evidence-ai/data/raw/undp/documents/Africa/2016/undp_eval_20240458_Evaluation_458__Climate___Resi.pdf,UNDP|Ministry of Environment|Local NGO,en,98,2016,Africa,SDG17|SDG5|SDG10,UNDP ERC,Gender Equality,Evaluation 458: Climate & Resilience Project - Year 2016
Ethiopia,UNDP-EVAL-20240459,https://erc.undp.org/api/documents/459/pdf,2025-11-19T15:45:47.441556,outcome,This evaluation examines the outcomes of development initiatives in the region. Key findings include improved capacity in 459 focus areas. Recommendations emphasize sustainability and local engagement.,/home/user/evidence-ai/data/raw/undp/documents/Africa/2015/undp_eval_20240459_Evaluation_459__Climate___Resi.pdf,UNDP|Government Agency,en,99,2015,Africa,SDG1|SDG6|SDG11,UNDP ERC,Resilience,Evaluation 459: Climate & Resilience Project - Year 2015
Nigeria,UNDP-EVAL-20240460,https://erc.undp.org/api/documents/460/pdf,2025-11-19T15:45:47.453242,thematic,This evaluation examines the outcomes of development initiatives in the region. Key findings include improved capacity in 460 focus areas. Recommendations emphasize sustainability and local engagement.,/home/user/evidence-ai/data/raw/undp/documents/Africa/2024/undp_eval_20240460_Evaluation_460__Climate___Resi.pdf,UNDP|Ministry of Environment|Local NGO,en,100,2024,Africa,SDG2|SDG7|SDG12,UNDP ERC,Environment,Evaluation 460: Climate & Resilience Project - Year 2024
Ghana,UNDP-EVAL-20240461,https://erc.undp.org/api/documents/461/pdf,2025-11-19T15:45:47.465110,project,This evaluation examines the outcomes of development initiatives in the region. Key findings include improved capacity in 461 focus areas. Recommendations emphasize sustainability and local engagement.,/home/user/evidence-ai/data/raw/undp/documents/Africa/2023/undp_eval_20240461_Evaluation_461__Climate___Resi.pdf,UNDP|Government Agency,en,101,2023,Africa,SDG3|SDG8|SDG13,UNDP ERC,Economic Development,Evaluation 461: Climate & Resilience Project - Year 2023
Senegal,UNDP-EVAL-20240462,https://erc.undp.org/api/documents/462/pdf,2025-11-19T15:45:47.476844,outcome,This evaluation examines the outcomes of development initiatives in the region. Key findings include improved capacity in 462 focus areas. Recommendations emphasize sustainability and local engagement.,/home/user/evidence-ai/data/raw/undp/documents/Africa/2022/undp_eval_20240462_Evaluation_462__Climate___Resi.pdf,UNDP|Ministry of Environment|Local NGO,en,102,2022,Africa,SDG4|SDG9|SDG14,UNDP ERC,Climate Action,Evaluation 462: Climate & Resilience Project - Year 2022
Bangladesh,UNDP-EVAL-20240463,https://erc.undp.org/api/documents/463/pdf,2025-11-19T15:45:47.488631,thematic,This evaluation examines the outcomes of development initiatives in the region. Key findings include improved capacity in 463 focus areas. Recommendations emphasize sustainability and local engagement.,/home/user/evidence-ai/data/raw/undp/documents/Asia/2021/undp_eval_20240463_Evaluation_463__Climate___Resi.pdf,UNDP|Government Agency,en,103,2021,Asia,SDG5|SDG10|SDG15,UNDP ERC,Governance,Evaluation 463: Climate & Resilience Project - Year 2021
India,UNDP-EVAL-20240464,https://erc.undp.org/api/documents/464/pdf,2025-11-19T15:45:47.500737,project,This evaluation examines the outcomes of development initiatives in the region. Key findings include improved capacity in 464 focus areas. Recommendations emphasize sustainability and local engagement.,/home/user/evidence-ai/data/raw/undp/documents/Asia/2020/undp_eval_20240464_Evaluation_464__Climate___Resi.pdf,UNDP|Ministry of Environment|Local NGO,en,104,2020,Asia,SDG6|SDG11|SDG16,UNDP ERC,Gender Equality,Evaluation 464: Climate & Resilience Project - Year 2020
Vietnam,UNDP-EVAL-20240465,https://erc.undp.org/api/documents/465/pdf,2025-11-19T15:45:47.512435,outcome,This evaluation examines the outcomes of development initiatives in the region. Key findings include improved capacity in 465 focus areas. Recommendations emphasize sustainability and local engagement.,/home/user/evidence-ai/data/raw/undp/documents/Asia/2019/undp_eval_20240465_Evaluation_465__Climate___Resi.pdf,UNDP|Government Agency,en,105,2019,Asia,SDG7|SDG12|SDG17,UNDP ERC,Resilience,Evaluation 465: Climate & Resilience Project - Year 2019
Brazil,UNDP-EVAL-20240466,https://erc.undp.org/api/documents/466/pdf,2025-11-19T15:45:47.524314,thematic,This evaluation examines the outcomes of development initiatives in the region. Key findings include improved capacity in 466 focus areas. Recommendations emphasize sustainability and local engagement.,/home/user/evidence-ai/data/raw/undp/documents/Americas/2018/undp_eval_20240466_Evaluation_466__Climate___Resi.pdf,UNDP|Ministry of Environment|Local NGO,en,106,2018,Americas,SDG8|SDG13|SDG1,UNDP ERC,Environment,Evaluation 466: Climate & Resilience Project - Year 2018
Colombia,UNDP-EVAL-20240467,https://erc.undp.org/api/documents/467/pdf,2025-11-19T15:45:47.536181,project,This evaluation examines the outcomes of development initiatives in the region. Key findings include improved capacity in 467 focus areas. Recommendations emphasize sustainability and local engagement.,/home/user/evidence-ai/data/raw/undp/documents/Americas/2017/undp_eval_20240467_Evaluation_467__Climate___Resi.pdf,UNDP|Government Agency,en,107,2017,Americas,SDG9|SDG14|SDG2,UNDP ERC,Economic Development,Evaluation 467: Climate & Resilience Project - Year 2017
Kenya,UNDP-EVAL-20240468,https://erc.undp.org/api/documents/468/pdf,2025-11-19T15:45:47.547034,outcome,This evaluation examines the outcomes of development initiatives in the region. Key findings include improved capacity in 468 focus areas. Recommendations emphasize sustainability and local engagement.,/home/user/evidence-ai/data/raw/undp/documents/Africa/2016/undp_eval_20240468_Evaluation_468__Climate___Resi.pdf,UNDP|Ministry of Environment|Local NGO,en,108,2016,Africa,SDG10|SDG15|SDG3,UNDP ERC,Climate Action,Evaluation 468: Climate & Resilience Project - Year 2016
Tanzania,UNDP-EVAL-20240469,https://erc.undp.org/api/documents/469/pdf,2025-11-19T15:45:47.558061,thematic,This evaluation examines the outcomes of development initiatives in the region. Key findings include improved capacity in 469 focus areas. Recommendations emphasize sustainability and local engagement.,/home/user/evidence-ai/data/raw/undp/documents/Africa/2015/undp_eval_20240469_Evaluation_469__Climate___Resi.pdf,UNDP|Government Agency,en,109,2015,Africa,SDG11|SDG16|SDG4,UNDP ERC,Governance,Evaluation 469: Climate & Resilience Project - Year 2015
Uganda,UNDP-EVAL-20240470,https://erc.undp.org/api/documents/470/pdf,2025-11-19T15:45:47.569863,project,This evaluation examines the outcomes of development initiatives in the region. Key findings include improved capacity in 470 focus areas. Recommendations emphasize sustainability and local engagement.,/home/user/evidence-ai/data/raw/undp/documents/Africa/2024/undp_eval_20240470_Evaluation_470__Climate___Resi.pdf,UNDP|Ministry of Environment|Local NGO,en,110,2024,Africa,SDG12|SDG17|SDG5,UNDP ERC,Gender Equality,Evaluation 470: Climate & Resilience Project - Year 2024
Ethiopia,UNDP-EVAL-20240471,https://erc.undp.org/api/documents/471/pdf,2025-11-19T15:45:47.581887,outcome,This evaluation examines the outcomes of development initiatives in the region. Key findings include improved capacity in 471 focus areas. Recommendations emphasize sustainability and local engagement.,/home/user/evidence-ai/data/raw/undp/documents/Africa/2023/undp_eval_20240471_Evaluation_471__Climate___Resi.pdf,UNDP|Government Agency,en,111,2023,Africa,SDG13|SDG1|SDG6,UNDP ERC,Resilience,Evaluation 471: Climate & Resilience Project - Year 2023
Nigeria,UNDP-EVAL-20240472,https://erc.undp.org/api/documents/472/pdf,2025-11-19T15:45:47.593872,thematic,This evaluation examines the outcomes of development initiatives in the region. Key findings include improved capacity in 472 focus areas. Recommendations emphasize sustainability and local engagement.,/home/user/evidence-ai/data/raw/undp/documents/Africa/2022/undp_eval_20240472_Evaluation_472__Climate___Resi.pdf,UNDP|Ministry of Environment|Local NGO,en,112,2022,Africa,SDG14|SDG2|SDG7,UNDP ERC,Environment,Evaluation 472: Climate & Resilience Project - Year 2022
Ghana,UNDP-EVAL-20240473,https://erc.undp.org/api/documents/473/pdf,2025-11-19T15:45:47.605904,project,This evaluation examines the outcomes of development initiatives in the region. Key findings include improved capacity in 473 focus areas. Recommendations emphasize sustainability and local engagement.,/home/user/evidence-ai/data/raw/undp/documents/Africa/2021/undp_eval_20240473_Evaluation_473__Climate___Resi.pdf,UNDP|Government Agency,en,113,2021,Africa,SDG15|SDG3|SDG8,UNDP ERC,Economic Development,Evaluation 473: Climate & Resilience Project - Year 2021
Senegal,UNDP-EVAL-20240474,https://erc.undp.org/api/documents/474/pdf,2025-11-19T15:45:47.617639,outcome,This evaluation examines the outcomes of development initiatives in the region. Key findings include improved capacity in 474 focus areas. Recommendations emphasize sustainability and local engagement.,/home/user/evidence-ai/data/raw/undp/documents/Africa/2020/undp_eval_20240474_Evaluation_474__Climate___Resi.pdf,UNDP|Ministry of Environment|Local NGO,en,114,2020,Africa,SDG16|SDG4|SDG9,UNDP ERC,Climate Action,Evaluation 474: Climate & Resilience Project - Year 2020
Bangladesh,UNDP-EVAL-20240475,https://erc.undp.org/api/documents/475/pdf,2025-11-19T15:45:47.629472,thematic,This evaluation examines the outcomes of development initiatives in the region. Key findings include improved capacity in 475 focus areas. Recommendations emphasize sustainability and local engagement.,/home/user/evidence-ai/data/raw/undp/documents/Asia/2019/undp_eval_20240475_Evaluation_475__Climate___Resi.pdf,UNDP|Government Agency,en,115,2019,Asia,SDG17|SDG5|SDG10,UNDP ERC,Governance,Evaluation 475: Climate & Resilience Project - Year 2019
India,UNDP-EVAL-20240476,https://erc.undp.org/api/documents/476/pdf,2025-11-19T15:45:47.641286,project,This evaluation examines the outcomes of development initiatives in the region. Key findings include improved capacity in 476 focus areas. Recommendations emphasize sustainability and local engagement.,/home/user/evidence-ai/data/raw/undp/documents/Asia/2018/undp_eval_20240476_Evaluation_476__Climate___Resi.pdf,UNDP|Ministry of Environment|Local NGO,en,116,2018,Asia,SDG1|SDG6|SDG11,UNDP ERC,Gender Equality,Evaluation 476: Climate & Resilience Project - Year 2018
Vietnam,UNDP-EVAL-20240477,https://erc.undp.org/api/documents/477/pdf,2025-11-19T15:45:47.653373,outcome,This evaluation examines the outcomes of development initiatives in the region. Key findings include improved capacity in 477 focus areas. Recommendations emphasize sustainability and local engagement.,/home/user/evidence-ai/data/raw/undp/documents/Asia/2017/undp_eval_20240477_Evaluation_477__Climate___Resi.pdf,UNDP|Government Agency,en,117,2017,Asia,SDG2|SDG7|SDG12,UNDP ERC,Resilience,Evaluation 477: Climate & Resilience Project - Year 2017
Brazil,UNDP-EVAL-20240478,https://erc.undp.org/api/documents/478/pdf,2025-11-19T15:45:47.665088,thematic,This evaluation examines the outcomes of development initiatives in the region. Key findings include improved capacity in 478 focus areas. Recommendations emphasize sustainability and local engagement.,/home/user/evidence-ai/data/raw/undp/documents/Americas/2016/undp_eval_20240478_Evaluation_478__Climate___Resi.pdf,UNDP|Ministry of Environment|Local NGO,en,118,2016,Americas,SDG3|SDG8|SDG13,UNDP ERC,Environment,Evaluation 478: Climate & Resilience Project - Year 2016
Colombia,UNDP-EVAL-20240479,https://erc.undp.org/api/documents/479/pdf,2025-11-19T15:45:47.675925,project,This evaluation examines the outcomes of development initiatives in the region. Key findings include improved capacity in 479 focus areas. Recommendations emphasize sustainability and local engagement.,/home/user/evidence-ai/data/raw/undp/documents/Americas/2015/undp_eval_20240479_Evaluation_479__Climate___Resi.pdf,UNDP|Government Agency,en,119,2015,Americas,SDG4|SDG9|SDG14,UNDP ERC,Economic Development,Evaluation 479: Climate & Resilience Project - Year 2015
Kenya,UNDP-EVAL-20240480,https://erc.undp.org/api/documents/480/pdf,2025-11-19T15:45:47.686809,outcome,This evaluation examines the outcomes of development initiatives in the region. Key findings include improved capacity in 480 focus areas. Recommendations emphasize sustainability and local engagement.,/home/user/evidence-ai/data/raw/undp/documents/Africa/2024/undp_eval_20240480_Evaluation_480__Climate___Resi.pdf,UNDP|Ministry of Environment|Local NGO,en,40,2024,Africa,SDG5|SDG10|SDG15,UNDP ERC,Climate Action,Evaluation 480: Climate & Resilience Project - Year 2024
Tanzania,UNDP-EVAL-20240481,https://erc.undp.org/api/documents/481/pdf,2025-11-19T15:45:47.697958,thematic,This evaluation examines the outcomes of development initiatives in the region. Key findings include improved capacity in 481 focus areas. Recommendations emphasize sustainability and local engagement.,/home/user/evidence-ai/data/raw/undp/documents/Africa/2023/undp_eval_20240481_Evaluation_481__Climate___Resi.pdf,UNDP|Government Agency,en,41,2023,Africa,SDG6|SDG11|SDG16,UNDP ERC,Governance,Evaluation 481: Climate & Resilience Project - Year 2023
Uganda,UNDP-EVAL-20240482,https://erc.undp.org/api/documents/482/pdf,2025-11-19T15:45:47.709765,project,This evaluation examines the outcomes of development initiatives in the region. Key findings include improved capacity in 482 focus areas. Recommendations emphasize sustainability and local engagement.,/home/user/evidence-ai/data/raw/undp/documents/Africa/2022/undp_eval_20240482_Evaluation_482__Climate___Resi.pdf,UNDP|Ministry of Environment|Local NGO,en,42,2022,Africa,SDG7|SDG12|SDG17,UNDP ERC,Gender Equality,Evaluation 482: Climate & Resilience Project - Year 2022
Ethiopia,UNDP-EVAL-20240483,https://erc.undp.org/api/documents/483/pdf,2025-11-19T15:45:47.721607,outcome,This evaluation examines the outcomes of development initiatives in the region. Key findings include improved capacity in 483 focus areas. Recommendations emphasize sustainability and local engagement.,/home/user/evidence-ai/data/raw/undp/documents/Africa/2021/undp_eval_20240483_Evaluation_483__Climate___Resi.pdf,UNDP|Government Agency,en,43,2021,Africa,SDG8|SDG13|SDG1,UNDP ERC,Resilience,Evaluation 483: Climate & Resilience Project - Year 2021
Nigeria,UNDP-EVAL-20240484,https://erc.undp.org/api/documents/484/pdf,2025-11-19T15:45:47.732832,thematic,This evaluation examines the outcomes of development initiatives in the region. Key findings include improved capacity in 484 focus areas. Recommendations emphasize sustainability and local engagement.,/home/user/evidence-ai/data/raw/undp/documents/Africa/2020/undp_eval_20240484_Evaluation_484__Climate___Resi.pdf,UNDP|Ministry of Environment|Local NGO,en,44,2020,Africa,SDG9|SDG14|SDG2,UNDP ERC,Environment,Evaluation 484: Climate & Resilience Project - Year 2020
Ghana,UNDP-EVAL-20240485,https://erc.undp.org/api/documents/485/pdf,2025-11-19T15:45:47.744638,project,This evaluation examines the outcomes of development initiatives in the region. Key findings include improved capacity in 485 focus areas. Recommendations emphasize sustainability and local engagement.,/home/user/evidence-ai/data/raw/undp/documents/Africa/2019/undp_eval_20240485_Evaluation_485__Climate___Resi.pdf,UNDP|Government Agency,en,45,2019,Africa,SDG10|SDG15|SDG3,UNDP ERC,Economic Development,Evaluation 485: Climate & Resilience Project - Year 2019
Senegal,UNDP-EVAL-20240486,https://erc.undp.org/api/documents/486/pdf,2025-11-19T15:45:47.756522,outcome,This evaluation examines the outcomes of development initiatives in the region. Key findings include improved capacity in 486 focus areas. Recommendations emphasize sustainability and local engagement.,/home/user/evidence-ai/data/raw/undp/documents/Africa/2018/undp_eval_20240486_Evaluation_486__Climate___Resi.pdf,UNDP|Ministry of Environment|Local NGO,en,46,2018,Africa,SDG11|SDG16|SDG4,UNDP ERC,Climate Action,Evaluation 486: Climate & Resilience Project - Year 2018
Bangladesh,UNDP-EVAL-20240487,https://erc.undp.org/api/documents/487/pdf,2025-11-19T15:45:47.767725,thematic,This evaluation examines the outcomes of development initiatives in the region. Key findings include improved capacity in 487 focus areas. Recommendations emphasize sustainability and local engagement.,/home/user/evidence-ai/data/raw/undp/documents/Asia/2017/undp_eval_20240487_Evaluation_487__Climate___Resi.pdf,UNDP|Government Agency,en,47,2017,Asia,SDG12|SDG17|SDG5,UNDP ERC,Governance,Evaluation 487: Climate & Resilience Project - Year 2017
India,UNDP-EVAL-20240488,https://erc.undp.org/api/documents/488/pdf,2025-11-19T15:45:47.780542,project,This evaluation examines the outcomes of development initiatives in the region. Key findings include improved capacity in 488 focus areas. Recommendations emphasize sustainability and local engagement.,/home/user/evidence-ai/data/raw/undp/documents/Asia/2016/undp_eval_20240488_Evaluation_488__Climate___Resi.pdf,UNDP|Ministry of Environment|Local NGO,en,48,2016,Asia,SDG13|SDG1|SDG6,UNDP ERC,Gender Equality,Evaluation 488: Climate & Resilience Project - Year 2016
Vietnam,UNDP-EVAL-20240489,https://erc.undp.org/api/documents/489/pdf,2025-11-19T15:45:47.791596,outcome,This evaluation examines the outcomes of development initiatives in the region. Key findings include improved capacity in 489 focus areas. Recommendations emphasize sustainability and local engagement.,/home/user/evidence-ai/data/raw/undp/documents/Asia/2015/undp_eval_20240489_Evaluation_489__Climate___Resi.pdf,UNDP|Government Agency,en,49,2015,Asia,SDG14|SDG2|SDG7,UNDP ERC,Resilience,Evaluation 489: Climate & Resilience Project - Year 2015
Brazil,UNDP-EVAL-20240490,https://erc.undp.org/api/documents/490/pdf,2025-11-19T15:45:47.803476,thematic,This evaluation examines the outcomes of development initiatives in the region. Key findings include improved capacity in 490 focus areas. Recommendations emphasize sustainability and local engagement.,/home/user/evidence-ai/data/raw/undp/documents/Americas/2024/undp_eval_20240490_Evaluation_490__Climate___Resi.pdf,UNDP|Ministry of Environment|Local NGO,en,50,2024,Americas,SDG15|SDG3|SDG8,UNDP ERC,Environment,Evaluation 490: Climate & Resilience Project - Year 2024
Colombia,UNDP-EVAL-20240491,https://erc.undp.org/api/documents/491/pdf,2025-11-19T15:45:47.815374,project,This evaluation examines the outcomes of development initiatives in the region. Key findings include improved capacity in 491 focus areas. Recommendations emphasize sustainability and local engagement.,/home/user/evidence-ai/data/raw/undp/documents/Americas/2023/undp_eval_20240491_Evaluation_491__Climate___Resi.pdf,UNDP|Government Agency,en,51,2023,Americas,SDG16|SDG4|SDG9,UNDP ERC,Economic Development,Evaluation 491: Climate & Resilience Project - Year 2023
Kenya,UNDP-EVAL-20240492,https://erc.undp.org/api/documents/492/pdf,2025-11-19T15:45:47.827168,outcome,This evaluation examines the outcomes of development initiatives in the region. Key findings include improved capacity in 492 focus areas. Recommendations emphasize sustainability and local engagement.,/home/user/evidence-ai/data/raw/undp/documents/Africa/2022/undp_eval_20240492_Evaluation_492__Climate___Resi.pdf,UNDP|Ministry of Environment|Local NGO,en,52,2022,Africa,SDG17|SDG5|SDG10,UNDP ERC,Climate Action,Evaluation 492: Climate & Resilience Project - Year 2022
Tanzania,UNDP-EVAL-20240493,https://erc.undp.org/api/documents/493/pdf,2025-11-19T15:45:47.838949,thematic,This evaluation examines the outcomes of development initiatives in the region. Key findings include improved capacity in 493 focus areas. Recommendations emphasize sustainability and local engagement.,/home/user/evidence-ai/data/raw/undp/documents/Africa/2021/undp_eval_20240493_Evaluation_493__Climate___Resi.pdf,UNDP|Government Agency,en,53,2021,Africa,SDG1|SDG6|SDG11,UNDP ERC,Governance,Evaluation 493: Climate & Resilience Project - Year 2021
Uganda,UNDP-EVAL-20240494,https://erc.undp.org/api/documents/494/pdf,2025-11-19T15:45:47.851065,project,This evaluation examines the outcomes of development initiatives in the region. Key findings include improved capacity in 494 focus areas. Recommendations emphasize sustainability and local engagement.,/home/user/evidence-ai/data/raw/undp/documents/Africa/2020/undp_eval_20240494_Evaluation_494__Climate___Resi.pdf,UNDP|Ministry of Environment|Local NGO,en,54,2020,Africa,SDG2|SDG7|SDG12,UNDP ERC,Gender Equality,Evaluation 494: Climate & Resilience Project - Year 2020
Ethiopia,UNDP-EVAL-20240495,https://erc.undp.org/api/documents/495/pdf,2025-11-19T15:45:47.862803,outcome,This evaluation examines the outcomes of development initiatives in the region. Key findings include improved capacity in 495 focus areas. Recommendations emphasize sustainability and local engagement.,/home/user/evidence-ai/data/raw/undp/documents/Africa/2019/undp_eval_20240495_Evaluation_495__Climate___Resi.pdf,UNDP|Government Agency,en,55,2019,Africa,SDG3|SDG8|SDG13,UNDP ERC,Resilience,Evaluation 495: Climate & Resilience Project - Year 2019
Nigeria,UNDP-EVAL-20240496,https://erc.undp.org/api/documents/496/pdf,2025-11-19T15:45:47.874556,thematic,This evaluation examines the outcomes of development initiatives in the region. Key findings include improved capacity in 496 focus areas. Recommendations emphasize sustainability and local engagement.,/home/user/evidence-ai/data/raw/undp/documents/Africa/2018/undp_eval_20240496_Evaluation_496__Climate___Resi.pdf,UNDP|Ministry of Environment|Local NGO,en,56,2018,Africa,SDG4|SDG9|SDG14,UNDP ERC,Environment,Evaluation 496: Climate & Resilience Project - Year 2018
Ghana,UNDP-EVAL-20240497,https://erc.undp.org/api/documents/497/pdf,2025-11-19T15:45:47.886541,project,This evaluation examines the outcomes of development initiatives in the region. Key findings include improved capacity in 497 focus areas. Recommendations emphasize sustainability and local engagement.,/home/user/evidence-ai/data/raw/undp/documents/Africa/2017/undp_eval_20240497_Evaluation_497__Climate___Resi.pdf,UNDP|Government Agency,en,57,2017,Africa,SDG5|SDG10|SDG15,UNDP ERC,Economic Development,Evaluation 497: Climate & Resilience Project - Year 2017
Senegal,UNDP-EVAL-20240498,https://erc.undp.org/api/documents/498/pdf,2025-11-19T15:45:47.898303,outcome,This evaluation examines the outcomes of development initiatives in the region. Key findings include improved capacity in 498 focus areas. Recommendations emphasize sustainability and local engagement.,/home/user/evidence-ai/data/raw/undp/documents/Africa/2016/undp_eval_20240498_Evaluation_498__Climate___Resi.pdf,UNDP|Ministry of Environment|Local NGO,en,58,2016,Africa,SDG6|SDG11|SDG16,UNDP ERC,Climate Action,Evaluation 498: Climate & Resilience Project - Year 2016
Bangladesh,UNDP-EVAL-20240499,https://erc.undp.org/api/documents/499/pdf,2025-11-19T15:45:47.910148,thematic,This evaluation examines the outcomes of development initiatives in the region. Key findings include improved capacity in 499 focus areas. Recommendations emphasize sustainability and local engagement.,/home/user/evidence-ai/data/raw/undp/documents/Asia/2015/undp_eval_20240499_Evaluation_499__Climate___Resi.pdf,UNDP|Government Agency,en,59,2015,Asia,SDG7|SDG12|SDG17,UNDP ERC,Governance,Evaluation 499: Climate & Resilience Project - Year 2015
India,UNDP-EVAL-20240500,https://erc.undp.org/api/documents/500/pdf,2025-11-19T15:45:47.922329,project,This evaluation examines the outcomes of development initiatives in the region. Key findings include improved capacity in 500 focus areas. Recommendations emphasize sustainability and local engagement.,/home/user/evidence-ai/data/raw/undp/documents/Asia/2024/undp_eval_20240500_Evaluation_500__Climate___Resi.pdf,UNDP|Ministry of Environment|Local NGO,en,60,2024,Asia,SDG8|SDG13|SDG1,UNDP ERC,Gender Equality,Evaluation 500: Climate & Resilience Project - Year 2024
Vietnam,UNDP-EVAL-20240501,https://erc.undp.org/api/documents/501/pdf,2025-11-19T15:45:47.934244,outcome,This evaluation examines the outcomes of development initiatives in the region. Key findings include improved capacity in 501 focus areas. Recommendations emphasize sustainability and local engagement.,/home/user/evidence-ai/data/raw/undp/documents/Asia/2023/undp_eval_20240501_Evaluation_501__Climate___Resi.pdf,UNDP|Government Agency,en,61,2023,Asia,SDG9|SDG14|SDG2,UNDP ERC,Resilience,Evaluation 501: Climate & Resilience Project - Year 2023
Brazil,UNDP-EVAL-20240502,https://erc.undp.org/api/documents/502/pdf,2025-11-19T15:45:47.945905,thematic,This evaluation examines the outcomes of development initiatives in the region. Key findings include improved capacity in 502 focus areas. Recommendations emphasize sustainability and local engagement.,/home/user/evidence-ai/data/raw/undp/documents/Americas/2022/undp_eval_20240502_Evaluation_502__Climate___Resi.pdf,UNDP|Ministry of Environment|Local NGO,en,62,2022,Americas,SDG10|SDG15|SDG3,UNDP ERC,Environment,Evaluation 502: Climate & Resilience Project - Year 2022
Colombia,UNDP-EVAL-20240503,https://erc.undp.org/api/documents/503/pdf,2025-11-19T15:45:47.956886,project,This evaluation examines the outcomes of development initiatives in the region. Key findings include improved capacity in 503 focus areas. Recommendations emphasize sustainability and local engagement.,/home/user/evidence-ai/data/raw/undp/documents/Americas/2021/undp_eval_20240503_Evaluation_503__Climate___Resi.pdf,UNDP|Government Agency,en,63,2021,Americas,SDG11|SDG16|SDG4,UNDP ERC,Economic Development,Evaluation 503: Climate & Resilience Project - Year 2021
Kenya,UNDP-EVAL-20240504,https://erc.undp.org/api/documents/504/pdf,2025-11-19T15:45:47.968895,outcome,This evaluation examines the outcomes of development initiatives in the region. Key findings include improved capacity in 504 focus areas. Recommendations emphasize sustainability and local engagement.,/home/user/evidence-ai/data/raw/undp/documents/Africa/2020/undp_eval_20240504_Evaluation_504__Climate___Resi.pdf,UNDP|Ministry of Environment|Local NGO,en,64,2020,Africa,SDG12|SDG17|SDG5,UNDP ERC,Climate Action,Evaluation 504: Climate & Resilience Project - Year 2020
Tanzania,UNDP-EVAL-20240505,https://erc.undp.org/api/documents/505/pdf,2025-11-19T15:45:47.980900,thematic,This evaluation examines the outcomes of development initiatives in the region. Key findings include improved capacity in 505 focus areas. Recommendations emphasize sustainability and local engagement.,/home/user/evidence-ai/data/raw/undp/documents/Africa/2019/undp_eval_20240505_Evaluation_505__Climate___Resi.pdf,UNDP|Government Agency,en,65,2019,Africa,SDG13|SDG1|SDG6,UNDP ERC,Governance,Evaluation 505: Climate & Resilience Project - Year 2019
Uganda,UNDP-EVAL-20240506,https://erc.undp.org/api/documents/506/pdf,2025-11-19T15:45:47.992557,project,This evaluation examines the outcomes of development initiatives in the region. Key findings include improved capacity in 506 focus areas. Recommendations emphasize sustainability and local engagement.,/home/user/evidence-ai/data/raw/undp/documents/Africa/2018/undp_eval_20240506_Evaluation_506__Climate___Resi.pdf,UNDP|Ministry of Environment|Local NGO,en,66,2018,Africa,SDG14|SDG2|SDG7,UNDP ERC,Gender Equality,Evaluation 506: Climate & Resilience Project - Year 2018
Ethiopia,UNDP-EVAL-20240507,https://erc.undp.org/api/documents/507/pdf,2025-11-19T15:45:48.004363,outcome,This evaluation examines the outcomes of development initiatives in the region. Key findings include improved capacity in 507 focus areas. Recommendations emphasize sustainability and local engagement.,/home/user/evidence-ai/data/raw/undp/documents/Africa/2017/undp_eval_20240507_Evaluation_507__Climate___Resi.pdf,UNDP|Government Agency,en,67,2017,Africa,SDG15|SDG3|SDG8,UNDP ERC,Resilience,Evaluation 507: Climate & Resilience Project - Year 2017
Nigeria,UNDP-EVAL-20240508,https://erc.undp.org/api/documents/508/pdf,2025-11-19T15:45:48.015320,thematic,This evaluation examines the outcomes of development initiatives in the region. Key findings include improved capacity in 508 focus areas. Recommendations emphasize sustainability and local engagement.,/home/user/evidence-ai/data/raw/undp/documents/Africa/2016/undp_eval_20240508_Evaluation_508__Climate___Resi.pdf,UNDP|Ministry of Environment|Local NGO,en,68,2016,Africa,SDG16|SDG4|SDG9,UNDP ERC,Environment,Evaluation 508: Climate & Resilience Project - Year 2016
Ghana,UNDP-EVAL-20240509,https://erc.undp.org/api/documents/509/pdf,2025-11-19T15:45:48.026291,project,This evaluation examines the outcomes of development initiatives in the region. Key findings include improved capacity in 509 focus areas. Recommendations emphasize sustainability and local engagement.,/home/user/evidence-ai/data/raw/undp/documents/Africa/2015/undp_eval_20240509_Evaluation_509__Climate___Resi.pdf,UNDP|Government Agency,en,69,2015,Africa,SDG17|SDG5|SDG10,UNDP ERC,Economic Development,Evaluation 509: Climate & Resilience Project - Year 2015
Senegal,UNDP-EVAL-20240510,https://erc.undp.org/api/documents/510/pdf,2025-11-19T15:45:48.038162,outcome,This evaluation examines the outcomes of development initiatives in the region. Key findings include improved capacity in 510 focus areas. Recommendations emphasize sustainability and local engagement.,/home/user/evidence-ai/data/raw/undp/documents/Africa/2024/undp_eval_20240510_Evaluation_510__Climate___Resi.pdf,UNDP|Ministry of Environment|Local NGO,en,70,2024,Africa,SDG1|SDG6|SDG11,UNDP ERC,Climate Action,Evaluation 510: Climate & Resilience Project - Year 2024
Bangladesh,UNDP-EVAL-20240511,https://erc.undp.org/api/documents/511/pdf,2025-11-19T15:45:48.050258,thematic,This evaluation examines the outcomes of development initiatives in the region. Key findings include improved capacity in 511 focus areas. Recommendations emphasize sustainability and local engagement.,/home/user/evidence-ai/data/raw/undp/documents/Asia/2023/undp_eval_20240511_Evaluation_511__Climate___Resi.pdf,UNDP|Government Agency,en,71,2023,Asia,SDG2|SDG7|SDG12,UNDP ERC,Governance,Evaluation 511: Climate & Resilience Project - Year 2023
India,UNDP-EVAL-20240512,https://erc.undp.org/api/documents/512/pdf,2025-11-19T15:45:48.062090,project,This evaluation examines the outcomes of development initiatives in the region. Key findings include improved capacity in 512 focus areas. Recommendations emphasize sustainability and local engagement.,/home/user/evidence-ai/data/raw/undp/documents/Asia/2022/undp_eval_20240512_Evaluation_512__Climate___Resi.pdf,UNDP|Ministry of Environment|Local NGO,en,72,2022,Asia,SDG3|SDG8|SDG13,UNDP ERC,Gender Equality,Evaluation 512: Climate & Resilience Project - Year 2022
Vietnam,UNDP-EVAL-20240513,https://erc.undp.org/api/documents/513/pdf,2025-11-19T15:45:48.073963,outcome,This evaluation examines the outcomes of development initiatives in the region. Key findings include improved capacity in 513 focus areas. Recommendations emphasize sustainability and local engagement.,/home/user/evidence-ai/data/raw/undp/documents/Asia/2021/undp_eval_20240513_Evaluation_513__Climate___Resi.pdf,UNDP|Government Agency,en,73,2021,Asia,SDG4|SDG9|SDG14,UNDP ERC,Resilience,Evaluation 513: Climate & Resilience Project - Year 2021
Brazil,UNDP-EVAL-20240514,https://erc.undp.org/api/documents/514/pdf,2025-11-19T15:45:48.085782,thematic,This evaluation examines the outcomes of development initiatives in the region. Key findings include improved capacity in 514 focus areas. Recommendations emphasize sustainability and local engagement.,/home/user/evidence-ai/data/raw/undp/documents/Americas/2020/undp_eval_20240514_Evaluation_514__Climate___Resi.pdf,UNDP|Ministry of Environment|Local NGO,en,74,2020,Americas,SDG5|SDG10|SDG15,UNDP ERC,Environment,Evaluation 514: Climate & Resilience Project - Year 2020
Colombia,UNDP-EVAL-20240515,https://erc.undp.org/api/documents/515/pdf,2025-11-19T15:45:48.097513,project,This evaluation examines the outcomes of development initiatives in the region. Key findings include improved capacity in 515 focus areas. Recommendations emphasize sustainability and local engagement.,/home/user/evidence-ai/data/raw/undp/documents/Americas/2019/undp_eval_20240515_Evaluation_515__Climate___Resi.pdf,UNDP|Government Agency,en,75,2019,Americas,SDG6|SDG11|SDG16,UNDP ERC,Economic Development,Evaluation 515: Climate & Resilience Project - Year 2019
Kenya,UNDP-EVAL-20240516,https://erc.undp.org/api/documents/516/pdf,2025-11-19T15:45:48.109402,outcome,This evaluation examines the outcomes of development initiatives in the region. Key findings include improved capacity in 516 focus areas. Recommendations emphasize sustainability and local engagement.,/home/user/evidence-ai/data/raw/undp/documents/Africa/2018/undp_eval_20240516_Evaluation_516__Climate___Resi.pdf,UNDP|Ministry of Environment|Local NGO,en,76,2018,Africa,SDG7|SDG12|SDG17,UNDP ERC,Climate Action,Evaluation 516: Climate & Resilience Project - Year 2018
Tanzania,UNDP-EVAL-20240517,https://erc.undp.org/api/documents/517/pdf,2025-11-19T15:45:48.120289,thematic,This evaluation examines the outcomes of development initiatives in the region. Key findings include improved capacity in 517 focus areas. Recommendations emphasize sustainability and local engagement.,/home/user/evidence-ai/data/raw/undp/documents/Africa/2017/undp_eval_20240517_Evaluation_517__Climate___Resi.pdf,UNDP|Government Agency,en,77,2017,Africa,SDG8|SDG13|SDG1,UNDP ERC,Governance,Evaluation 517: Climate & Resilience Project - Year 2017
Uganda,UNDP-EVAL-20240518,https://erc.undp.org/api/documents/518/pdf,2025-11-19T15:45:48.132053,project,This evaluation examines the outcomes of development initiatives in the region. Key findings include improved capacity in 518 focus areas. Recommendations emphasize sustainability and local engagement.,/home/user/evidence-ai/data/raw/undp/documents/Africa/2016/undp_eval_20240518_Evaluation_518__Climate___Resi.pdf,UNDP|Ministry of Environment|Local NGO,en,78,2016,Africa,SDG9|SDG14|SDG2,UNDP ERC,Gender Equality,Evaluation 518: Climate & Resilience Project - Year 2016
Ethiopia,UNDP-EVAL-20240519,https://erc.undp.org/api/documents/519/pdf,2025-11-19T15:45:48.143865,outcome,This evaluation examines the outcomes of development initiatives in the region. Key findings include improved capacity in 519 focus areas. Recommendations emphasize sustainability and local engagement.,/home/user/evidence-ai/data/raw/undp/documents/Africa/2015/undp_eval_20240519_Evaluation_519__Climate___Resi.pdf,UNDP|Government Agency,en,79,2015,Africa,SDG10|SDG15|SDG3,UNDP ERC,Resilience,Evaluation 519: Climate & Resilience Project - Year 2015
Nigeria,UNDP-EVAL-20240520,https://erc.undp.org/api/documents/520/pdf,2025-11-19T15:45:48.155747,thematic,This evaluation examines the outcomes of development initiatives in the region. Key findings include improved capacity in 520 focus areas. Recommendations emphasize sustainability and local engagement.,/home/user/evidence-ai/data/raw/undp/documents/Africa/2024/undp_eval_20240520_Evaluation_520__Climate___Resi.pdf,UNDP|Ministry of Environment|Local NGO,en,80,2024,Africa,SDG11|SDG16|SDG4,UNDP ERC,Environment,Evaluation 520: Climate & Resilience Project - Year 2024
Ghana,UNDP-EVAL-20240521,https://erc.undp.org/api/documents/521/pdf,2025-11-19T15:45:48.167489,project,This evaluation examines the outcomes of development initiatives in the region. Key findings include improved capacity in 521 focus areas. Recommendations emphasize sustainability and local engagement.,/home/user/evidence-ai/data/raw/undp/documents/Africa/2023/undp_eval_20240521_Evaluation_521__Climate___Resi.pdf,UNDP|Government Agency,en,81,2023,Africa,SDG12|SDG17|SDG5,UNDP ERC,Economic Development,Evaluation 521: Climate & Resilience Project - Year 2023
Senegal,UNDP-EVAL-20240522,https://erc.undp.org/api/documents/522/pdf,2025-11-19T15:45:48.179453,outcome,This evaluation examines the outcomes of development initiatives in the region. Key findings include improved capacity in 522 focus areas. Recommendations emphasize sustainability and local engagement.,/home/user/evidence-ai/data/raw/undp/documents/Africa/2022/undp_eval_20240522_Evaluation_522__Climate___Resi.pdf,UNDP|Ministry of Environment|Local NGO,en,82,2022,Africa,SDG13|SDG1|SDG6,UNDP ERC,Climate Action,Evaluation 522: Climate & Resilience Project - Year 2022
Bangladesh,UNDP-EVAL-20240523,https://erc.undp.org/api/documents/523/pdf,2025-11-19T15:45:48.191279,thematic,This evaluation examines the outcomes of development initiatives in the region. Key findings include improved capacity in 523 focus areas. Recommendations emphasize sustainability and local engagement.,/home/user/evidence-ai/data/raw/undp/documents/Asia/2021/undp_eval_20240523_Evaluation_523__Climate___Resi.pdf,UNDP|Government Agency,en,83,2021,Asia,SDG14|SDG2|SDG7,UNDP ERC,Governance,Evaluation 523: Climate & Resilience Project - Year 2021
India,UNDP-EVAL-20240524,https://erc.undp.org/api/documents/524/pdf,2025-11-19T15:45:48.202116,project,This evaluation examines the outcomes of development initiatives in the region. Key findings include improved capacity in 524 focus areas. Recommendations emphasize sustainability and local engagement.,/home/user/evidence-ai/data/raw/undp/documents/Asia/2020/undp_eval_20240524_Evaluation_524__Climate___Resi.pdf,UNDP|Ministry of Environment|Local NGO,en,84,2020,Asia,SDG15|SDG3|SDG8,UNDP ERC,Gender Equality,Evaluation 524: Climate & Resilience Project - Year 2020
Vietnam,UNDP-EVAL-20240525,https://erc.undp.org/api/documents/525/pdf,2025-11-19T15:45:48.214046,outcome,This evaluation examines the outcomes of development initiatives in the region. Key findings include improved capacity in 525 focus areas. Recommendations emphasize sustainability and local engagement.,/home/user/evidence-ai/data/raw/undp/documents/Asia/2019/undp_eval_20240525_Evaluation_525__Climate___Resi.pdf,UNDP|Government Agency,en,85,2019,Asia,SDG16|SDG4|SDG9,UNDP ERC,Resilience,Evaluation 525: Climate & Resilience Project - Year 2019
Brazil,UNDP-EVAL-20240526,https://erc.undp.org/api/documents/526/pdf,2025-11-19T15:45:48.226176,thematic,This evaluation examines the outcomes of development initiatives in the region. Key findings include improved capacity in 526 focus areas. Recommendations emphasize sustainability and local engagement.,/home/user/evidence-ai/data/raw/undp/documents/Americas/2018/undp_eval_20240526_Evaluation_526__Climate___Resi.pdf,UNDP|Ministry of Environment|Local NGO,en,86,2018,Americas,SDG17|SDG5|SDG10,UNDP ERC,Environment,Evaluation 526: Climate & Resilience Project - Year 2018
Colombia,UNDP-EVAL-20240527,https://erc.undp.org/api/documents/527/pdf,2025-11-19T15:45:48.238072,project,This evaluation examines the outcomes of development initiatives in the region. Key findings include improved capacity in 527 focus areas. Recommendations emphasize sustainability and local engagement.,/home/user/evidence-ai/data/raw/undp/documents/Americas/2017/undp_eval_20240527_Evaluation_527__Climate___Resi.pdf,UNDP|Government Agency,en,87,2017,Americas,SDG1|SDG6|SDG11,UNDP ERC,Economic Development,Evaluation 527: Climate & Resilience Project - Year 2017
Kenya,UNDP-EVAL-20240528,https://erc.undp.org/api/documents/528/pdf,2025-11-19T15:45:48.250019,outcome,This evaluation examines the outcomes of development initiatives in the region. Key findings include improved capacity in 528 focus areas. Recommendations emphasize sustainability and local engagement.,/home/user/evidence-ai/data/raw/undp/documents/Africa/2016/undp_eval_20240528_Evaluation_528__Climate___Resi.pdf,UNDP|Ministry of Environment|Local NGO,en,88,2016,Africa,SDG2|SDG7|SDG12,UNDP ERC,Climate Action,Evaluation 528: Climate & Resilience Project - Year 2016
Tanzania,UNDP-EVAL-20240529,https://erc.undp.org/api/documents/529/pdf,2025-11-19T15:45:48.262002,thematic,This evaluation examines the outcomes of development initiatives in the region. Key findings include improved capacity in 529 focus areas. Recommendations emphasize sustainability and local engagement.,/home/user/evidence-ai/data/raw/undp/documents/Africa/2015/undp_eval_20240529_Evaluation_529__Climate___Resi.pdf,UNDP|Government Agency,en,89,2015,Africa,SDG3|SDG8|SDG13,UNDP ERC,Governance,Evaluation 529: Climate & Resilience Project - Year 2015
Uganda,UNDP-EVAL-20240530,https://erc.undp.org/api/documents/530/pdf,2025-11-19T15:45:48.273883,project,This evaluation examines the outcomes of development initiatives in the region. Key findings include improved capacity in 530 focus areas. Recommendations emphasize sustainability and local engagement.,/home/user/evidence-ai/data/raw/undp/documents/Africa/2024/undp_eval_20240530_Evaluation_530__Climate___Resi.pdf,UNDP|Ministry of Environment|Local NGO,en,90,2024,Africa,SDG4|SDG9|SDG14,UNDP ERC,Gender Equality,Evaluation 530: Climate & Resilience Project - Year 2024
Ethiopia,UNDP-EVAL-20240531,https://erc.undp.org/api/documents/531/pdf,2025-11-19T15:45:48.284941,outcome,This evaluation examines the outcomes of development initiatives in the region. Key findings include improved capacity in 531 focus areas. Recommendations emphasize sustainability and local engagement.,/home/user/evidence-ai/data/raw/undp/documents/Africa/2023/undp_eval_20240531_Evaluation_531__Climate___Resi.pdf,UNDP|Government Agency,en,91,2023,Africa,SDG5|SDG10|SDG15,UNDP ERC,Resilience,Evaluation 531: Climate & Resilience Project - Year 2023
Nigeria,UNDP-EVAL-20240532,https://erc.undp.org/api/documents/532/pdf,2025-11-19T15:45:48.296861,thematic,This evaluation examines the outcomes of development initiatives in the region. Key findings include improved capacity in 532 focus areas. Recommendations emphasize sustainability and local engagement.,/home/user/evidence-ai/data/raw/undp/documents/Africa/2022/undp_eval_20240532_Evaluation_532__Climate___Resi.pdf,UNDP|Ministry of Environment|Local NGO,en,92,2022,Africa,SDG6|SDG11|SDG16,UNDP ERC,Environment,Evaluation 532: Climate & Resilience Project - Year 2022
Ghana,UNDP-EVAL-20240533,https://erc.undp.org/api/documents/533/pdf,2025-11-19T15:45:48.308588,project,This evaluation examines the outcomes of development initiatives in the region. Key findings include improved capacity in 533 focus areas. Recommendations emphasize sustainability and local engagement.,/home/user/evidence-ai/data/raw/undp/documents/Africa/2021/undp_eval_20240533_Evaluation_533__Climate___Resi.pdf,UNDP|Government Agency,en,93,2021,Africa,SDG7|SDG12|SDG17,UNDP ERC,Economic Development,Evaluation 533: Climate & Resilience Project - Year 2021
Senegal,UNDP-EVAL-20240534,https://erc.undp.org/api/documents/534/pdf,2025-11-19T15:45:48.320411,outcome,This evaluation examines the outcomes of development initiatives in the region. Key findings include improved capacity in 534 focus areas. Recommendations emphasize sustainability and local engagement.,/home/user/evidence-ai/data/raw/undp/documents/Africa/2020/undp_eval_20240534_Evaluation_534__Climate___Resi.pdf,UNDP|Ministry of Environment|Local NGO,en,94,2020,Africa,SDG8|SDG13|SDG1,UNDP ERC,Climate Action,Evaluation 534: Climate & Resilience Project - Year 2020
Bangladesh,UNDP-EVAL-20240535,https://erc.undp.org/api/documents/535/pdf,2025-11-19T15:45:48.332300,thematic,This evaluation examines the outcomes of development initiatives in the region. Key findings include improved capacity in 535 focus areas. Recommendations emphasize sustainability and local engagement.,/home/user/evidence-ai/data/raw/undp/documents/Asia/2019/undp_eval_20240535_Evaluation_535__Climate___Resi.pdf,UNDP|Government Agency,en,95,2019,Asia,SDG9|SDG14|SDG2,UNDP ERC,Governance,Evaluation 535: Climate & Resilience Project - Year 2019
India,UNDP-EVAL-20240536,https://erc.undp.org/api/documents/536/pdf,2025-11-19T15:45:48.344189,project,This evaluation examines the outcomes of development initiatives in the region. Key findings include improved capacity in 536 focus areas. Recommendations emphasize sustainability and local engagement.,/home/user/evidence-ai/data/raw/undp/documents/Asia/2018/undp_eval_20240536_Evaluation_536__Climate___Resi.pdf,UNDP|Ministry of Environment|Local NGO,en,96,2018,Asia,SDG10|SDG15|SDG3,UNDP ERC,Gender Equality,Evaluation 536: Climate & Resilience Project - Year 2018
Vietnam,UNDP-EVAL-20240537,https://erc.undp.org/api/documents/537/pdf,2025-11-19T15:45:48.356223,outcome,This evaluation examines the outcomes of development initiatives in the region. Key findings include improved capacity in 537 focus areas. Recommendations emphasize sustainability and local engagement.,/home/user/evidence-ai/data/raw/undp/documents/Asia/2017/undp_eval_20240537_Evaluation_537__Climate___Resi.pdf,UNDP|Government Agency,en,97,2017,Asia,SDG11|SDG16|SDG4,UNDP ERC,Resilience,Evaluation 537: Climate & Resilience Project - Year 2017
Brazil,UNDP-EVAL-20240538,https://erc.undp.org/api/documents/538/pdf,2025-11-19T15:45:48.368003,thematic,This evaluation examines the outcomes of development initiatives in the region. Key findings include improved capacity in 538 focus areas. Recommendations emphasize sustainability and local engagement.,/home/user/evidence-ai/data/raw/undp/documents/Americas/2016/undp_eval_20240538_Evaluation_538__Climate___Resi.pdf,UNDP|Ministry of Environment|Local NGO,en,98,2016,Americas,SDG12|SDG17|SDG5,UNDP ERC,Environment,Evaluation 538: Climate & Resilience Project - Year 2016
Colombia,UNDP-EVAL-20240539,https://erc.undp.org/api/documents/539/pdf,2025-11-19T15:45:48.379752,project,This evaluation examines the outcomes of development initiatives in the region. Key findings include improved capacity in 539 focus areas. Recommendations emphasize sustainability and local engagement.,/home/user/evidence-ai/data/raw/undp/documents/Americas/2015/undp_eval_20240539_Evaluation_539__Climate___Resi.pdf,UNDP|Government Agency,en,99,2015,Americas,SDG13|SDG1|SDG6,UNDP ERC,Economic Development,Evaluation 539: Climate & Resilience Project - Year 2015
Kenya,UNDP-EVAL-20240540,https://erc.undp.org/api/documents/540/pdf,2025-11-19T15:45:48.391778,outcome,This evaluation examines the outcomes of development initiatives in the region. Key findings include improved capacity in 540 focus areas. Recommendations emphasize sustainability and local engagement.,/home/user/evidence-ai/data/raw/undp/documents/Africa/2024/undp_eval_20240540_Evaluation_540__Climate___Resi.pdf,UNDP|Ministry of Environment|Local NGO,en,100,2024,Africa,SDG14|SDG2|SDG7,UNDP ERC,Climate Action,Evaluation 540: Climate & Resilience Project - Year 2024
Tanzania,UNDP-EVAL-20240541,https://erc.undp.org/api/documents/541/pdf,2025-11-19T15:45:48.403458,thematic,This evaluation examines the outcomes of development initiatives in the region. Key findings include improved capacity in 541 focus areas. Recommendations emphasize sustainability and local engagement.,/home/user/evidence-ai/data/raw/undp/documents/Africa/2023/undp_eval_20240541_Evaluation_541__Climate___Resi.pdf,UNDP|Government Agency,en,101,2023,Africa,SDG15|SDG3|SDG8,UNDP ERC,Governance,Evaluation 541: Climate & Resilience Project - Year 2023
Uganda,UNDP-EVAL-20240542,https://erc.undp.org/api/documents/542/pdf,2025-11-19T15:45:48.415387,project,This evaluation examines the outcomes of development initiatives in the region. Key findings include improved capacity in 542 focus areas. Recommendations emphasize sustainability and local engagement.,/home/user/evidence-ai/data/raw/undp/documents/Africa/2022/undp_eval_20240542_Evaluation_542__Climate___Resi.pdf,UNDP|Ministry of Environment|Local NGO,en,102,2022,Africa,SDG16|SDG4|SDG9,UNDP ERC,Gender Equality,Evaluation 542: Climate & Resilience Project - Year 2022
Ethiopia,UNDP-EVAL-20240543,https://erc.undp.org/api/documents/543/pdf,2025-11-19T15:45:48.426269,outcome,This evaluation examines the outcomes of development initiatives in the region. Key findings include improved capacity in 543 focus areas. Recommendations emphasize sustainability and local engagement.,/home/user/evidence-ai/data/raw/undp/documents/Africa/2021/undp_eval_20240543_Evaluation_543__Climate___Resi.pdf,UNDP|Government Agency,en,103,2021,Africa,SDG17|SDG5|SDG10,UNDP ERC,Resilience,Evaluation 543: Climate & Resilience Project - Year 2021
Nigeria,UNDP-EVAL-20240544,https://erc.undp.org/api/documents/544/pdf,2025-11-19T15:45:48.437917,thematic,This evaluation examines the outcomes of development initiatives in the region. Key findings include improved capacity in 544 focus areas. Recommendations emphasize sustainability and local engagement.,/home/user/evidence-ai/data/raw/undp/documents/Africa/2020/undp_eval_20240544_Evaluation_544__Climate___Resi.pdf,UNDP|Ministry of Environment|Local NGO,en,104,2020,Africa,SDG1|SDG6|SDG11,UNDP ERC,Environment,Evaluation 544: Climate & Resilience Project - Year 2020
Ghana,UNDP-EVAL-20240545,https://erc.undp.org/api/documents/545/pdf,2025-11-19T15:45:48.449851,project,This evaluation examines the outcomes of development initiatives in the region. Key findings include improved capacity in 545 focus areas. Recommendations emphasize sustainability and local engagement.,/home/user/evidence-ai/data/raw/undp/documents/Africa/2019/undp_eval_20240545_Evaluation_545__Climate___Resi.pdf,UNDP|Government Agency,en,105,2019,Africa,SDG2|SDG7|SDG12,UNDP ERC,Economic Development,Evaluation 545: Climate & Resilience Project - Year 2019
Senegal,UNDP-EVAL-20240546,https://erc.undp.org/api/documents/546/pdf,2025-11-19T15:45:48.461606,outcome,This evaluation examines the outcomes of development initiatives in the region. Key findings include improved capacity in 546 focus areas. Recommendations emphasize sustainability and local engagement.,/home/user/evidence-ai/data/raw/undp/documents/Africa/2018/undp_eval_20240546_Evaluation_546__Climate___Resi.pdf,UNDP|Ministry of Environment|Local NGO,en,106,2018,Africa,SDG3|SDG8|SDG13,UNDP ERC,Climate Action,Evaluation 546: Climate & Resilience Project - Year 2018
Bangladesh,UNDP-EVAL-20240547,https://erc.undp.org/api/documents/547/pdf,2025-11-19T15:45:48.472704,thematic,This evaluation examines the outcomes of development initiatives in the region. Key findings include improved capacity in 547 focus areas. Recommendations emphasize sustainability and local engagement.,/home/user/evidence-ai/data/raw/undp/documents/Asia/2017/undp_eval_20240547_Evaluation_547__Climate___Resi.pdf,UNDP|Government Agency,en,107,2017,Asia,SDG4|SDG9|SDG14,UNDP ERC,Governance,Evaluation 547: Climate & Resilience Project - Year 2017
India,UNDP-EVAL-20240548,https://erc.undp.org/api/documents/548/pdf,2025-11-19T15:45:48.484416,project,This evaluation examines the outcomes of development initiatives in the region. Key findings include improved capacity in 548 focus areas. Recommendations emphasize sustainability and local engagement.,/home/user/evidence-ai/data/raw/undp/documents/Asia/2016/undp_eval_20240548_Evaluation_548__Climate___Resi.pdf,UNDP|Ministry of Environment|Local NGO,en,108,2016,Asia,SDG5|SDG10|SDG15,UNDP ERC,Gender Equality,Evaluation 548: Climate & Resilience Project - Year 2016
Vietnam,UNDP-EVAL-20240549,https://erc.undp.org/api/documents/549/pdf,2025-11-19T15:45:48.496285,outcome,This evaluation examines the outcomes of development initiatives in the region. Key findings include improved capacity in 549 focus areas. Recommendations emphasize sustainability and local engagement.,/home/user/evidence-ai/data/raw/undp/documents/Asia/2015/undp_eval_20240549_Evaluation_549__Climate___Resi.pdf,UNDP|Government Agency,en,109,2015,Asia,SDG6|SDG11|SDG16,UNDP ERC,Resilience,Evaluation 549: Climate & Resilience Project - Year 2015
Brazil,UNDP-EVAL-20240550,https://erc.undp.org/api/documents/550/pdf,2025-11-19T15:45:48.508170,thematic,This evaluation examines the outcomes of development initiatives in the region. Key findings include improved capacity in 550 focus areas. Recommendations emphasize sustainability and local engagement.,/home/user/evidence-ai/data/raw/undp/documents/Americas/2024/undp_eval_20240550_Evaluation_550__Climate___Resi.pdf,UNDP|Ministry of Environment|Local NGO,en,110,2024,Americas,SDG7|SDG12|SDG17,UNDP ERC,Environment,Evaluation 550: Climate & Resilience Project - Year 2024
