source_id,title,document_type,split,items_count,file_path,file_size_bytes,sha256,download_url,license,notes
mteb/climate-fever-v2,MTEB Climate-FEVER v2,dataset,test,7675,data/huggingface/mteb_climate-fever-v2/test.jsonl,533010,8800075d8ffece0e0bedf0ea9c8db017fce0b254308c788c7ebd915d351dca3e,https://huggingface.co/datasets/mteb/climate-fever-v2,CC-BY-SA-4.0,Fact-checking retrieval corpus for climate claims.
climatebert/climate_sentiment,ClimateBERT Sentiment Dataset,dataset,train,1000,data/huggingface/climatebert_climate_sentiment/train.jsonl,505079,dfcca395b787228b34db9a7bc414ab73d3547c095d6f072bbd253c814d88a341,https://huggingface.co/datasets/climatebert/climate_sentiment,CC-BY 4.0,Climate-related risk vs opportunity paragraphs with sentiment labels.
climatebert/climate_sentiment,ClimateBERT Sentiment Dataset,dataset,test,320,data/huggingface/climatebert_climate_sentiment/test.jsonl,178425,a850c9b9ad2e7ab91286ebb16e3ed594595eda549292aa6f062a756029ee4510,https://huggingface.co/datasets/climatebert/climate_sentiment,CC-BY 4.0,Climate-related risk vs opportunity paragraphs with sentiment labels.
rony/climate-change-MRC,Climate Bot MRC,dataset,train,1,data/huggingface/rony_climate-change-MRC/train.jsonl,12756164,8689ba769d0f91b0d835552b8ade9298e959a9bd930155c8ea949391c826ea68,https://huggingface.co/datasets/rony/climate-change-MRC,MIT,Machine reading comprehension samples from IJCAI-ECAI 2022 demo.
rony/climate-change-MRC,Climate Bot MRC,dataset,validation,1,data/huggingface/rony_climate-change-MRC/validation.jsonl,3618405,8ac8c934b9494184c769b4c3008af975cd6d597b49b1a82242c2faa042a07846,https://huggingface.co/datasets/rony/climate-change-MRC,MIT,Machine reading comprehension samples from IJCAI-ECAI 2022 demo.
rony/climate-change-MRC,Climate Bot MRC,dataset,test,1,data/huggingface/rony_climate-change-MRC/test.jsonl,1791434,2c172d94c64b32956c706f9207d24b8661952eae2e63a7d08720cd7518c29f6b,https://huggingface.co/datasets/rony/climate-change-MRC,MIT,Machine reading comprehension samples from IJCAI-ECAI 2022 demo.
climedataset/CliME,CliME Multimodal Climate Discourse Dataset,dataset,train,2579,data/huggingface/climedataset_CliME/train.jsonl,3665015,f868cef00ace44a8f70dd8c36e38707f4b0d6d0fa1a0458cb0aa65f1e4e53c43,https://huggingface.co/datasets/climedataset/CliME,CC-BY 4.0,Social-media style climate messaging with optional images.
ipcc/ar6/wgII/ch01,IPCC AR6 WGII Chapter 01: Point of Departure and Key Concepts,report,chapter,1,data/reports/ipcc/ar6_wgII/IPCC_AR6_WGII_CH01_Point_of_Departure_and_Key_Concepts.pdf,3943780,47ac54db69241bca154b700a5bebad79109b381cc19b84cc65d1955326619afb,https://www.ipcc.ch/report/ar6/wg2/downloads/report/IPCC_AR6_WGII_Chapter01.pdf,IPCC Terms of Use,Authoritative chapter PDF mirrored from IPCC AR6 Working Group II.
ipcc/ar6/wgII/ch02,IPCC AR6 WGII Chapter 02: Terrestrial and Freshwater Ecosystems and Their Services,report,chapter,1,data/reports/ipcc/ar6_wgII/IPCC_AR6_WGII_CH02_Terrestrial_and_Freshwater_Ecosystems.pdf,21745080,70d3aff993d8229e96182bfde627765908e0afc701ab277fac3d1c89e2fc0942,https://www.ipcc.ch/report/ar6/wg2/downloads/report/IPCC_AR6_WGII_Chapter02.pdf,IPCC Terms of Use,Authoritative chapter PDF mirrored from IPCC AR6 Working Group II.
ipcc/ar6/wgII/ch03,IPCC AR6 WGII Chapter 03: Oceans and Coastal Ecosystems and Their Services,report,chapter,1,data/reports/ipcc/ar6_wgII/IPCC_AR6_WGII_CH03_Oceans_and_Coastal_Ecosystems.pdf,21752444,c92ce7955f63012e1e30699b8859f6885cb5d5005412eca98cc6e586cc7e53d6,https://www.ipcc.ch/report/ar6/wg2/downloads/report/IPCC_AR6_WGII_Chapter03.pdf,IPCC Terms of Use,Authoritative chapter PDF mirrored from IPCC AR6 Working Group II.
ipcc/ar6/wgII/ch04,IPCC AR6 WGII Chapter 04: Water,report,chapter,1,data/reports/ipcc/ar6_wgII/IPCC_AR6_WGII_CH04_Water.pdf,34848294,05e4c382a5b3955a65675680ed109b2efbb697e3b9e3e4e191edb1de893e3d82,https://www.ipcc.ch/report/ar6/wg2/downloads/report/IPCC_AR6_WGII_Chapter04.pdf,IPCC Terms of Use,Authoritative chapter PDF mirrored from IPCC AR6 Working Group II.
ipcc/ar6/wgII/ch05,"IPCC AR6 WGII Chapter 05: Food, Fibre and Other Ecosystem Products",report,chapter,1,data/reports/ipcc/ar6_wgII/IPCC_AR6_WGII_CH05_Food_Fibre_and_Ecosystem_Products.pdf,18123589,acd70aedc034db71057268638eb7b3edbb80b16e09d8e08c840b296bf79c1354,https://www.ipcc.ch/report/ar6/wg2/downloads/report/IPCC_AR6_WGII_Chapter05.pdf,IPCC Terms of Use,Authoritative chapter PDF mirrored from IPCC AR6 Working Group II.
ipcc/ar6/wgII/ch06,"IPCC AR6 WGII Chapter 06: Cities, Settlements and Key Infrastructure",report,chapter,1,data/reports/ipcc/ar6_wgII/IPCC_AR6_WGII_CH06_Cities_Settlements_and_Infrastructure.pdf,3651767,57e9bb6ec3f8b870899732dc73561bff007cf8c3b656fe97776ac688da0e12d7,https://www.ipcc.ch/report/ar6/wg2/downloads/report/IPCC_AR6_WGII_Chapter06.pdf,IPCC Terms of Use,Authoritative chapter PDF mirrored from IPCC AR6 Working Group II.
ipcc/ar6/wgII/ch07,"IPCC AR6 WGII Chapter 07: Health, Wellbeing and the Changing Structure of Communities",report,chapter,1,data/reports/ipcc/ar6_wgII/IPCC_AR6_WGII_CH07_Health_Wellbeing_Communities.pdf,8854173,3ccdf17c6365e591024e040b943d40d146790aa70627ef452dd9219acb9bf90b,https://www.ipcc.ch/report/ar6/wg2/downloads/report/IPCC_AR6_WGII_Chapter07.pdf,IPCC Terms of Use,Authoritative chapter PDF mirrored from IPCC AR6 Working Group II.
ipcc/ar6/wgII/ch08,"IPCC AR6 WGII Chapter 08: Poverty, Livelihoods and Sustainable Development",report,chapter,1,data/reports/ipcc/ar6_wgII/IPCC_AR6_WGII_CH08_Poverty_Livelihoods_Sustainable_Development.pdf,9005967,5f3dc8fa575faa28b4adcb792029bbcf1424bdc3ecf89b49b3cea9689bc402eb,https://www.ipcc.ch/report/ar6/wg2/downloads/report/IPCC_AR6_WGII_Chapter08.pdf,IPCC Terms of Use,Authoritative chapter PDF mirrored from IPCC AR6 Working Group II.
ipcc/ar6/wgII/ch09,IPCC AR6 WGII Chapter 09: Africa,report,chapter,1,data/reports/ipcc/ar6_wgII/IPCC_AR6_WGII_CH09_Africa.pdf,31840195,ffffb8de5dcb9b26b7d8a3ce1eafeb86a9b600a6d7c4513df743687016546a71,https://www.ipcc.ch/report/ar6/wg2/downloads/report/IPCC_AR6_WGII_Chapter09.pdf,IPCC Terms of Use,Authoritative chapter PDF mirrored from IPCC AR6 Working Group II.
ipcc/ar6/wgII/ch10,IPCC AR6 WGII Chapter 10: Asia,report,chapter,1,data/reports/ipcc/ar6_wgII/IPCC_AR6_WGII_CH10_Asia.pdf,9622808,bf2787136211056d69e3f7480c4b66a3d0e6ee68951b06a4af49181546a8a348,https://www.ipcc.ch/report/ar6/wg2/downloads/report/IPCC_AR6_WGII_Chapter10.pdf,IPCC Terms of Use,Authoritative chapter PDF mirrored from IPCC AR6 Working Group II.
ipcc/ar6/wgII/ch11,IPCC AR6 WGII Chapter 11: Australasia,report,chapter,1,data/reports/ipcc/ar6_wgII/IPCC_AR6_WGII_CH11_Australasia.pdf,4625976,4257443892f3142fa322214f58db72cd0da229ac1d6d6269a9c8d1ce124b1184,https://www.ipcc.ch/report/ar6/wg2/downloads/report/IPCC_AR6_WGII_Chapter11.pdf,IPCC Terms of Use,Authoritative chapter PDF mirrored from IPCC AR6 Working Group II.
ipcc/ar6/wgII/ch12,IPCC AR6 WGII Chapter 12: Central and South America,report,chapter,1,data/reports/ipcc/ar6_wgII/IPCC_AR6_WGII_CH12_Central_and_South_America.pdf,12366388,d308e270cdcd61c96b749fcb1675a3afe6fc9e55bf4b26b8a8454fbc32d7303a,https://www.ipcc.ch/report/ar6/wg2/downloads/report/IPCC_AR6_WGII_Chapter12.pdf,IPCC Terms of Use,Authoritative chapter PDF mirrored from IPCC AR6 Working Group II.
ipcc/ar6/wgII/ch13,IPCC AR6 WGII Chapter 13: Europe,report,chapter,1,data/reports/ipcc/ar6_wgII/IPCC_AR6_WGII_CH13_Europe.pdf,23840939,09003db99ac6f491250adf55bd103e13a9a3679b15129a300f67f484eea7849f,https://www.ipcc.ch/report/ar6/wg2/downloads/report/IPCC_AR6_WGII_Chapter13.pdf,IPCC Terms of Use,Authoritative chapter PDF mirrored from IPCC AR6 Working Group II.
ipcc/ar6/wgII/ch14,IPCC AR6 WGII Chapter 14: North America,report,chapter,1,data/reports/ipcc/ar6_wgII/IPCC_AR6_WGII_CH14_North_America.pdf,25688900,05ae119becba0ff853639267cb052caa2e3152ad61fd436af8118ac2fdb7f5ad,https://www.ipcc.ch/report/ar6/wg2/downloads/report/IPCC_AR6_WGII_Chapter14.pdf,IPCC Terms of Use,Authoritative chapter PDF mirrored from IPCC AR6 Working Group II.
ipcc/ar6/wgII/ch15,IPCC AR6 WGII Chapter 15: Small Islands,report,chapter,1,data/reports/ipcc/ar6_wgII/IPCC_AR6_WGII_CH15_Small_Islands.pdf,5365551,1d7ce3fced342329f4ee03b467b4b81efa1773d09f6a807f1e81fbbbea5d199e,https://www.ipcc.ch/report/ar6/wg2/downloads/report/IPCC_AR6_WGII_Chapter15.pdf,IPCC Terms of Use,Authoritative chapter PDF mirrored from IPCC AR6 Working Group II.
ipcc/ar6/wgII/ch16,IPCC AR6 WGII Chapter 16: Key Risks across Sectors and Regions,report,chapter,1,data/reports/ipcc/ar6_wgII/IPCC_AR6_WGII_CH16_Key_Risks_Across_Sectors.pdf,4630094,149b852f73abb7074ca52749227ead155384fd931fc3c0047ddba174f5f2f49f,https://www.ipcc.ch/report/ar6/wg2/downloads/report/IPCC_AR6_WGII_Chapter16.pdf,IPCC Terms of Use,Authoritative chapter PDF mirrored from IPCC AR6 Working Group II.
ipcc/ar6/wgII/ch17,IPCC AR6 WGII Chapter 17: Decision-Making Options for Managing Risk,report,chapter,1,data/reports/ipcc/ar6_wgII/IPCC_AR6_WGII_CH17_Decision_Making_for_Risk.pdf,3310104,3d6cdd5bfe45af0c02c24017b1df5c660b1d3394974a617adc6afc204c3f309b,https://www.ipcc.ch/report/ar6/wg2/downloads/report/IPCC_AR6_WGII_Chapter17.pdf,IPCC Terms of Use,Authoritative chapter PDF mirrored from IPCC AR6 Working Group II.
ipcc/ar6/wgII/ch18,IPCC AR6 WGII Chapter 18: Climate Resilient Development Pathways,report,chapter,1,data/reports/ipcc/ar6_wgII/IPCC_AR6_WGII_CH18_Climate_Resilient_Development_Pathways.pdf,8777796,4c269d3f21bad91589ba1dd99601673f97c960087967c771f46209c416c82173,https://www.ipcc.ch/report/ar6/wg2/downloads/report/IPCC_AR6_WGII_Chapter18.pdf,IPCC Terms of Use,Authoritative chapter PDF mirrored from IPCC AR6 Working Group II.
copernicus/cds/factsheet2019,Copernicus Climate Data Store Factsheet (2019),report,factsheet,1,data/reports/copernicus/Copernicus_CDS_Factsheet_2019.pdf,812178,f7debff092705aa29123660fe37ce3486f2cec1db4bb13e9fa2ac5d8365c2ca1,https://climate.copernicus.eu/sites/default/files/2020-04/C3S_Factsheet_CDS_20190613.pdf,Copernicus Data Policy,Overview of the Climate Data Store architecture and 8 PB/year data flow.
epa/climate_indicators/webinar2021,EPA Climate Change Indicators Webinar Deck (2021),report,slides,1,data/reports/epa/EPA_Climate_Indicators_Webinar_2021.pdf,4918564,7b6e80e2e550cbade0ac9632c650e573eae07d392321f002d35426632d0fea5c,https://www.epa.gov/system/files/documents/2021-07/webinar-climate-indicators-2021-06-17.pdf,EPA Terms of Use,"Slide deck describing 54 climate indicators, 140 figures, 275 datasets."
noaa/ghcn-daily/documentation,GHCN-Daily Documentation PDF,dataset,documentation,1,data/datasets/noaa/ghcn-daily/GHCND_documentation.pdf,104748,d67e69ce657d175dd301c2b9cdb162ff5be95327c9247f82235b1228577d717b,https://www.ncei.noaa.gov/data/global-historical-climatology-network-daily/doc/GHCND_documentation.pdf,NOAA Public Domain,Official documentation for Global Historical Climatology Network Daily dataset.
noaa/ghcn-daily/readme,GHCN-Daily README,dataset,documentation,1,data/datasets/noaa/ghcn-daily/readme.txt,28324,71c11f019992f3d575cfc0c08cb1dc6b44b98d2f8e21b843d110164da1bd4088,https://www.ncei.noaa.gov/pub/data/ghcn/daily/readme.txt,NOAA Public Domain,README file describing GHCN-Daily data format and variables.
noaa/ghcn-daily/stations,GHCN-Daily Station Metadata,dataset,metadata,1,data/datasets/noaa/ghcn-daily/ghcnd-stations.txt,11150588,f8f320b9aa020b8ac7f456ed6af3c96194c7fa8536ddb6937226ef7767b5c8a1,https://www.ncei.noaa.gov/pub/data/ghcn/daily/ghcnd-stations.txt,NOAA Public Domain,Complete list of ~120000 GHCN-Daily stations with coordinates and metadata.
noaa/ghcn-daily/sample,GHCN-Daily Sample Data (Central Park NYC),dataset,sample_data,57297,data/datasets/noaa/ghcn-daily/USW00094728.csv,17715424,391e85580d6f75bc0bb36752837a9bb5e0650d1b0ea038697429cd3bec202d4c,https://www.ncei.noaa.gov/data/global-historical-climatology-network-daily/access/USW00094728.csv,NOAA Public Domain,Daily weather observations from Central Park NYC station (1869-present).
noaa/isd/documentation,ISD Format Documentation PDF,dataset,documentation,1,data/datasets/noaa/isd/isd-format-document.pdf,887431,68c501705fb057f4619a143575a158ab9c5601f16dd9733108142c211e5032f3,https://www.ncei.noaa.gov/data/global-hourly/doc/isd-format-document.pdf,NOAA Public Domain,Technical documentation for Integrated Surface Database format and variables.
noaa/isd/readme,ISD README,dataset,documentation,1,data/datasets/noaa/isd/readme.txt,5330,55b38c4b20c8486acf5a22942301ebfaadd0256d66ba981d9de5cd5679579cd3,https://www.ncei.noaa.gov/pub/data/noaa/readme.txt,NOAA Public Domain,README file for Integrated Surface Database.
noaa/isd/history,ISD Station History,dataset,metadata,1,data/datasets/noaa/isd/isd-history.csv,2914601,1994747ab4af1b97e63adb434b4d0d022f2daee76f0c144ea9ab46be2d906604,https://www.ncei.noaa.gov/pub/data/noaa/isd-history.csv,NOAA Public Domain,Complete station history for ISD with ~35000 stations worldwide.
noaa/isd/sample,ISD Sample Data (LaGuardia Airport 2023),dataset,sample_data,13647,data/datasets/noaa/isd/72503014732-2023.csv,8079148,66d941445a2e39007345f196e5484dd1e4dc638fbba109c5bf1a98ff9d9b1961,https://www.ncei.noaa.gov/data/global-hourly/access/2023/72503014732.csv,NOAA Public Domain,Hourly weather observations from LaGuardia Airport for 2023.
noaa/gsom/documentation,GSOM Documentation PDF,dataset,documentation,1,data/datasets/noaa/gsom/GSOM_documentation.pdf,156830,35facf144e7be52a71a557cccfe7660dd60d7b3fded91cfa2f28e854898c860c,https://www.ncei.noaa.gov/data/gsom/doc/GSOM_documentation.pdf,NOAA Public Domain,Documentation for Global Summary of the Month dataset.
noaa/gsom/sample,GSOM Sample Data (Central Park NYC),dataset,sample_data,1882,data/datasets/noaa/gsom/USW00094728.csv,1163149,9d3fb7eb328d02339a5b034b5586044954d15348ac4e02b6a481e9d438aa863f,https://www.ncei.noaa.gov/data/gsom/access/USW00094728.csv,NOAA Public Domain,Monthly climate summaries from Central Park NYC (1869-present).
noaa/gsoy/documentation,GSOY Documentation PDF,dataset,documentation,1,data/datasets/noaa/gsoy/GSOY_documentation.pdf,202442,81b88b24891d09f695a64ea732d4508964c94fec5e97ece514ea15ef1dc59fed,https://www.ncei.noaa.gov/data/gsoy/doc/GSOY_documentation.pdf,NOAA Public Domain,Documentation for Global Summary of the Year dataset.
noaa/gsoy/sample,GSOY Sample Data (Central Park NYC),dataset,sample_data,157,data/datasets/noaa/gsoy/USW00094728.csv,122238,90b728e953e42677c41cab16c90e2000ebf9ee47976ee41a14ebce6161923d66,https://www.ncei.noaa.gov/data/gsoy/access/USW00094728.csv,NOAA Public Domain,Annual climate summaries from Central Park NYC (1869-present).
noaa/storm-events/documentation,Storm Events Database Documentation,dataset,documentation,1,data/datasets/noaa/storm-events/Storm_Data_Export_Format.pdf,150527,b0168139621beb5b4453085825dc3901c29e7730e4584e5f621b67657054987c,https://www.ncei.noaa.gov/pub/data/swdi/stormevents/csvfiles/Storm-Data-Export-Format.pdf,NOAA Public Domain,Documentation for Storm Events Database export format.
noaa/storm-events/sample,Storm Events 2024 Data,dataset,sample_data,69493,data/datasets/noaa/storm-events/StormEvents_details_2024.csv,69361691,6cb952bef90c9735b32b8cdf813010561a0bc0f1c926c42e11277a57efecf6ef,https://www.ncei.noaa.gov/pub/data/swdi/stormevents/csvfiles/StormEvents_details-ftp_v1.0_d2024_c20250818.csv.gz,NOAA Public Domain,Complete storm event details for 2024 including tornadoes hurricanes floods etc.
noaa/storm-events/sample-2025,Storm Events 2025 Data,dataset,sample_data,33904,data/datasets/noaa/storm-events/StormEvents_details_2025.csv,35331072,5d8203b59b5a3fff890475f445fded181a5e25420596b648447ffa261e53ace8,https://www.ncei.noaa.gov/pub/data/swdi/stormevents/csvfiles/StormEvents_details-ftp_v1.0_d2025_c20250818.csv.gz,NOAA Public Domain,Storm event details for 2025 (year to date) including tornadoes hurricanes floods etc.
noaa/lcd/documentation,Local Climatological Data v2 Documentation,dataset,documentation,1,data/datasets/noaa/lcd/lcdv2_DOCUMENTATION.pdf,686406,b50906a80f06eac6d5c4c238f61ec0c1ac13ff481dd88b2cb1295a8c25d9395f,https://www.ncei.noaa.gov/oa/local-climatological-data/v2/doc/lcdv2_DOCUMENTATION.pdf,NOAA Public Domain,Documentation for Local Climatological Data Version 2.
noaa/lcd/stations,LCD Station List,dataset,metadata,1,data/datasets/noaa/lcd/lcdv2-station-list.txt,2070192,708c24f51a0eb72be8cb3d078e657723172da0f14fa167e67a97dbd596e46e1c,https://www.ncei.noaa.gov/oa/local-climatological-data/v2/doc/lcdv2-station-list.txt,NOAA Public Domain,Complete list of LCD stations with metadata.
noaa/lcd/sample,LCD Sample Data (LaGuardia Airport 2023),dataset,sample_data,13643,data/datasets/noaa/lcd/72503014732-2023.csv,8723313,825562ad877bbc333ad9a3b85009cf103e4dfd13af6f10ae143efd5449714d69,https://www.ncei.noaa.gov/data/local-climatological-data/access/2023/72503014732.csv,NOAA Public Domain,Local climatological data from LaGuardia Airport for 2023 with hourly and daily summaries.
copernicus/era5/monthly_2m_temperature,ERA5 Monthly Mean 2m Temperature,dataset,netcdf,1,data/datasets/copernicus/era5_monthly/era5_monthly_2m_temperature_1980_2023.nc,pending,pending,https://cds.climate.copernicus.eu/cdsapp#!/dataset/reanalysis-era5-single-levels-monthly-means,Copernicus Data Policy,"Global 1deg grid 1980-2023, monthly mean 2m temperature (t2m) in Kelvin."
copernicus/era5/monthly_precipitation,ERA5 Monthly Mean Total Precipitation,dataset,netcdf,1,data/datasets/copernicus/era5_monthly/era5_monthly_total_precipitation_1980_2023.nc,pending,pending,https://cds.climate.copernicus.eu/cdsapp#!/dataset/reanalysis-era5-single-levels-monthly-means,Copernicus Data Policy,"Global 1deg grid 1980-2023, monthly mean total precipitation (tp) in m."
copernicus/era5/monthly_msl,ERA5 Monthly Mean Sea Level Pressure,dataset,netcdf,1,data/datasets/copernicus/era5_monthly/era5_monthly_msl_1980_2023.nc,pending,pending,https://cds.climate.copernicus.eu/cdsapp#!/dataset/reanalysis-era5-single-levels-monthly-means,Copernicus Data Policy,"Global 1deg grid 1980-2023, monthly mean sea level pressure (msl) in Pa."
copernicus/c3s/temperature_anomaly,C3S Surface Temperature Anomaly,dataset,netcdf,1,data/datasets/copernicus/temperature_anomalies/surface_temperature_anomaly_global.nc,pending,pending,https://cds.climate.copernicus.eu/cdsapp#!/dataset/ecv-for-climate-change,Copernicus Data Policy,"Global 1979-2023 monthly surface air temperature anomalies from ERA5 baseline."
copernicus/c3s/precipitation_anomaly,C3S Precipitation Anomaly,dataset,netcdf,1,data/datasets/copernicus/precipitation_anomalies/precipitation_anomaly_global.nc,pending,pending,https://cds.climate.copernicus.eu/cdsapp#!/dataset/ecv-for-climate-change,Copernicus Data Policy,"Global 1979-2023 monthly precipitation anomalies from ERA5 baseline."
copernicus/c3s/sea_ice_extent,C3S Sea Ice Extent Indicator,dataset,netcdf,1,data/datasets/copernicus/climate_indicators/sea_ice_extent.nc,pending,pending,https://cds.climate.copernicus.eu/cdsapp#!/dataset/ecv-for-climate-change,Copernicus Data Policy,"Arctic/Antarctic 1979-2023 monthly sea ice extent from C3S climate indicators."
copernicus/ecv/monthly_means,Essential Climate Variables Monthly Means,dataset,grib,1,data/datasets/copernicus/ecv_climate_change/ecv_monthly_means_2019_2024.zip,791442650,2ae4c08ce99a8a9ef3046ecd97c801282db6201f72913417ec6278224a287e0d,https://cds.climate.copernicus.eu/cdsapp#!/dataset/ecv-for-climate-change,Copernicus Data Policy,"Global 2019-2024 monthly means of temperature/humidity/precipitation/soil moisture/sea ice from ERA5/ERA5-Land. Ideal for climate change assessment RAG."
usgs/channel-and-floodplain-cross-section-and-bed-elevation-analy,"Channel and floodplain cross-section and bed-elevation analyses of the Green River in Echo, Island, and Rainbow Parks, Dinosaur National Monument, Colorado and Utah",report,main,1,data/reports/usgs/channel-and-floodplain-cross-section-and-bed-elevation-analy/channel-and-floodplain-cross-section-and-bed-elevation-analy.pdf,5050456,7a62b3b57868bf69fd2d197740dd90ff94d0292b4a7a0f70271cef3e8b5dd9bf,https://pubs.usgs.gov/sir/2025/5078/sir20255078.pdf,USGS Public Domain,"This report by the U.S. Geological Survey focuses on describing geomorphic changes in the alluvial segments of the Green River within Echo, Island, and Rainbow Parks of Dinosaur National Monument, bet"
usgs/the-3d-elevation-program-supporting-the-economy-of-massachus,The 3D Elevation Program—Supporting the economy of Massachusetts,report,main,1,data/reports/usgs/the-3d-elevation-program-supporting-the-economy-of-massachus/the-3d-elevation-program-supporting-the-economy-of-massachus.pdf,706419,408f16ada7803c1d2d3ab4ce0e8a4ee5c92e04b1edb789a99fbebb8e1a648b22,https://pubs.usgs.gov/fs/2025/3044/fs20253044.pdf,USGS Public Domain,Introduction&nbsp;Massachusetts extends from the mountains of the Appalachian system in the west of the State to the sandy beaches and rocky shorelines of the Atlantic coast in the east. Inland topogr
usgs/using-satellite-imagery-and-soil-data-to-understand-occurren,"Using satellite imagery and soil data to understand occurrences and migration of soil conditions harmful to archaeological sites on Jamestown Island, Virginia",report,main,1,data/reports/usgs/using-satellite-imagery-and-soil-data-to-understand-occurren/using-satellite-imagery-and-soil-data-to-understand-occurren.pdf,4403729,f48c499cf568d3fafc01148c22389421adc28522d42c61469df6bed90cc58e11,https://pubs.usgs.gov/sir/2025/5074/sir20255074.pdf,USGS Public Domain,"Many know Jamestown Island, Virginia, hereafter referred to as “the Island,” located near the mouth of the James River into the Chesapeake Bay, as the home of the first permanent English settlement in"
usgs/the-3d-elevation-program-supporting-louisiana-s-economy,The 3D Elevation Program—Supporting Louisiana's economy,report,main,1,data/reports/usgs/the-3d-elevation-program-supporting-louisiana-s-economy/the-3d-elevation-program-supporting-louisiana-s-economy.pdf,1072338,7490b24b0653009cd8af02d2611b4a081e5c91b7af8547d7c4e148f1f20a1ef7,https://pubs.usgs.gov/fs/2025/3034/fs20253034.pdf,USGS Public Domain,Introduction&nbsp;Recent and ongoing collections of high-resolution elevation data in Louisiana are providing information that supports improved critical public safety modeling and enables the State t
usgs/u-s-geological-survey-groundwater-climate-response-network-2,"U.S. Geological Survey Groundwater Climate Response Network, 2024",report,main,1,data/reports/usgs/u-s-geological-survey-groundwater-climate-response-network-2/u-s-geological-survey-groundwater-climate-response-network-2.pdf,1112201,f3a01c9ae7e752d35165d464a349e592cc6a99af968df276c2eac454f9f86042,https://pubs.usgs.gov/gip/254/gip254.pdf,USGS Public Domain,"As of October 2024, the U.S. Geological Survey (USGS) operated 588 sites across the United States and its territories as part of the Groundwater Climate Response Network (CRN). The CRN is comprised of"
usgs/assessing-spatial-variability-of-nutrients-phytoplankton-and,"Assessing spatial variability of nutrients, phytoplankton, and related water-quality constituents in the California Sacramento–San Joaquin Delta at the landscape scale—Comparison of four (2018, 2020, 2021, 2022) spring high-resolution mapping surveys",report,main,1,data/reports/usgs/assessing-spatial-variability-of-nutrients-phytoplankton-and/assessing-spatial-variability-of-nutrients-phytoplankton-and.pdf,40157992,068e6c1ae37ae018a093f67f246dc1d11a0fd696c0984437ce1c893172a455da,https://pubs.usgs.gov/sir/2025/5035/sir20255035.pdf,USGS Public Domain,"Executive SummaryThis report summarizes results from boat-based, high-resolution water-quality mapping surveys completed before, during, and after upgrades to the EchoWater Resource Recovery Facility "
usgs/a-crosswalk-of-the-2015-world-terrestrial-ecosystems-to-the-,A crosswalk of the 2015 World Terrestrial Ecosystems to the International Union for the Conservation of Nature Global Ecosystem Typology Framework,report,main,1,data/reports/usgs/a-crosswalk-of-the-2015-world-terrestrial-ecosystems-to-the-/a-crosswalk-of-the-2015-world-terrestrial-ecosystems-to-the-.pdf,13230325,b69b044785c3cb3ad7680d17b7801952431e6fe6fbc7424404f500aca5aa40bd,https://pubs.usgs.gov/of/2025/1043/ofr20251043.pdf,USGS Public Domain,"To support ecosystem mapping and accounting applications, we aligned the 2015 U.S. Geological Survey/Esri/The Nature Conservancy-World Terrestrial Ecosystems (WTEs) with the International Union for Co"
usgs/cryospheric-sciences-at-the-u-s-geological-survey,Cryospheric sciences at the U.S. Geological Survey,report,main,1,data/reports/usgs/cryospheric-sciences-at-the-u-s-geological-survey/cryospheric-sciences-at-the-u-s-geological-survey.pdf,1943190,31dc32535b43c1f9cce9004add6d1dc0397c50c454b835f623135bbaf377c255,https://pubs.usgs.gov/fs/2024/3043/fs20243043.pdf,USGS Public Domain,"IntroductionThe cryosphere is the collective parts of the Earth where water is in its frozen state and includes snow, glaciers, ice sheets, ice shelves, freshwater ice, sea ice, and permafrost. The cr"
usgs/glacier-retreat-in-glacier-national-park-montana,"Glacier retreat in Glacier National Park, Montana",report,main,1,data/reports/usgs/glacier-retreat-in-glacier-national-park-montana/glacier-retreat-in-glacier-national-park-montana.pdf,9716528,eb34731fe2d8fc1c587b2d6e9a2215a69ef22450ea2d13129d4f0df950f9a4e0,https://pubs.usgs.gov/fs/2019/3068/fs20193068.pdf,USGS Public Domain,"Currently, the volume of land ice on Earth is decreasing, driving consequential changes to global sea level and local stream habitat. Glacier retreat in Glacier National Park, Montana, U.S.A., is one "
usgs/collaborative-drought-science-planning-in-the-colorado-river,Collaborative drought science planning in the Colorado River Basin,report,main,1,data/reports/usgs/collaborative-drought-science-planning-in-the-colorado-river/collaborative-drought-science-planning-in-the-colorado-river.pdf,9871912,85371a88fc4a3523ddad5df459aa39697a0434bf71f31fb4a0d923e9171a83d9,https://pubs.usgs.gov/of/2025/1041/ofr20251041.pdf,USGS Public Domain,"The U.S. Geological Survey (USGS) is using collaborative, interdisciplinary planning to develop data and tools needed to optimize the management of water resources and land use by resource management "
usgs/hydrologic-budgets-and-water-availability-of-six-bedrock-aqu,"Hydrologic budgets and water availability of six bedrock aquifers in the Black Hills area, South Dakota and Wyoming, 1931–2022",report,main,1,data/reports/usgs/hydrologic-budgets-and-water-availability-of-six-bedrock-aqu/hydrologic-budgets-and-water-availability-of-six-bedrock-aqu.pdf,28674782,6c9decc051196dc3324dfa6087336ebcef7d0bbba8fee1fd8f791d888bdcd0e6,https://pubs.usgs.gov/sir/2025/5067/sir20255067.pdf,USGS Public Domain,Population growth and recurring droughts in the Black Hills region raised interest in water resources and future availability. The Black Hills hydrology study (BHHS) was initiated in the early 1990s t
usgs/using-the-horizontal-to-vertical-spectral-ratio-method-to-es,"Using the horizontal-to-vertical spectral ratio method to estimate thickness of the Barry Arm landslide, Prince William Sound, Alaska",report,main,1,data/reports/usgs/using-the-horizontal-to-vertical-spectral-ratio-method-to-es/using-the-horizontal-to-vertical-spectral-ratio-method-to-es.pdf,12634974,85847112cb34e77d378bffe06427b0b3b49d3e1e42b24b77ad09b74aa32f6ec9,https://pubs.usgs.gov/of/2024/1071/ofr20241071.pdf,USGS Public Domain,"Conducting detailed investigations of large landslides is difficult, especially in the subsurface, largely due to environmental factors such as steep slopes, difficult access, and numerous objective h"
usgs/multidecadal-change-in-pesticide-concentrations-relative-to-,Multidecadal change in pesticide concentrations relative to human health benchmarks in the Nation’s groundwater,report,main,1,data/reports/usgs/multidecadal-change-in-pesticide-concentrations-relative-to-/multidecadal-change-in-pesticide-concentrations-relative-to-.pdf,4343866,acc7f6433c4238ff9be130861059d481df1c1b41f8380812b50cf88a32234dea,https://pubs.usgs.gov/sir/2025/5081/sir20255081.pdf,USGS Public Domain,Groundwater-quality trend assessments identify aquifers that are responding to changes in pesticide use and the compounds that may pose a threat to water availability. The U.S. Geological Survey has b
usgs/characterization-of-suspended-sediment-flux-and-streamflow-t,"Characterization of suspended sediment flux and streamflow trends in the Fountain Creek watershed, Colorado, 1998 through 2022",report,main,1,data/reports/usgs/characterization-of-suspended-sediment-flux-and-streamflow-t/characterization-of-suspended-sediment-flux-and-streamflow-t.pdf,4955989,d290c1b3c4b4f7a7129e8ead71b7aa615b6576bd2e0debf5f621865669ee7dc1,https://pubs.usgs.gov/sir/2025/5089/sir20255089.pdf,USGS Public Domain,The U.S. Geological Survey evaluated long-term suspended sediment flux and streamflow datasets for temporal trends (monotonic and step trends) at 10 streamgage sites within the Fountain Creek watershe
usgs/random-forest-regression-models-for-estimating-low-streamflo,"Random forest regression models for estimating low-streamflow statistics at ungaged locations in New York, excluding Long Island",report,main,1,data/reports/usgs/random-forest-regression-models-for-estimating-low-streamflo/random-forest-regression-models-for-estimating-low-streamflo.pdf,9429036,9f8a743e0e2325a259124e0e5958b4586b557064d888d006ebcae117938b4680,https://pubs.usgs.gov/sir/2025/5060/sir20255060.pdf,USGS Public Domain,"Models to estimate low-streamflow statistics at ungaged locations in New York, excluding Long Island and including hydrologically connected basins from bordering States, were developed for the first t"
usgs/hydroclimatic-and-land-use-factors-affecting-peak-streamflow,"Hydroclimatic and land-use factors affecting peak streamflow in Illinois, Iowa, Michigan, Minnesota, Missouri, Montana, North Dakota, South Dakota, and Wisconsin",report,main,1,data/reports/usgs/hydroclimatic-and-land-use-factors-affecting-peak-streamflow/hydroclimatic-and-land-use-factors-affecting-peak-streamflow.pdf,69479097,909a3df0ca2f90da13dafde463473aa2e7768f21e311080e501cd94958a632ec,https://pubs.usgs.gov/circ/1557/cir1557.pdf,USGS Public Domain,"Flood-frequency analysis provides the basis for flood risk estimates used by water-resource managers in land-use planning, and it informs the design of essential infrastructure such as bridges and cul"
usgs/environmental-characteristics-of-select-managed-ponds-in-the,Environmental characteristics of select managed ponds in the Sacramento–San Joaquin Delta—Implications for native fish conservation and research,report,main,1,data/reports/usgs/environmental-characteristics-of-select-managed-ponds-in-the/environmental-characteristics-of-select-managed-ponds-in-the.pdf,2041480,be344c67144acad5fed98f3b4a023dd0d7edf32bd5b65953abb5ff821c3bf25b,https://pubs.usgs.gov/of/2025/1040/ofr20251040.pdf,USGS Public Domain,The use of wetlands to support native fish research and conservation efforts in the Sacramento–San Joaquin Delta (Delta) of California is a growing priority. The purpose of our study was to examine th
usgs/development-of-regression-equations-to-estimate-flow-duratio,"Development of regression equations to estimate flow durations, low-flow frequencies, and mean flows at ungaged stream sites in Connecticut using data through water year 2022",report,main,1,data/reports/usgs/development-of-regression-equations-to-estimate-flow-duratio/development-of-regression-equations-to-estimate-flow-duratio.pdf,4814953,846adf1d331c10fe9f63ea74987c21384271b69d751ca66294a9433af868e5f8,https://pubs.usgs.gov/sir/2025/5027/sir20255027.pdf,USGS Public Domain,"To aid Federal and State regulatory agencies in the effective management of water resources, the U.S. Geological Survey, in cooperation with the Connecticut Department of Energy and Environmental Prot"
usgs/climate-change-impacts-on-plant-communities-in-the-sagebrush,Climate change impacts on plant communities in the sagebrush region—A science synthesis to inform Bureau of Land Management resource management:,report,main,1,data/reports/usgs/climate-change-impacts-on-plant-communities-in-the-sagebrush/climate-change-impacts-on-plant-communities-in-the-sagebrush.pdf,56621675,c6af9f8336f1536669d3a58c99affa80c273fdd96d4d27bed15f028fe7b9ff2f,https://pubs.usgs.gov/sir/2025/5045/sir20255045.pdf,USGS Public Domain,This report synthesizes current (2024) science-based knowledge related to the impacts of climate change on big sagebrush vegetation in Western North America. This effort was conducted through the U.S.
usgs/estimating-daily-public-supply-water-use-by-drinking-water-s,Estimating daily public supply water use by drinking water service area in New Jersey,report,main,1,data/reports/usgs/estimating-daily-public-supply-water-use-by-drinking-water-s/estimating-daily-public-supply-water-use-by-drinking-water-s.pdf,12350914,12f836c8a1dcf3d1be3df30243abcbc25baf18f9f99522a1da456814ab049ed1,https://pubs.usgs.gov/sir/2024/5061/sir20245061.pdf,USGS Public Domain,"This report, prepared in cooperation with the New Jersey Department of Environmental Protection, presents a method for estimating daily public supply water use by drinking water service area systems f"
usgs/u-s-geological-survey-pollinator-science-strategy-2025-35-a-,"U.S. Geological Survey Pollinator Science Strategy, 2025–35—A Review and Look Forward",report,main,1,data/reports/usgs/u-s-geological-survey-pollinator-science-strategy-2025-35-a-/u-s-geological-survey-pollinator-science-strategy-2025-35-a-.pdf,27117794,bd1444e9128ece91f15e193fcceff3ad28aee45af960a620ddd8650588ad9259,https://pubs.usgs.gov/circ/1556/circ1556.pdf,USGS Public Domain,"This “U.S. Geological Survey Pollinator Science Strategy, 2025–35—A Review and Look Forward” (“Pollinator Science Strategy”) describes the science vision of the U.S. Geological Survey (USGS) to suppor"
usgs/estimating-the-magnitude-and-frequency-of-floods-at-ungaged-,Estimating the magnitude and frequency of floods at ungaged locations on streams in Tennessee through the 2013 water year,report,main,1,data/reports/usgs/estimating-the-magnitude-and-frequency-of-floods-at-ungaged-/estimating-the-magnitude-and-frequency-of-floods-at-ungaged-.pdf,3614901,b0b9e61ae1f9a4a090ea98bafc8e0b2ca459acf3d74f9b21959e6e29f5676e7e,https://pubs.usgs.gov/sir/2024/5130/sir20245130.pdf,USGS Public Domain,"To improve estimates of the frequency of annual peak flows for ungaged locations on non-urban, unregulated streams in Tennessee, generalized least-squares multiple linear-regression techniques were us"
usgs/reconnaissance-of-potential-alternate-water-supply-sources-f,"Reconnaissance of potential alternate water supply sources for the City of Gary, West Virginia",report,main,1,data/reports/usgs/reconnaissance-of-potential-alternate-water-supply-sources-f/reconnaissance-of-potential-alternate-water-supply-sources-f.pdf,5996717,af14f8a6d260c3ca24c46a970d6874820c0574ac582acf42a01f9c55b9a12ad9,https://pubs.usgs.gov/of/2025/1037/ofr20251037.pdf,USGS Public Domain,"Seven potential sources of water, consisting of free-flowing discharge from abandoned coal mines at six locations and one abandoned flooded underground coal mine air shaft, were sampled for chemical a"
usgs/framework-developed-for-geomorphic-mapping-of-fern-ridge-lak,"Framework developed for geomorphic mapping of Fern Ridge Lake, Oregon, 2023",report,main,1,data/reports/usgs/framework-developed-for-geomorphic-mapping-of-fern-ridge-lak/framework-developed-for-geomorphic-mapping-of-fern-ridge-lak.pdf,9570668,9675016d5f0fc7018980a27f44acb5e98e507078e17db12a0b05d530b299b2ad,https://pubs.usgs.gov/dr/1215/dr1215.pdf,USGS Public Domain,"The construction and operation of large reservoirs in the Willamette River Basin, Oregon, influences important cultural, biological, and other natural or economic resources in affected river corridors"
usgs/gravity-and-magnetic-surveys-of-the-skaergaard-intrusion-eas,"Gravity and magnetic surveys of the Skaergaard intrusion, East Greenland",report,main,1,data/reports/usgs/gravity-and-magnetic-surveys-of-the-skaergaard-intrusion-eas/gravity-and-magnetic-surveys-of-the-skaergaard-intrusion-eas.pdf,7082779,68edefd584cfd34a5dbba9a169cbd04d58816c35af2395d979f299cf271bf3b7,https://pubs.usgs.gov/of/2025/1030/ofr20251030.pdf,USGS Public Domain,Aeromagnetic and gravity surveys of the Skaergaard intrusion in East Greenland were carried out in July–August 1971 as part of a grant to the University of Oregon Center for Volcanology to refine the 
usgs/insights-and-strategic-opportunities-from-the-usgs-2024-per-,Insights and strategic opportunities from the USGS 2024 Per- and Polyfluoroalkyl Substances (PFAS) Interagency Workshop,report,main,1,data/reports/usgs/insights-and-strategic-opportunities-from-the-usgs-2024-per-/insights-and-strategic-opportunities-from-the-usgs-2024-per-.pdf,2778094,43d85dd8a7b926731a42741946bc04a6812d31499632c07acdddb19882862971,https://pubs.usgs.gov/of/2025/1044/ofr20251044.pdf,USGS Public Domain,"Introduction&nbsp;In 2021, the U.S. Geological Survey (USGS) published Circular 1490 titled, “Integrated Science for the Study of Perfluoroalkyl and Polyfluoroalkyl Substances (PFAS) in the Environmen"
usgs/the-3d-elevation-program-supporting-vermont-s-economy,The 3D Elevation Program—Supporting Vermont's economy,report,main,1,data/reports/usgs/the-3d-elevation-program-supporting-vermont-s-economy/the-3d-elevation-program-supporting-vermont-s-economy.pdf,460165,2ccac3bbdaec1a02280dd06aef00e0e72f00c902ea27171c87d8398663aec4bc,https://pubs.usgs.gov/fs/2025/3033/fs20253033.pdf,USGS Public Domain,IntroductionThe geographic information system (GIS) community in Vermont has a long history of interdisciplinary and cooperative projects that have facilitated the leveraging of geospatial technology 
usgs/aquifer-storage-change-and-storage-properties-rio-rancho-new,"Aquifer storage change and storage properties, Rio Rancho, New Mexico, 2019–23",report,main,1,data/reports/usgs/aquifer-storage-change-and-storage-properties-rio-rancho-new/aquifer-storage-change-and-storage-properties-rio-rancho-new.pdf,6953583,9e08c58ab8bec662413018da9489ca9e54df8f8f226aed9a63e8ebff16a2220c,https://pubs.usgs.gov/sir/2025/5040/sir20255040.pdf,USGS Public Domain,"To better understand changes in groundwater storage and groundwater elevations, the U.S. Geological Survey, in cooperation with the City of Rio Rancho, New Mexico, carried out a multiyear groundwater "
usgs/mapping-eelgrass-zostera-marina-cover-and-biomass-at-izembek,"Mapping eelgrass (Zostera marina) cover and biomass at Izembek Lagoon, Alaska, using in-situ field data and Sentinel-2 satellite imagery",report,main,1,data/reports/usgs/mapping-eelgrass-zostera-marina-cover-and-biomass-at-izembek/mapping-eelgrass-zostera-marina-cover-and-biomass-at-izembek.pdf,4846795,926bbd8fb0a1678c52cbf09e3315680fdb729449816356f515fe3eb44acdb8b4,https://pubs.usgs.gov/of/2025/1007/ofr20251007.pdf,USGS Public Domain,"The U.S. Geological Survey and the U.S. Fish and Wildlife Service have developed a three-tiered strategy for monitoring eelgrass (Zostera marina) beds at Izembek Lagoon, Alaska, that targets different"
usgs/benthic-habitat-map-of-olowalu-reef-maui-hawaii-geomorpholog,"Benthic habitat map of Olowalu Reef, Maui, Hawaii—Geomorphological structure, biological cover, and geologic zonation determined with spectral, lidar, and acoustic data",report,main,1,data/reports/usgs/benthic-habitat-map-of-olowalu-reef-maui-hawaii-geomorpholog/benthic-habitat-map-of-olowalu-reef-maui-hawaii-geomorpholog.pdf,5244191,319b81e2752ad5cb1a0a2e75355fbd184f15b74b5eb863ae50cce80ee1eab6ad,https://pubs.usgs.gov/of/2025/1010/ofr20251010.pdf,USGS Public Domain,"The fringing coral reef off Olowalu, Maui, Hawaii, has been identified as a local conservation priority site. In 2007, the National Oceanic and Atmospheric Administration (NOAA) produced a benthic hab"
usgs/potential-effects-of-sea-level-rise-and-high-tide-flooding-o,Potential effects of sea level rise and high tide flooding on <em>Laterallus jamaicensis jamaicensis</em> (eastern black rail) coastal breeding areas,report,main,1,data/reports/usgs/potential-effects-of-sea-level-rise-and-high-tide-flooding-o/potential-effects-of-sea-level-rise-and-high-tide-flooding-o.pdf,16198039,3ae6ac98981b352f9eb8cf77a5218ea3d9c8804cc01e8961e35bc12606be1d41,https://pubs.usgs.gov/of/2021/1104/f/ofr20211104f.pdf,USGS Public Domain,"Laterallus jamaicensis jamaicensis (eastern black rails; Gmelin, 1789) are facing increasing risk from flooding in coastal breeding habitats because of rising sea levels combined with standard high ti"
usgs/characterization-of-stream-water-quality-and-groundwater-lev,"Characterization of stream water quality and groundwater levels in the Central Pine Barrens region, Suffolk County, New York, 2017–23",report,main,1,data/reports/usgs/characterization-of-stream-water-quality-and-groundwater-lev/characterization-of-stream-water-quality-and-groundwater-lev.pdf,5273730,851aa332d6253ac5e16e774bbfaa94101967c064557caaa644ba6b229ee1b1f1,https://pubs.usgs.gov/sir/2025/5010/sir20255010.pdf,USGS Public Domain,"The area locally known as the “Central Pine Barrens” region, located in Suffolk County, New York, contains most of Long Island’s preserved and undeveloped land. This region overlays an aquifer system "
usgs/applying-u-s-geological-survey-science-to-understand-effects,Applying U.S. Geological Survey science to understand effects to water supply in the Upper Colorado River Basin,report,main,1,data/reports/usgs/applying-u-s-geological-survey-science-to-understand-effects/applying-u-s-geological-survey-science-to-understand-effects.pdf,6219868,5c1576e603b4bb66ff4725329432be66941853838d6ab02544e7b40a0071b5a7,https://pubs.usgs.gov/fs/2025/3036/fs20253036.pdf,USGS Public Domain,"IntroductionThe Colorado River Basin is a vital source of water to more than 40 million people in the Western United States and Mexico, including in major cities like Denver, Las Vegas, Phoenix, Tucso"
usgs/assessing-the-potential-for-evaluation-of-wildland-fire-mode,Assessing the potential for evaluation of wildland fire models using remotely sensed data—Summary proceedings from a U.S. Geological Survey workshop in 2024,report,main,1,data/reports/usgs/assessing-the-potential-for-evaluation-of-wildland-fire-mode/assessing-the-potential-for-evaluation-of-wildland-fire-mode.pdf,4837867,08841adf29aeac3f94a39f10ece470a69c6ba7bd062fdb8926ce34e7c517230b,https://pubs.usgs.gov/sir/2025/5053/sir20255053.pdf,USGS Public Domain,"On September 19, 2024, the U.S. Geological Survey (USGS) held a virtual workshop titled “Potential for Evaluation of Fire Models with Remote Sensing Data Workshop” to assess the feasibility of using r"
usgs/cascading-consequences-and-interventions-for-hazards-after-w,"Cascading consequences and interventions for hazards after wildfire in Okanogan County, Washington",report,main,1,data/reports/usgs/cascading-consequences-and-interventions-for-hazards-after-w/cascading-consequences-and-interventions-for-hazards-after-w.pdf,654174,69a7df5a45b8f899f494fc0ae1719cd06e15153c1b14a39fe637e3b5f67c4504,https://pubs.usgs.gov/sir/2025/5036/sir20255036_plate1.pdf,USGS Public Domain,"This report details the application of the chains of consequences method within the postfire hazard context after the 2021 Cedar Creek and Muckamuck Fires around Okanogan County, Washington. The U.S. "
usgs/the-3d-elevation-program-supporting-new-mexico-s-economy,The 3D Elevation Program—Supporting New Mexico’s Economy,report,main,1,data/reports/usgs/the-3d-elevation-program-supporting-new-mexico-s-economy/the-3d-elevation-program-supporting-new-mexico-s-economy.pdf,527641,9f003ee4a723817ee2cb9034872b402ea185f314cae42731c15e4cd551d9c89f,https://pubs.usgs.gov/fs/2025/3014/fs20253014.pdf,USGS Public Domain,"Introduction&nbsp;Federal, State, Tribal, and local entities managing lands in New Mexico have concerns about wildfire risk, wildlife habitat, and flood risk. Land managers in urban areas along the Ri"
usgs/u-s-geological-survey-2024-rocky-mountain-region-science-exc,U.S. Geological Survey 2024 Rocky Mountain Region Science Exchange—Showcasing cutting-edge science to adapt to extreme weather events and stakeholder needs,report,main,1,data/reports/usgs/u-s-geological-survey-2024-rocky-mountain-region-science-exc/u-s-geological-survey-2024-rocky-mountain-region-science-exc.pdf,1656434,7e72ceccf3d11b8256dac07a884d682e51c5a55340b6401b91dec9249ec5ced5,https://pubs.usgs.gov/fs/2025/3008/fs20253008.pdf,USGS Public Domain,"IntroductionThe Rocky Mountains and the Colorado River Basin in the Western United States are complex, interconnected systems that sustain a large variety of species, including tens of millions of hum"
usgs/a-partnership-between-the-usgs-and-the-klamath-tribes-to-app,A partnership between the USGS and the Klamath Tribes to apply structured decision making for chronic wasting disease management,report,main,1,data/reports/usgs/a-partnership-between-the-usgs-and-the-klamath-tribes-to-app/a-partnership-between-the-usgs-and-the-klamath-tribes-to-app.pdf,12850201,655b23b87b894c022621809d5de71c8914cbd1d45732d938ce41ed3dfe206b81,https://pubs.usgs.gov/fs/2025/3012/fs20253012.pdf,USGS Public Domain,"Project Overview: The Klamath Tribes (TKT) are the Klamath, Modoc, and Yahooskin Paiute peoples, and are the first peoples of the land, having lived in ancestral lands of Oregon and California since t"
usgs/the-3d-elevation-program-supporting-utah-s-economy,The 3D Elevation Program—Supporting Utah’s economy,report,main,1,data/reports/usgs/the-3d-elevation-program-supporting-utah-s-economy/the-3d-elevation-program-supporting-utah-s-economy.pdf,707162,1db1cf9e527e0370abd5f17f6ec677114cc919850949aabda0a870af5deef769,https://pubs.usgs.gov/fs/2025/3004/fs20253004.pdf,USGS Public Domain,Introduction&nbsp;High-quality elevation data for Utah inform decision making to improve the State’s economy. Light detection and ranging (lidar) data are used to support infrastructure planning and m
usgs/federal-lands-greenhouse-gas-emissions-and-sequestration-in-,Federal lands greenhouse gas emissions and sequestration in the United States: Estimates for 2005–22,report,main,1,data/reports/usgs/federal-lands-greenhouse-gas-emissions-and-sequestration-in-/federal-lands-greenhouse-gas-emissions-and-sequestration-in-.pdf,2293966,9bf5d891984323e4dca89e5f8640ccc9ccc7649ffead29792fd6ec4314eccd91,https://pubs.usgs.gov/sir/2024/5103/sir20245103.pdf,USGS Public Domain,"In 2016, the Secretary of the U.S. Department of the Interior requested that the U.S. Geological Survey (USGS) produce a publicly available and annually updated database of estimated greenhouse gas em"
usgs/hydrogeology-water-budget-and-simulated-groundwater-availabi,"Hydrogeology, water budget, and simulated groundwater availability in the Salt Fork Arkansas River and Chikaskia River alluvial aquifers, northern Oklahoma, 1980–2020",report,main,1,data/reports/usgs/hydrogeology-water-budget-and-simulated-groundwater-availabi/hydrogeology-water-budget-and-simulated-groundwater-availabi.pdf,30512904,d384d5a68e78fd2a5a926d3cf29a15b2ab5b23f2c032ca9239f6a5ce4781b341,https://pubs.usgs.gov/sir/2025/5043/sir20255043.pdf,USGS Public Domain,The 1973 Oklahoma Groundwater Law (Oklahoma Statute §82–1020.5) requires that the Oklahoma Water Resources Board conduct hydrologic investigations of the State’s aquifers to determine the maximum annu
usgs/u-s-geological-survey-colorado-river-basin-science-and-techn,U.S. Geological Survey Colorado River Basin science and technology collaboration meetings on drought (2021)—Synthesis of findings,report,main,1,data/reports/usgs/u-s-geological-survey-colorado-river-basin-science-and-techn/u-s-geological-survey-colorado-river-basin-science-and-techn.pdf,3198386,2b12196e401a6045f0e2babc9ffa5ddcccb4542df7423ce108dbf3f2c7e3f47b,https://pubs.usgs.gov/circ/1551/cir1551.pdf,USGS Public Domain,"Ongoing, prolonged, and severe drought and water overuse during the first two decades of the 21st century have reduced water supplies of the Colorado River Basin, with effects cascading to ecosystems "
usgs/groundwater-budget-for-the-surficial-aquifer-surrounding-lak,"Groundwater budget for the surficial aquifer surrounding Lake Nokomis, Minneapolis, Minnesota",report,main,1,data/reports/usgs/groundwater-budget-for-the-surficial-aquifer-surrounding-lak/groundwater-budget-for-the-surficial-aquifer-surrounding-lak.pdf,1316994,f1cfef22c9eed8c4e343d32e68625f92f8d2367cee05bc28a6e9be71f596369d,https://pubs.usgs.gov/of/2025/1021/ofr20251021.pdf,USGS Public Domain,"During prolonged periods of above-average precipitation, rising groundwater levels have the potential to cause damage to and interfere with underground infrastructure and building foundations. To unde"
usgs/estimation-of-baseflow-and-flooding-characteristics-for-east,"Estimation of baseflow and flooding characteristics for East Canyon Creek, Summit and Morgan Counties, Utah",report,main,1,data/reports/usgs/estimation-of-baseflow-and-flooding-characteristics-for-east/estimation-of-baseflow-and-flooding-characteristics-for-east.pdf,8555997,582fc98122fb96e6797fa67dbb52059830e6b43be7b0d0ad69eba1cc9d343548,https://pubs.usgs.gov/sir/2025/5003/sir20255003.pdf,USGS Public Domain,"An improved understanding of hydrologic responses to changing climatic conditions is needed to better inform water management practices. East Canyon Creek, a perennial, snowmelt-dominated stream in th"
usgs/evaluating-drought-risk-of-the-red-river-of-the-north-basin-,"Evaluating drought risk of the Red River of the North Basin using historical and stochastic streamflow upstream from Emerson, Manitoba",report,main,1,data/reports/usgs/evaluating-drought-risk-of-the-red-river-of-the-north-basin-/evaluating-drought-risk-of-the-red-river-of-the-north-basin-.pdf,10309430,d31aed90a5ad5612b31b29dd21f16ddedb9a71b59e3d77e824fe0afaaa68df21,https://pubs.usgs.gov/sir/2025/5002/sir20255002.pdf,USGS Public Domain,"Drought and its effect on streamflow are important to understand because of the potential to adversely affect water supply, agricultural production, and ecological conditions. The Red River of the Nor"
usgs/peak-streamflow-trends-in-north-dakota-and-their-relation-to,"Peak streamflow trends in North Dakota and their relation to changes in climate, water years 1921–2020",report,main,1,data/reports/usgs/peak-streamflow-trends-in-north-dakota-and-their-relation-to/peak-streamflow-trends-in-north-dakota-and-their-relation-to.pdf,10676289,69e14a38e824130457473d1c215076b9847ac4dc0664754c9701ee7be5826d7c,https://pubs.usgs.gov/sir/2023/5064/h/sir20235064h.pdf,USGS Public Domain,"Standardized guidelines for completing flood-flow frequency analyses are presented in a U.S. Geological Survey Techniques and Methods report known as Bulletin 17C, https://doi.org/10.3133/tm4B5. In re"
usgs/climate-change-and-future-water-availability-in-the-united-s,Climate change and future water availability in the United States,report,main,1,data/reports/usgs/climate-change-and-future-water-availability-in-the-united-s/climate-change-and-future-water-availability-in-the-united-s.pdf,23624525,74423203022aaf198c3cf4cfe1434e0c42ad2ce896f38d926df1137bfb7ad9dc,https://pubs.usgs.gov/pp/1894/e/pp1894E.pdf,USGS Public Domain,"The steady rise in global temperature as a result of human activity is causing changes in Earth’s water cycle. The balance of water stored within and moving between vapor, liquid, and frozen states in"
usgs/u-s-geological-survey-national-groundwater-climate-response-,U.S. Geological Survey National Groundwater Climate Response Network,report,main,1,data/reports/usgs/u-s-geological-survey-national-groundwater-climate-response-/u-s-geological-survey-national-groundwater-climate-response-.pdf,439410,d7030293abe30b875f240b30eee4fa3ea210cf6f8137915ae2c023bafda820cb,https://pubs.usgs.gov/fs/2024/3057/fs20243057.pdf,USGS Public Domain,What is the U.S. Geological Survey National Groundwater Climate Response Network?The U.S. Geological Survey’s (USGS) National Water Monitoring Network is a network of networks that includes the Climat
usgs/tracking-surface-changes-caused-by-volcanic-activity,Tracking surface changes caused by volcanic activity,report,main,1,data/reports/usgs/tracking-surface-changes-caused-by-volcanic-activity/tracking-surface-changes-caused-by-volcanic-activity.pdf,12981640,33b0545954788feef9a44d278d911a832b1998d1c1e9829bb80bbf72053a6c83,https://pubs.usgs.gov/sir/2024/5062/g/sir20245062g.pdf,USGS Public Domain,"IntroductionDynamic volcanic landscapes produce various changes at the surface of volcanic edifices. For example, rising magma can induce thermal emissions, formation of ground cracks, and variations "
usgs/u-s-geological-survey-northern-rocky-mountain-science-center,U.S. Geological Survey Northern Rocky Mountain Science Center science highlights for fiscal year 2023,report,main,1,data/reports/usgs/u-s-geological-survey-northern-rocky-mountain-science-center/u-s-geological-survey-northern-rocky-mountain-science-center.pdf,1827121,2d46bec59f676cc4cf380ae0d97dcb88f2784cebb33c528c6089b95c5b95a6d9,https://pubs.usgs.gov/fs/2024/3012/fs20243012.pdf,USGS Public Domain,"The U.S. Geological Survey (USGS) Northern Rocky Mountain Science Center is based in Bozeman, Montana, and has field offices in Glacier National Park, Mont.; Missoula, Mont.; and Knoxville, Tennessee."
usgs/evaluation-of-groundwater-resources-in-the-upper-white-river,"Evaluation of groundwater resources in the Upper White River Basin within Mount Rainier National Park, Washington State, 2020",report,main,1,data/reports/usgs/evaluation-of-groundwater-resources-in-the-upper-white-river/evaluation-of-groundwater-resources-in-the-upper-white-river.pdf,4921088,d1c0c17603ad2ac5a6e6941fac613adaec4fdd5fd519960ff36c93fd32f595b0,https://pubs.usgs.gov/sir/2024/5015/sir20245015.pdf,USGS Public Domain,"The U.S. Geological Survey (USGS), in cooperation with the National Park Service, investigated groundwater gains and losses on the upper White River within Mount Rainier National Park in Washington. T"
usgs/recent-history-of-glacial-lake-outburst-floods-analysis-of-c,"Recent history of glacial lake outburst floods, analysis of channel changes, and development of a two-dimensional flow and sediment transport model of the Snow River near Seward, Alaska",report,main,1,data/reports/usgs/recent-history-of-glacial-lake-outburst-floods-analysis-of-c/recent-history-of-glacial-lake-outburst-floods-analysis-of-c.pdf,11122372,0da8ed35c81ff0c313f6355fb11d81f36789f55cf66c0fedffeb15f3b2bec4f4,https://pubs.usgs.gov/sir/2022/5099/sir20225099.pdf,USGS Public Domain,"Snow Lake, a glacially dammed lake on the Snow Glacier near Seward, Alaska, drains rapidly every 14 months–3 years, causing flooding along the Snow River. Highway, railroad, and utility infrastructure"
usgs/geologic-field-trip-guide-to-volcanism-and-its-interaction-w,"Geologic field-trip guide to volcanism and its interaction with snow and ice at Mount Rainier, Washington",report,main,1,data/reports/usgs/geologic-field-trip-guide-to-volcanism-and-its-interaction-w/geologic-field-trip-guide-to-volcanism-and-its-interaction-w.pdf,47177515,371f6d4e592ed95135245aeae3239e30a95249ab6e60f4f5046c98c00bbdcaf8,https://pubs.usgs.gov/sir/2017/5022/a/sir20175022a.pdf,USGS Public Domain,"Mount Rainier is the Pacific Northwest’s iconic volcano. At 4,393 meters and situated in the south-central Cascade Range of Washington State, it towers over cities of the Puget Lowland. As the highest"
usgs/u-s-geological-survey-benchmark-glacier-project,U.S. Geological Survey Benchmark Glacier Project,report,main,1,data/reports/usgs/u-s-geological-survey-benchmark-glacier-project/u-s-geological-survey-benchmark-glacier-project.pdf,4286074,0d9bae42a33f1b47749e89d6c9d62bce3468d6a905578d1b39a3a9da1c5fbcb5,https://pubs.usgs.gov/fs/2022/3050/fs20223050.pdf,USGS Public Domain,The ​U.S. Geological Survey Benchmark Glacier Project combines decades of direct glaciological data with remote sensing data to advance the quantitative understanding of glacier-climate interactions. 
usgs/relative-contributions-of-suspended-sediment-between-the-upp,"Relative contributions of  suspended sediment between the upper Suiattle River Basin and a non-glacial tributary, Washington, May 2016–September 2017",report,main,1,data/reports/usgs/relative-contributions-of-suspended-sediment-between-the-upp/relative-contributions-of-suspended-sediment-between-the-upp.pdf,7618861,5cd2b4dd1877243dd9a717cca0569cd5c2679d35202a36875330c4e8125841b5,https://pubs.usgs.gov/of/2022/1056/ofr20221056.pdf,USGS Public Domain,"Concentrations of suspended sediment were measured in discrete samples and turbidity was continuously monitored at four U.S. Geological Survey streamgages in western Washington State, including one ga"
usgs/montana-and-landsat,Montana and Landsat,report,main,1,data/reports/usgs/montana-and-landsat/montana-and-landsat.pdf,4678964,aff1e42349e3ca5273401365563a0b1ae888f744f07984f3e7936da06a4c2378,https://pubs.usgs.gov/fs/2022/3041/fs20223041.pdf,USGS Public Domain,"The landscapes beneath Montana’s big sky are as breathtaking as the State’s nickname would suggest. Visitors to the 41st State's ""Big Sky Country"" can take in the stunning icy hues of aquamarine at Gl"
usgs/methods-for-estimating-selected-low-flow-statistics-at-gaged,Methods for estimating selected low-flow statistics at gaged and ungaged stream sites in Massachusetts,report,main,1,data/reports/usgs/methods-for-estimating-selected-low-flow-statistics-at-gaged/methods-for-estimating-selected-low-flow-statistics-at-gaged.pdf,7863727,5843d0e5afdc9185ac2894c9d350d6329447a9fe67fc7db06e8e48f43da0f76a,https://pubs.usgs.gov/sir/2025/5082/sir20255082.pdf,USGS Public Domain,"The U.S. Geological Survey, in cooperation with the Massachusetts Department of Conservation and Recreation, Office of Water Resources, computed selected at-site streamflow statistics at U.S. Geologic"
usgs/fiber-optic-distributed-temperature-sensing-of-hydrologic-pr,Fiber-optic distributed temperature sensing of hydrologic processes—Diverse deployments and new applications by the U.S. Geological Survey,report,main,1,data/reports/usgs/fiber-optic-distributed-temperature-sensing-of-hydrologic-pr/fiber-optic-distributed-temperature-sensing-of-hydrologic-pr.pdf,17989840,e4766dc577168a3f4d32563fe3878a0e14bb5515dc925b7940602a28d1375116,https://pubs.usgs.gov/fs/2025/3006/fs20253006.pdf,USGS Public Domain,Fiber-optic distributed temperature sensing instruments harness the temperature-dependent properties of glass to measure temperature continuously along optical fibers by using precise pulses of laser 
usgs/status-of-water-quality-conditions-in-the-united-states-2010,"Status of water-quality conditions in the United States, 2010–20",report,main,1,data/reports/usgs/status-of-water-quality-conditions-in-the-united-states-2010/status-of-water-quality-conditions-in-the-united-states-2010.pdf,52684603,fb688ea6a4bc5b47e71edec15010260135d2463d96093eb80b4493dfd4dfdb25,https://pubs.usgs.gov/pp/1894/c/pp1894C.pdf,USGS Public Domain,Degradation of water quality can make water harmful or unusable for humans and ecosystems. Although many studies have assessed the effect of individual constituents or narrow suites of constituents on
usgs/simulating-present-and-future-groundwater-surface-water-inte,"Simulating present and future groundwater/surface-water interactions and stream temperatures in Beaver Creek, Kenai Peninsula, Alaska",report,main,1,data/reports/usgs/simulating-present-and-future-groundwater-surface-water-inte/simulating-present-and-future-groundwater-surface-water-inte.pdf,35961708,c35cbd73c4b4b35738e0dfdbce3bb01878f2d343015cd319047b58fb9b093d49,https://pubs.usgs.gov/sir/2024/5126/sir20245126.pdf,USGS Public Domain,"In many places, coldwater ecosystems are facing increasing pressure from anthropogenic warming. This study examined stream temperatures and the water balance in the Beaver Creek watershed on the Kenai"
usgs/hydrologic-investigations-and-a-preliminary-conceptual-model,"Hydrologic investigations and a preliminary conceptual model of the groundwater system at North Penn Area 1 Superfund Site, Souderton, Montgomery County, Pennsylvania",report,main,1,data/reports/usgs/hydrologic-investigations-and-a-preliminary-conceptual-model/hydrologic-investigations-and-a-preliminary-conceptual-model.pdf,18921155,3346f3a40d2181ba105a116eeee98f521760822ea9b4ca470413efc8a7eb3506,https://pubs.usgs.gov/of/2024/1080/ofr20241080.pdf,USGS Public Domain,"The U.S. Geological Survey (USGS) conducted hydrogeologic investigations, reviewed existing data, and developed a preliminary conceptual model of the groundwater system as part of technical support of"
usgs/sutra-a-code-for-simulation-of-saturated-unsaturated-variabl,"SUTRA— A code for simulation of saturated-unsaturated, variable-density groundwater flow with solute or energy transport—Documentation of the version 4.0 enhancements—Freeze-thaw capability, saturation and relative-permeability relations, spatially varying properties, and enhanced budget and velocity outputs",report,main,1,data/reports/usgs/sutra-a-code-for-simulation-of-saturated-unsaturated-variabl/sutra-a-code-for-simulation-of-saturated-unsaturated-variabl.pdf,3993943,ba59f8ca397091f134fae6727287266346da5114986eaf6e512ae0836a2e7d9f,https://pubs.usgs.gov/tm/06/a63/tm6a63.pdf,USGS Public Domain,Version 4.0 of the Saturated-Unsaturated Transport (SUTRA) software code provides the capability to simulate the freezing and thawing of groundwater during energy transport simulations under saturated
usgs/contributions-of-erosion-deposition-and-human-activities-to-,"Contributions of erosion, deposition, and human activities to a change in sand storage in the bed of San Francisco Bay, California, 1980s to 2010s",report,main,1,data/reports/usgs/contributions-of-erosion-deposition-and-human-activities-to-/contributions-of-erosion-deposition-and-human-activities-to-.pdf,15796930,6a19c005faecbf68409d88f628445684ec0d63a59409f48bd8f182d04f1a98c3,https://pubs.usgs.gov/of/2025/1022/ofr20251022.pdf,USGS Public Domain,"This study by the U.S. Geological Survey (USGS) provides estimates of the change in sand storage in bed sediments from the 1980s to 2010s in the San Francisco Bay area, California. The study is part o"
usgs/numerical-modeling-of-circulation-and-wave-dynamics-along-th,"Numerical modeling of circulation and wave dynamics along the shoreline of Shinnecock Indian Nation in Long Island, New York",report,main,1,data/reports/usgs/numerical-modeling-of-circulation-and-wave-dynamics-along-th/numerical-modeling-of-circulation-and-wave-dynamics-along-th.pdf,3706462,c609d9a03e2747a38b27c221e2959351e9ebbf10a29bba4632249fcc6e10fc54,https://pubs.usgs.gov/of/2024/1050/ofr20241050.pdf,USGS Public Domain,"The Shinnecock Indian Nation on Long Island, New York, faces challenges of shoreline retreat, saltwater intrusion, and flooding of the Tribal lands under changing climate and rising sea level. However"
usgs/national-shoreline-change-summary-statistics-for-vector-shor,National shoreline change—Summary statistics for vector shorelines from the early 1900s to the 2010s for Puerto Rico,report,main,1,data/reports/usgs/national-shoreline-change-summary-statistics-for-vector-shor/national-shoreline-change-summary-statistics-for-vector-shor.pdf,6375714,1338373bea31c639d7bd910688f3d2d26e1b8b09576e9fa985a9d591b46e66e7,https://pubs.usgs.gov/dr/1191/dr1191.pdf,USGS Public Domain,"The U.S. Geological Survey (USGS) maintains a database of historical shoreline positions for the United States coasts derived from historical sources, such as aerial photographs or topographic surveys"
usgs/database-and-time-series-of-nearshore-waves-along-the-alaska,Database and time series of nearshore waves along the Alaskan coast from the United States-Canada border to the Bering Sea,report,main,1,data/reports/usgs/database-and-time-series-of-nearshore-waves-along-the-alaska/database-and-time-series-of-nearshore-waves-along-the-alaska.pdf,5798521,8833595aeb73d1feb4219cb3a70472dfd3a14941208526640eeba3732a62e397,https://pubs.usgs.gov/of/2023/1094/ofr20231094.pdf,USGS Public Domain,"Alaska’s Arctic coast has some of the highest coastal erosion rates in the world, primarily driven by permafrost thaw and increasing wave energy. In the Arctic, a warming climate is driving sea ice co"
usgs/monitoring-of-wave-current-and-sediment-dynamics-along-the-f,"Monitoring of wave, current, and sediment dynamics along the Fog Point Living Shoreline, Glenn Martin National Wildlife Refuge, Maryland",report,main,1,data/reports/usgs/monitoring-of-wave-current-and-sediment-dynamics-along-the-f/monitoring-of-wave-current-and-sediment-dynamics-along-the-f.pdf,5262670,3f7b49bdac3a163de22ea2a3571e219c3699b05c442901c42ad9c6c4683d105b,https://pubs.usgs.gov/of/2024/1004/ofr20241004.pdf,USGS Public Domain,"Living shorelines with salt marsh species, rock breakwaters, and sand nourishment were built along the coastal areas in the Glenn Martin National Wildlife Refuge, Maryland, in 2016 in response to Hurr"
usgs/long-term-resource-monitoring-procedures-aquatic-vegetation-,Long Term Resource Monitoring procedures—Aquatic vegetation monitoring,report,main,1,data/reports/usgs/long-term-resource-monitoring-procedures-aquatic-vegetation-/long-term-resource-monitoring-procedures-aquatic-vegetation-.pdf,4203956,b629cfb1e859649a7dd5ce9b6d2539d2ed8cb8397ef64c9a543b8eaa1404195f,https://pubs.usgs.gov/tm/02/a22/tm2A22.pdf,USGS Public Domain,"This standard operating procedure (SOP) manual describes the collection of standardized, long-term data for aquatic vegetation communities in selected study pools of the Upper Mississippi River System"
usgs/effects-of-beaver-dams-and-ponds-on-water-quality-in-urban-s,"Effects of beaver dams and ponds on water quality in urban streams of the Tualatin River Basin, northwestern Oregon",report,main,1,data/reports/usgs/effects-of-beaver-dams-and-ponds-on-water-quality-in-urban-s/effects-of-beaver-dams-and-ponds-on-water-quality-in-urban-s.pdf,6657227,3de6fd1d4cebbdb4d12b1d24162eefb0327972e0f9c8e2719d43a49515fa82c2,https://pubs.usgs.gov/sir/2025/5039/d/sir20255039d.pdf,USGS Public Domain,"Significant FindingsAmerican beavers (Castor canadensis) are native to the Pacific Northwest, and their populations have increased in many locations after being nearly removed by historical trapping. "
usgs/fluvial-sediment-dynamics-in-the-shoshone-river-and-tributar,"Fluvial sediment dynamics in the Shoshone River and tributaries around Willwood Dam, Park County, Wyoming",report,main,1,data/reports/usgs/fluvial-sediment-dynamics-in-the-shoshone-river-and-tributar/fluvial-sediment-dynamics-in-the-shoshone-river-and-tributar.pdf,9891966,627364ee8acd3b58c8b2422e32861b34448c8b4bd12d46514570e9504d4ed20b,https://pubs.usgs.gov/sir/2025/5077/sir20255077.pdf,USGS Public Domain,Sedimentation affects many of the aging reservoirs in the United States. Dams and water diversions from rivers have been central elements of infrastructure supporting agricultural irrigation in the ar
usgs/decision-support-modeling-and-research-priorities-for-establ,"Decision-support modeling and research priorities for establishing baseline conditions for outstandingly remarkable values, Obed Wild and Scenic River, Tennessee",report,main,1,data/reports/usgs/decision-support-modeling-and-research-priorities-for-establ/decision-support-modeling-and-research-priorities-for-establ.pdf,1425518,b3eed606fb15605fd727072fd83ddbd5158aa51c3ca0798235853e19c76634b0,https://pubs.usgs.gov/of/2025/1035/ofr20251035.pdf,USGS Public Domain,The Obed River is the last undammed river in Tennessee. The Obed Wild and Scenic River is managed by the National Park Service and covers a protected area of the Obed River headwaters (including four 
usgs/the-3d-national-topography-model-call-for-action-part-2-the-,The 3D National Topography Model Call for Action—Part 2: The Next Generation 3D Elevation Program,report,main,1,data/reports/usgs/the-3d-national-topography-model-call-for-action-part-2-the-/the-3d-national-topography-model-call-for-action-part-2-the-.pdf,1752836,1c7d6f82cbf0cba894306c2323cee65908c6dcf8ba4cde5f17fe0f32db3be780,https://pubs.usgs.gov/circ/1553/cir1553.pdf,USGS Public Domain,The three-dimensional (3D) National Topography Model initiative to integrate elevation and hydrography data includes the next generation of hydrography data from the 3D Hydrography Program and the nex
data_gov/u-s-hourly-precipitation-data2,U.S. Hourly Precipitation Data,dataset,resource,1,data/datasets/data_gov/u-s-hourly-precipitation-data2/data.pdf,21813,ae0f690f4bda9bf1f194cd408d4ed466c0b1ef7312850ead0a1bad1bd562cb36,https://www.ncei.noaa.gov/pub/data/cdo/documentation/PRECIP_HLY_documentation.pdf,,"Hourly Precipitation Data (HPD) is digital data set DSI-3240, archived at the National Climatic Data Center (NCDC). The primary source of data for thi"
data_gov/u-s-billion-dollar-weather-and-climate-disasters-1980-present-ncei-accession-02092681,"U.S. Billion-dollar Weather and Climate Disasters, 1980 - present (NCEI Accession 0209268)",dataset,resource,1,data/datasets/data_gov/u-s-billion-dollar-weather-and-climate-disasters-1980-present-ncei-accession-02092681/data.pdf,720771,e3903b762b22cdb227586b7806f0b920b0468ee379d3adfb1bb4f33c2c97f465,https://www.ncdc.noaa.gov/monitoring-content/billions/docs/smith-and-katz-2013.pdf,,The NOAA National Centers for Environmental Information ceased providing support for this product in May 2025 in response to an initiative to implemen
data_gov/global-historical-climatology-network-daily-ghcn-daily-version-32,"Global Historical Climatology Network - Daily (GHCN-Daily), Version 3",dataset,resource,1,data/datasets/data_gov/global-historical-climatology-network-daily-ghcn-daily-version-32/data.pdf,104748,d67e69ce657d175dd301c2b9cdb162ff5be95327c9247f82235b1228577d717b,https://www.ncei.noaa.gov/pub/data/cdo/documentation/GHCND_documentation.pdf,,The Global Historical Climatology Network - Daily (GHCN-Daily/GHCNd) dataset integrates daily climate observations from approximately 30 different dat
data_gov/u-s-daily-climate-normals-1981-20101,U.S. Daily Climate Normals (1981-2010),dataset,resource,1,data/datasets/data_gov/u-s-daily-climate-normals-1981-20101/data.pdf,96285,b1082740fa757d45309e5ed134c7a7783fe2bc38e3b98b5aec58896970658a0e,https://www.ncei.noaa.gov/pub/data/cdo/documentation/NORMAL_DLY_documentation.pdf,,The U.S. Daily Climate Normals for 1981 to 2010 are 30-year averages of meteorological parameters for thousands of U.S. stations located across the 50
data_gov/integrated-surface-dataset-global-version-superseded,Integrated Surface Dataset (Global) (Version Superseded),dataset,resource,1,data/datasets/data_gov/integrated-surface-dataset-global-version-superseded/data.pdf,887431,68c501705fb057f4619a143575a158ab9c5601f16dd9733108142c211e5032f3,https://www.ncei.noaa.gov/data/global-hourly/doc/isd-format-document.pdf,,*This version has been superseded by a newer version. It is highly recommended for users to access the current version. Users should only access this 
data_gov/u-s-annual-seasonal-climate-normals-1981-20103,U.S. Annual/Seasonal Climate Normals (1981-2010),dataset,resource,1,data/datasets/data_gov/u-s-annual-seasonal-climate-normals-1981-20103/data.pdf,243391,1306f35c5d168a2a246087a66eb2bafe207210c17514b1dc6aeaebdaf590bb49,https://www.ncei.noaa.gov/pub/data/cdo/documentation/NORMAL_ANN_documentation.pdf,,The U.S. Annual Climate Normals for 1981 to 2010 are 30-year averages of meteorological parameters that provide users with many tools to understand ty
data_gov/clean-air-status-and-trends-network-castnet-download-data-module,Clean Air Status and Trends Network (CASTNET) Download Data Module,dataset,resource,1,data/datasets/data_gov/clean-air-status-and-trends-network-castnet-download-data-module/data.csv,52576,7beef13fd6cd3031564e8b9e3945d3bd6ab51481d672159250ee637823b9c20d,https://www.epa.gov/castnet/download-data,other-license-specified,"The CASTNET Download Data module allows users to select, view, and download CASTNET data (Raw, Aggregate, Modeled & Factual Data) based on user select"
data_gov/global-surface-summary-of-the-day-gsod1,Global Surface Summary of the Day - GSOD,dataset,resource,1,data/datasets/data_gov/global-surface-summary-of-the-day-gsod1/data.csv,90829,46fc75b8735a56db5dd0147d198af2c5bdfe8d7de9fa4f946ef981d7ece09e98,https://www.ncei.noaa.gov/data/global-summary-of-the-day/doc/sample.csv,,Global Surface Summary of the Day is derived from The Integrated Surface Hourly (ISH) dataset. The ISH dataset includes global data obtained from the 
data_gov/usgs-water-use-data-for-the-nation-national-water-information-system-nwis,USGS Water Use Data for the Nation - National Water Information System (NWIS),dataset,resource,1,data/datasets/data_gov/usgs-water-use-data-for-the-nation-national-water-information-system-nwis/data.xml,50750,93a50c8f28c6e6e66ddad61eb359962016bd03af5b930253a47fa7ce94278b05,https://waterdata.usgs.gov/nwis/water_use/,License not specified,"The U.S. Geological Survey's National Water-Use Information Program is 
responsible for compiling and disseminating the nation's water-use data. 
The "
data_gov/commercial-and-residential-hourly-load-profiles-for-all-tmy3-locations-in-the-united-state-bbc75,Commercial and Residential Hourly Load Profiles for all TMY3 Locations in the United States,dataset,resource,1,data/datasets/data_gov/commercial-and-residential-hourly-load-profiles-for-all-tmy3-locations-in-the-united-state-bbc75/data.pdf,204463,f935d208dee27ede807b99baccc1a30d50151029d1047a663416044ca6f2c908,https://data.openei.org/files/153/buildingcharacteristicsforresidentialhourlyloaddata.pdf,Creative Commons Attribution,"Note: This dataset has been superseded by the dataset found at ""End-Use Load Profiles for the U.S. Building Stock"" (submission 4520; linked in the sub"
data_gov/u-s-15-minute-precipitation-data3,U.S. 15 Minute Precipitation Data,dataset,resource,1,data/datasets/data_gov/u-s-15-minute-precipitation-data3/data.pdf,21395,a217b82f7b968ffa895748fceffdb23f915f9045ed46f040e463c08b01000052,https://www.ncei.noaa.gov/pub/data/cdo/documentation/PRECIP_15_documentation.pdf,,"U.S. 15 Minute Precipitation Data is digital data set DSI-3260, archived at the National Climatic Data Center (NCDC). This is precipitation data. The "
data_gov/protected-areas-database-of-the-united-states-pad-us,Protected Areas Database of the United States (PAD-US),dataset,resource,1,data/datasets/data_gov/protected-areas-database-of-the-united-states-pad-us/data.xml,26158,e40cf4fb32c9ab87d49a80d29b2750a6924486523b3156b478e7af9339a6a1bb,https://data.usgs.gov/datacatalog/metadata/USGS.8cef209b-b188-4b1a-8b53-eead67d02da5.xml,License not specified,This is series-level metadata for the USGS Protected Areas Database of the United States (PAD-US) data released by the United States Geological Survey
data_gov/useeio-models-with-import-emission-factors-for-greenhouse-gases-for-2017-2022-from-exiobas,USEEIO Models with Import Emission Factors for Greenhouse Gases for 2017-2022 from EXIOBASE coupled model,dataset,resource,1,data/datasets/data_gov/useeio-models-with-import-emission-factors-for-greenhouse-gases-for-2017-2022-from-exiobas/data.csv,172748,1adad0a9456ddf2b257980a222c6d1149879035328c5d1c2c2d88e538b893d46,https://dmap-data-commons-ord.s3.amazonaws.com/useeior/US_detail_import_factors_exio_2017_17sch.csv,other-license-specified,"These data are fully described in the associated EPA report. 
The Import Shares (ISs) are provided in a single Excel file covering all years. 
The Imp"
data_gov/sfcn-coral-reef-monitoring-data-package-version-2-1999-2024-cdr-disease-species-list-and-v,"SFCN Coral Reef Monitoring Data Package Version 2 (1999-2024): CDR, Disease, Species List, and Video Datasets",dataset,resource,1,data/datasets/data_gov/sfcn-coral-reef-monitoring-data-package-version-2-1999-2024-cdr-disease-species-list-and-v/data.csv,504081347,3a4770ef01288426de289b7bba2608dd44a7b7e5d39c7e0577e41241ba996c10,https://irma.nps.gov/DataStore/DownloadFile/721760?Reference=2310411,us-pd,Coral reefs are among the most biologically rich and productive ecosystems on earth. This protocol guides the monitoring within the parks that compris
data_gov/national-greenhouse-gas-emission-inventory,National Greenhouse Gas Emission Inventory,dataset,resource,1,data/datasets/data_gov/national-greenhouse-gas-emission-inventory/data.csv,63954,4bc8956905aa95d0e457e14514899dff1d15433099e30c8f21c332e338e9051f,https://www.epa.gov/ghgemissions/us-greenhouse-gas-inventory-report-1990-2014,other-license-specified,The National Greenhouse Gas Emission Inventory contains information on direct emissions of greenhouse gases as well as indirect or potential emissions
data_gov/u-s-monthly-climate-normals-1981-20101,U.S. Monthly Climate Normals (1981-2010),dataset,resource,1,data/datasets/data_gov/u-s-monthly-climate-normals-1981-20101/data.pdf,108411,afb11e6a004c8dadce24b40a3fee28cabbe00575140314ee36c4e59aa9c52229,https://www.ncei.noaa.gov/pub/data/cdo/documentation/NORMAL_MLY_documentation.pdf,,The U.S. Monthly Climate Normals for 1981 to 2010 are 30-year averages of meteorological parameters for thousands of U.S. stations located across the 
data_gov/building-energy-benchmarking-data-2015-present,"Building Energy Benchmarking Data, 2015-Present",dataset,resource,1,data/datasets/data_gov/building-energy-benchmarking-data-2015-present/data.csv,12075616,160481c6f78b41e67abb73c7fdfee84c5fc25eaed8ed8072a874b41c7fd20764,https://cos-data.seattle.gov/api/views/teqw-tu6e/rows.csv?accessType=DOWNLOAD,License not specified,"Seattle’s Building Energy Benchmarking Program (SMC 22.920) requires owners of non-residential and multifamily buildings (Greater than 20,000 square f"
data_gov/sea-level-trends-sea-level-variations-of-the-united-states-derived-from-national-water-level-ob1,Sea Level Trends: Sea Level Variations of the United States Derived from National Water Level Observation Network Stations,dataset,resource,1,data/datasets/data_gov/sea-level-trends-sea-level-variations-of-the-united-states-derived-from-national-water-level-ob1/data.pdf,59760,a03bffb07d7451f829b1f99fc9f7f2e168f0882b2d04a48b2a891c64a1933fb5,https://www.fisheries.noaa.gov/inportserve/waf/noaa/nos/co-ops/dmp/pdf/37628.pdf,,Water level records are a combination of the fluctuations of the ocean and the vertical land motion at the location of the station. Monthly mean sea l
data_gov/u-s-local-climatological-data-lcd2,U.S. Local Climatological Data (LCD),dataset,resource,1,data/datasets/data_gov/u-s-local-climatological-data-lcd2/data.pdf,2119470,f075b1a8876d8325df9878d745bbde07201a11dbb579c3a68885afd6d966f4ef,https://www.ncei.noaa.gov/pub/data/cdo/samples/LCD_sample_pdf.pdf,,"Local Climatological Data (LCD) are summaries of climatological conditions from airport and other prominent weather stations managed by NWS, FAA, and "
data_gov/report-on-u-s-methane-emissions-1990-2020-inventories-projections-and-opportunities-for-re,"Report on U.S. Methane Emissions 1990-2020: Inventories, Projections, and Opportunities for Reductions: 2001 Updated emission and cost estimates",dataset,resource,1,data/datasets/data_gov/report-on-u-s-methane-emissions-1990-2020-inventories-projections-and-opportunities-for-re/data.csv,89187,e4c3749c8f9c9b18aa17fb7458d98b4d9eeca740ef76b66a38a7cc409e473f1e,https://nepis.epa.gov/Exe/ZyNET.exe/600009LH.TXT?ZyActionD=ZyDocument&Client=EPA&Index=1995+Thru+1999&Docs=&Query=&Time=&EndTime=&SearchMethod=1&TocRestrict=n&Toc=&TocEntry=&QField=&QFieldYear=&QFieldMonth=&QFieldDay=&IntQFieldOp=0&ExtQFieldOp=0&XmlQuery=&File=D%3A%5Czyfiles%5CIndex%20Data%5C95thru99%5CTxt%5C00000019%5C600009LH.txt&User=ANONYMOUS&Password=anonymous&SortMethod=h%7C-&MaximumDocuments=1&FuzzyDegree=0&ImageQuality=r75g8/r75g8/x150y150g16/i425&Display=hpfr&DefSeekPage=x&SearchBack=ZyActionL&Back=ZyActionS&BackDesc=Results%20page&MaximumPages=1&ZyEntry=1&SeekPage=x&ZyPURL,other-license-specified,"This dataset contains relative and absolute forecasts of emissions through 2020 for landfills, natural gas and oil systems, coal mines, manure managem"
data_gov/new-york-city-climate-projections-temperature-and-precipitation,New York City Climate Projections: Temperature and Precipitation,dataset,resource,1,data/datasets/data_gov/new-york-city-climate-projections-temperature-and-precipitation/data.csv,9289,62657dc5db3f50271273cc8989317465c371c7aa820a7d1b8f777292f1c0b933,https://data.cityofnewyork.us/api/views/hmdk-eidg/rows.csv?accessType=DOWNLOAD,License not specified,"Temperature and precipitation projections for NYC reported by the New York City Panel on Climate Change (NPCC).

The New York City Panel on Climate Ch"
data_gov/dynamically-downscaled-hourly-future-weather-data-with-12-km-resolution-covering-most-of-n,Dynamically Downscaled Hourly Future Weather Data with 12-km Resolution Covering Most of North America,dataset,resource,1,data/datasets/data_gov/dynamically-downscaled-hourly-future-weather-data-with-12-km-resolution-covering-most-of-n/data.pdf,256821,60b8f87ecb895a6bfeee7d1a2478f12ad7bfaf943f4123eb6617a6d4eb01683a,https://data.openei.org/files/5974/WRF%20Description.pdf,Creative Commons Attribution,This is an hourly future weather dataset for energy modeling applications. The dataset is primarily based on the output of a regional climate model (R
data_gov/global-summary-of-the-month-gsom-version-12,"Global Summary of the Month (GSOM), Version 1",dataset,resource,1,data/datasets/data_gov/global-summary-of-the-month-gsom-version-12/data.pdf,156830,35facf144e7be52a71a557cccfe7660dd60d7b3fded91cfa2f28e854898c860c,https://www.ncei.noaa.gov/data/gsom/doc/GSOM_documentation.pdf,,"This Global Summaries dataset, known as GSOM for Monthly, contains a monthly resolution of meteorological elements from 1763 to present with updates a"
data_gov/shipping-fairways-lanes-and-zones-for-us-waters1,"Shipping Fairways, Lanes, and Zones for US waters",dataset,resource,1,data/datasets/data_gov/shipping-fairways-lanes-and-zones-for-us-waters1/data.pdf,59297,5215e57256ac37120971d99415513c0cc17117bb7be602c0cc42ed3ad3635f31,https://www.fisheries.noaa.gov/inportserve/waf/noaa/nos/ocs/dmp/pdf/39986.pdf,,"Various shipping zones delineate activities and regulations for marine vessel traffic. Traffic lanes define specific traffic flow, while traffic separ"
data_gov/u-s-climate-normals-2020-u-s-monthly-climate-normals-1991-20201,U.S. Climate Normals 2020: U.S. Monthly Climate Normals (1991-2020),dataset,resource,1,data/datasets/data_gov/u-s-climate-normals-2020-u-s-monthly-climate-normals-1991-20201/data.pdf,131167,bbf3c7f9ef6cd73a63becf074b2a13d951fcd580cba2cc18ae11c43b798da3bc,https://www.ncei.noaa.gov/data/normals-daily/1991-2020/doc/Normals_DLY_Documentation_1991-2020.pdf,,The Monthly Climate Normals for 1991 to 2020 are 30-year averages of meteorological parameters that provide users the information needed to understand
data_gov/long-term-monotonic-trends-in-annual-and-monthly-streamflow-metrics-at-streamgages-in-the-,"Long-term monotonic trends in annual and monthly streamflow metrics at streamgages in the United States (ver. 2.0, October 2024)",dataset,resource,1,data/datasets/data_gov/long-term-monotonic-trends-in-annual-and-monthly-streamflow-metrics-at-streamgages-in-the-/data.xml,127054,b50f4b203669dd2ea465966b26664e354af80bdbe8b20c9e479f75b874be4cd2,https://data.usgs.gov/datacatalog/metadata/USGS.6515cecbd34e469cabfcdce6.xml,License not specified,The U.S. Geological Survey (USGS) Water Resources Mission Area (WMA) is working to address a need to understand where the Nation is experiencing water
data_gov/continuous-monitoring-and-synoptic-mapping-of-nearshore-water-quality-currents-and-bathyme-4885a,"Continuous Monitoring and Synoptic Mapping of Nearshore Water Quality, Currents, and Bathymetry in Lake Michigan at 63rd Street Beach at Hyde Park, Illinois",dataset,resource,1,data/datasets/data_gov/continuous-monitoring-and-synoptic-mapping-of-nearshore-water-quality-currents-and-bathyme-4885a/data.xml,9968,5da5e4f5946d19e2b913e9c6f35c087b97c0802bea301ebd56108bbbc577d57e,https://data.usgs.gov/datacatalog/metadata/USGS.58b99c5be4b0c1723b8a035d.xml,License not specified,These data were collected as part of the Great Lakes Restoration Initiative (GLRI) project template 678-1 entitled “Evaluate immediate and long-term B
data_gov/cosmos-coastal-storm-modeling-system-southern-california-v3-0-phase-2-flood-hazard-depth-a-f3582,CoSMoS (Coastal Storm Modeling System) Southern California v3.0 Phase 2 flood-hazard depth and duration projections: 1-year storm in Ventura County,dataset,resource,1,data/datasets/data_gov/cosmos-coastal-storm-modeling-system-southern-california-v3-0-phase-2-flood-hazard-depth-a-f3582/data.xml,20330,e66b00f455b43b63a1425ded88635654e005463c25000fc7ee7f44a849a5d8cc,https://data.usgs.gov/datacatalog/metadata/USGS.58e6788fe4b09da6799ac814.xml,License not specified,Maximum depth of flooding surface (in cm) in the region landward of the present day shoreline that is inundated for the storm condition and sea-level 
data_gov/disocean-distance-to-the-ocean-edwin-b-forsythe-nwr-nj-2012,"DisOcean: Distance to the ocean: Edwin B. Forsythe NWR, NJ, 2012",dataset,resource,1,data/datasets/data_gov/disocean-distance-to-the-ocean-edwin-b-forsythe-nwr-nj-2012/data.xml,23067,b835413456efa37a0c7737e44f9db8e80eae430ae107bd37e4c0b619ee249806,https://data.usgs.gov/datacatalog/metadata/USGS.5d0bc907e4b0941bde4fc5e0.xml,License not specified,Understanding how sea-level rise will affect coastal landforms and the species and habitats they support is critical for crafting approaches that bala
data_gov/points-transects-beach-width-barrier-island-geomorphology-and-shorebird-habitat-metrics-at-7bad0,"points, transects, beach width: Barrier island geomorphology and shorebird habitat metrics at 50-m alongshore transects and 5-m cross-shore points: Rockaway Peninsula, NY, 2012",dataset,resource,1,data/datasets/data_gov/points-transects-beach-width-barrier-island-geomorphology-and-shorebird-habitat-metrics-at-7bad0/data.xml,107137,3534fd369d8e1e7bf9996c8e2a7f76e0eb0629008ec765c87447a9610d74e001,https://data.usgs.gov/datacatalog/metadata/USGS.5d0bc96ae4b0941bde4fc657.xml,License not specified,Understanding how sea-level rise will affect coastal landforms and the species and habitats they support is critical for crafting approaches that bala
data_gov/landfire-remap-annual-disturbance-hi-2016,LANDFIRE Remap Annual Disturbance HI 2016,dataset,resource,1,data/datasets/data_gov/landfire-remap-annual-disturbance-hi-2016/data.xml,25724,9e4311746362e5954552f7b42fdc3f01706b26a3d7e23693c82d7fd69969fae4,https://data.usgs.gov/datacatalog/metadata/USGS.24c4b125-4162-41ae-b966-6c78dfa4fb17.xml,License not specified,LANDFIRE's (LF) Annual Disturbance (Dist) product provides temporal and spatial information related to landscape change. Dist depicts areas that have 
data_gov/california-state-waters-map-series-salt-point-to-drakes-bay-web-services,California State Waters Map Series--Salt Point to Drakes Bay Web Services,dataset,resource,1,data/datasets/data_gov/california-state-waters-map-series-salt-point-to-drakes-bay-web-services/data.xml,24398,99498b7e08eb4ed29d13d3759f938e6c61abf4b65f2e1342b3d1dc34a9bbefe1,https://data.usgs.gov/datacatalog/metadata/USGS.31e044b5-4fd9-4def-b7e1-96d5c3f21e63.xml,License not specified,"In 2007, the California Ocean Protection Council initiated the California Seafloor Mapping Program (CSMP), designed to create a comprehensive seafloor"
data_gov/cosmos-coastal-storm-modeling-system-central-california-v3-1-wave-hazard-projections-1-yea-88632,CoSMoS (Coastal Storm Modeling System) Central California v3.1 wave-hazard projections: 1-year storm in San Francisco County,dataset,resource,1,data/datasets/data_gov/cosmos-coastal-storm-modeling-system-central-california-v3-1-wave-hazard-projections-1-yea-88632/data.xml,20928,5f59fe2534b53f00c66ad8886992c9adf67a43ff95e9fceb9912c84e92fa4ed6,https://data.usgs.gov/datacatalog/metadata/USGS.5d83bd1de4b0c4f70d06c3fc.xml,License not specified,"This data contains maximum model-derived significant wave height (in meters) for the sea-level rise (SLR) and storm condition indicated. 
The Coastal "
data_gov/elevmhw-elevation-adjusted-to-local-mean-high-water-rhode-island-national-wildlife-refuge-,"ElevMHW: Elevation adjusted to local mean high water: Rhode Island National Wildlife Refuge, RI, 2014",dataset,resource,1,data/datasets/data_gov/elevmhw-elevation-adjusted-to-local-mean-high-water-rhode-island-national-wildlife-refuge-/data.xml,24415,4ced8a0c007ab34165a0bbe595f8ef0a1560aaad7bdb27c25c2fd6d6e63c41d1,https://data.usgs.gov/datacatalog/metadata/USGS.5daa3774e4b09fd3b0c9ce7a.xml,License not specified,Understanding how sea-level rise will affect coastal landforms and the species and habitats they support is critical for crafting approaches that bala
data_gov/disocean-distance-to-the-ocean-monomoy-island-ma-2014,"DisOcean: Distance to the ocean: Monomoy Island, MA, 2014",dataset,resource,1,data/datasets/data_gov/disocean-distance-to-the-ocean-monomoy-island-ma-2014/data.xml,21938,6b91836fa240e5ce88fdc973f81e41c15792fbe7ec0cb270f9260aa28d7a8c07,https://data.usgs.gov/datacatalog/metadata/USGS.5daa372de4b09fd3b0c9ce2c.xml,License not specified,Understanding how sea-level rise will affect coastal landforms and the species and habitats they support is critical for crafting approaches that bala
data_gov/monitoring-hawaiian-biodiversity-pilot-study-to-assess-changes-to-hawaii-island-forest-bir-10aa0,Monitoring Hawaiian Biodiversity: Pilot study to assess changes to Hawaii Island forest birds and their habitat - 2015 vegetation species dataset,dataset,resource,1,data/datasets/data_gov/monitoring-hawaiian-biodiversity-pilot-study-to-assess-changes-to-hawaii-island-forest-bir-10aa0/data.xml,132872,0d234958dfed7dbe74af79cdbe4bfb1d3b8ba384e5c67dc7ecc6654b2a6ba460,https://data.usgs.gov/datacatalog/metadata/USGS.5bee5eede4b08f163c24a186.xml,License not specified,The Hawaii Forest Bird Survey (HFBS) systematically characterized plant and bird communities across transects spanning all major Hawaiian Islands exce
data_gov/high-resolution-maps-of-historical-and-21st-century-soil-temperature-and-moisture-data-usi,High-resolution maps of historical and 21st century soil temperature and moisture data using multivariate matching algorithms for drylands of western U.S. and Canada,dataset,resource,1,data/datasets/data_gov/high-resolution-maps-of-historical-and-21st-century-soil-temperature-and-moisture-data-usi/data.xml,53390,d0bd3bca9c300cbb9df8890cc0294a1b80059d1065169ee20488ff7fabacad71,https://data.usgs.gov/datacatalog/metadata/USGS.61faf826d34e622189c7bc79.xml,License not specified,"These data were compiled as a supplement to a previously published journal article (Bradford et al., 2019), that employed a ecosystem water balance mo"
data_gov/primary-production-and-precipitation-data-along-an-elevation-gradient-in-and-adjacent-2015,"Primary production and precipitation data along an elevation gradient in and adjacent to the San Francisco Mountains near Flagstaff, Arizona - 2015-2020",dataset,resource,1,data/datasets/data_gov/primary-production-and-precipitation-data-along-an-elevation-gradient-in-and-adjacent-2015/data.xml,24846,68767a51b25d3eaae44a72e69a5a8f816584dd076f7d1f5cc0581532761422c4,https://data.usgs.gov/datacatalog/metadata/USGS.61687198d34e653770010e72.xml,License not specified,These data were compiled to allow further understanding of how aboveground net primary production of different plant functional types in ecosystems al
data_gov/soil-water-balance-groundwater-flow-and-stream-temperature-models-for-beaver-creek-alaska-,"Soil water balance, groundwater flow, and stream temperature models for Beaver Creek, Alaska, 2019 to 2050",dataset,resource,1,data/datasets/data_gov/soil-water-balance-groundwater-flow-and-stream-temperature-models-for-beaver-creek-alaska-/data.xml,12576,f18ec6dd940c570570fd0d2c683232e57ae26302a4e57691d6c821a1f904befc,https://data.usgs.gov/datacatalog/metadata/USGS.63fd287cd34eac71fa9287d2.xml,License not specified,"A combined soil water balance, groundwater flow and stream temperature model was developed to simulate stream temperature under historical and future "
data_gov/appendix-2-simulated-monthly-mean-streamflows-for-the-ofallon-redwater-little-dry-middle-m,"Appendix 2. Simulated monthly mean streamflows for the O'Fallon, Redwater, Little Dry, Middle Musselshell, Judith, Cottonwood Creek, and Belt watersheds in eastern and central Montana, for a baseline ",dataset,resource,1,data/datasets/data_gov/appendix-2-simulated-monthly-mean-streamflows-for-the-ofallon-redwater-little-dry-middle-m/data.xml,15613,a1610b8f0a8bbb7a1060a90cf58692eb436700cc33f5b429efff2cddb39d9d1e,https://data.usgs.gov/datacatalog/metadata/USGS.55b69c6ae4b09a3b01b5f653.xml,License not specified,The Precipitation-Runoff Modeling System (PRMS) was used to produce simulations of streamflow for seven watersheds in eastern and central Montana for 
data_gov/database-of-trends-in-vegetation-properties-and-climate-adaptation-variables-raster-stacks-d9de7,Database of Trends in Vegetation Properties and Climate Adaptation Variables -- Raster Stacks of Monthly Vegetation Indices for the Phenological Analysis: 2014 to 2020,dataset,resource,1,data/datasets/data_gov/database-of-trends-in-vegetation-properties-and-climate-adaptation-variables-raster-stacks-d9de7/data.xml,18088,3ebcf0713e6f788143e49b0a8b9d9599220ca001905911d47f41f99c71f6a0d8,https://data.usgs.gov/datacatalog/metadata/USGS.64134c98d34eb496d1ce3cce.xml,License not specified,We apply a research approach that can inform riparian restoration planning by developing products that show recent trends in vegetation conditions ide
data_gov/phenology-effects-in-the-north-american-breeding-bird-survey-results-by-species-in-rdata-f,Phenology effects in the North American Breeding Bird Survey - Results by species in .rdata format,dataset,resource,1,data/datasets/data_gov/phenology-effects-in-the-north-american-breeding-bird-survey-results-by-species-in-rdata-f/data.xml,44623,e34f6ccff3add552dfc6a6cd4ad45691ca0c4419c6f0b1305c2b5b9e7b92588b,https://data.usgs.gov/datacatalog/metadata/USGS.636971bed34ed907bf6a18e7.xml,License not specified,"This data product provides summary information, by species, of changes in relative visibility of birds (phenology effects) through the April - July ti"
data_gov/electrical-resistivity-tomography-inverted-models-alaska-2015,"Electrical Resistivity Tomography Inverted Models; Alaska, 2015",dataset,resource,1,data/datasets/data_gov/electrical-resistivity-tomography-inverted-models-alaska-2015/data.xml,12791,750b950028bfc6752a18833d6c078563a9278bda3e3203abee198f6e9b65328f,https://data.usgs.gov/datacatalog/metadata/USGS.58347521e4b0070c0abfb372.xml,License not specified,"Fire can be a significant driver of permafrost change in boreal landscapes, altering the availability of soil carbon and nutrients that have important"
data_gov/impact-of-drought-on-southwestern-pronghorn-population-trends-and-predicted-trajectories-i-e7ee7,Impact of Drought on Southwestern Pronghorn Population Trends and Predicted Trajectories in the Southwest in the Face of Climate Change_Predictor,dataset,resource,1,data/datasets/data_gov/impact-of-drought-on-southwestern-pronghorn-population-trends-and-predicted-trajectories-i-e7ee7/data.xml,44006,c7b0f6cc30004e6c748eba28e2b3ca4882aea815ea7e650c96172d4576b2c806,https://data.usgs.gov/datacatalog/metadata/USGS.59d254cce4b05fe04cc235b8.xml,License not specified,"Climate often drives ungulate population dynamics, and as climates change, some areas may become unsuitable for species persistence. Unraveling the re"
data_gov/csiro-historical-prescribed-burn-windows-for-the-southeast-united-states-1950-1999,CSIRO Historical Prescribed Burn Windows for the Southeast United States 1950-1999,dataset,resource,1,data/datasets/data_gov/csiro-historical-prescribed-burn-windows-for-the-southeast-united-states-1950-1999/data.xml,20508,fbb81af1027dfc943472a37a91e1db3d7fe5abb5a34d21e4e4feb6097706372d,https://data.usgs.gov/datacatalog/metadata/USGS.609c8656d34ea221ce3abda2.xml,License not specified,"Prescribed burning is a critical tool for managing wildfire risks and meeting ecological objectives, but its safe and effective application requires t"
data_gov/vegetation-height-in-open-space-in-san-diego-county-derived-from-2014-naip-imagery-and-201,"Vegetation height in open space in San Diego County, derived from 2014 NAIP imagery and 2014/2015 lidar",dataset,resource,1,data/datasets/data_gov/vegetation-height-in-open-space-in-san-diego-county-derived-from-2014-naip-imagery-and-201/data.xml,25831,a9e462d31424283e1de2d254f85096d7242fc4923f1c16d402d55324a7f37821,https://data.usgs.gov/datacatalog/metadata/USGS.6348540fd34ec63c539d9491.xml,License not specified,"Shrublands have seen large changes over time due to factors such as fire and drought. As the climate continues to change, vegetation monitoring at the"
data_gov/southwestern-riparian-plant-trait-matrix-colorado-river-grand-canyon-arizona-ver-2-0-2022,"Southwestern Riparian Plant Trait Matrix, Colorado River, Grand Canyon, Arizona (ver. 2.0, 2022)",dataset,resource,1,data/datasets/data_gov/southwestern-riparian-plant-trait-matrix-colorado-river-grand-canyon-arizona-ver-2-0-2022/data.xml,48634,4aa556d5f5601db7de062c0fc0747e21f7158bed1ecf45e19516623641cf6a3a,https://data.usgs.gov/datacatalog/metadata/USGS.61f0803bd34e8b818adc3564.xml,License not specified,"Trait-based approaches to vegetation analyses are becoming more prevalent in studies of riparian vegetation dynamics, including responses to flow regu"
data_gov/california-state-waters-map-series-offshore-of-half-moon-bay-web-services,California State Waters Map Series--Offshore of Half Moon Bay Web Services,dataset,resource,1,data/datasets/data_gov/california-state-waters-map-series-offshore-of-half-moon-bay-web-services/data.xml,22243,d759b91241b9e460e75f741d29409349a547b7e0b35a0432a10c2deac58c7199,http://pubs.usgs.gov/ds/781/OffshoreHalfMoonBay/data_catalog_OffshoreHalfMoonBay.html,License not specified,"In 2007, the California Ocean Protection Council initiated the California Seafloor Mapping Program (CSMP), designed to create a comprehensive seafloor"
data_gov/cosmos-coastal-storm-modeling-system-southern-california-v3-0-phase-2-flood-hazard-project-aa106,CoSMoS (Coastal Storm Modeling System) Southern California v3.0 Phase 2 flood-hazard projections: 20-year storm in Santa Barbara County,dataset,resource,1,data/datasets/data_gov/cosmos-coastal-storm-modeling-system-southern-california-v3-0-phase-2-flood-hazard-project-aa106/data.xml,19429,8bcc1aea00ff54b7493c691f0a38a7eba86dd03757d622feb5d3aa1f0346f8fd,https://data.usgs.gov/datacatalog/metadata/USGS.589d0dc9e4b0efcedb790b12.xml,License not specified,"Geographic extent of projected coastal flooding, low-lying vulnerable areas, and maxium/minimum flood potential (flood uncertainty) associated with th"
data_gov/cosmos-coastal-storm-modeling-system-southern-california-v3-0-phase-2-flood-hazard-depth-a-b4ef7,CoSMoS (Coastal Storm Modeling System) Southern California v3.0 Phase 2 flood-hazard depth and duration projections: 100-year storm in San Diego County,dataset,resource,1,data/datasets/data_gov/cosmos-coastal-storm-modeling-system-southern-california-v3-0-phase-2-flood-hazard-depth-a-b4ef7/data.xml,27237,e9a25304bb88a8c9f5ab53156fdc55a2c3cd3928a9ba8757a4acb70c1fd380a6,https://data.usgs.gov/datacatalog/metadata/USGS.57f1d66de4b0bc0bebfee14c.xml,License not specified,Projected Hazard: Maximum depth of flooding surface (in cm) in the region landward of the present day shoreline that is inundated for the storm condit
data_gov/rangeland-condition-monitoring-assessment-and-projection-rcmap-fractional-component-t-1985-fa155,Rangeland Condition Monitoring Assessment and Projection (RCMAP) Fractional Component Time-Series Across the Western U.S. 1985-2020,dataset,resource,1,data/datasets/data_gov/rangeland-condition-monitoring-assessment-and-projection-rcmap-fractional-component-t-1985-fa155/data.xml,46126,ce636ea875fe1f278b9c12058b94fb04094ee58403da7aba3fd57cbac7fb87a0,https://data.usgs.gov/datacatalog/metadata/USGS.60a6b6ebd34ea221ce4ba5cd.xml,License not specified,The RCMAP (Rangeland Condition Monitoring Assessment and Projection) dataset quantifies the percent cover of rangeland components across the western U
data_gov/wyoming-wind-river-reservation-elk-owl-creek-routes-154ca,Wyoming Wind River Reservation Elk Owl Creek Routes,dataset,resource,1,data/datasets/data_gov/wyoming-wind-river-reservation-elk-owl-creek-routes-154ca/data.xml,27026,6967dec025fd6047f750a074b87aa3093d96a00924ed79796edab45990a091da,https://data.usgs.gov/datacatalog/metadata/USGS.6584b650d34eff134d42da47.xml,License not specified,"The Owl Creek elk herd, with 7,500–8,500 wintering elk, inhabits the northwest corner of the Wind River Reservation, traversing habitats along the Abs"
osti/2460455,National Climate Database (NCDB),report,fulltext,1,data/reports/osti/2460455.pdf,76833,ef9951f12e8a3252a3e37b1a61384681b8474cd5680aa5ddeab6850107fd07ba,https://www.osti.gov/servlets/purl/2460455,U.S. Government Work,"DOE Report, DOI: 10.25984/2460455"
osti/1970814,Super-Resolution for Renewable Energy Resource Data with Climate Change Impacts (Sup3rCC),report,fulltext,1,data/reports/osti/1970814.pdf,97987,f7ef3c13c6711180291eaa5207afa9175c8bc73e8d977f7a6b058705a1dc24db,https://www.osti.gov/servlets/purl/1970814,U.S. Government Work,"DOE Report, DOI: 10.25984/1970814"
osti/2428988,PR100: Puerto Rico Grid Resilience and Transition to 100% Renewable Energy,report,fulltext,1,data/reports/osti/2428988.pdf,135274,dc087b51110929a17e125137e7d0d0b12707b97823670695f90a89ea6c4ca1d5,https://www.osti.gov/servlets/purl/2428988,U.S. Government Work,"DOE Report, DOI: 10.25984/2428988"
osti/1846021,Photovoltaic Data Acquisition (PVDAQ) Public Datasets,report,fulltext,1,data/reports/osti/1846021.pdf,87838,839d10b72b66f147a83de6bbde8461f7b93de4f598075eab288812cda823f86e,https://www.osti.gov/servlets/purl/1846021,U.S. Government Work,"DOE Report, DOI: 10.25984/1846021"
data_gov/spreadsheet-of-best-models-for-each-downscaled-climate-dataset-and-for-all-downscaled-clim-00e0f,Spreadsheet of best models for each downscaled climate dataset and for all downscaled climate datasets considered together (Best_model_lists.xlsx),dataset,resource,1,data/datasets/data_gov/spreadsheet-of-best-models-for-each-downscaled-climate-dataset-and-for-all-downscaled-clim-00e0f/data.xml,76519,b3a447e8944a8fc967df10aa4a708859aacee0f85b309a928587cbafd5edf0c4,https://doi.org/10.5066/P935WRTG,License not specified,The South Florida Water Management District (SFWMD) and the U.S. Geological Survey have developed projected future change factors for precipitation de
data_gov/points-transects-beach-width-barrier-island-geomorphology-and-shorebird-habitat-metrics-at-4ca28,"points, transects, beach width: Barrier island geomorphology and shorebird habitat metrics at 50-m alongshore transects and 5-m cross-shore points: Parker River, MA, 2014",dataset,resource,1,data/datasets/data_gov/points-transects-beach-width-barrier-island-geomorphology-and-shorebird-habitat-metrics-at-4ca28/data.xml,115198,0e7c841fff6c2893f20ebd6ee02cb301733add7531bdfa2e93b1ae194d6e67a0,https://data.usgs.gov/datacatalog/metadata/USGS.5daa3741e4b09fd3b0c9ce43.xml,License not specified,Understanding how sea-level rise will affect coastal landforms and the species and habitats they support is critical for crafting approaches that bala
data_gov/whooping-crane-stopover-habitat-use-and-migration-movement-data-in-relation-to-drough-2010,"Whooping crane stopover habitat use and migration movement data in relation to drought severity, 2010-2022",dataset,resource,1,data/datasets/data_gov/whooping-crane-stopover-habitat-use-and-migration-movement-data-in-relation-to-drough-2010/data.xml,35063,23983b050ddd55387ea579995fc5319f0004b0c1c8cc0fe8057b6efc5942c371,https://data.usgs.gov/datacatalog/metadata/USGS.65788458d34e952b227465c5.xml,License not specified,"Wildlife species face threats from climate and land use change, which may exacerbate how extreme climatic events influence population persistence and "
data_gov/california-state-waters-map-series-punta-gorda-to-point-arena-web-services,California State Waters Map Series--Punta Gorda to Point Arena Web Services,dataset,resource,1,data/datasets/data_gov/california-state-waters-map-series-punta-gorda-to-point-arena-web-services/data.xml,26265,44086206598f2f59b1a5fda020598f2b2a9880d2163ffd4f727305acf08760d6,https://data.usgs.gov/datacatalog/metadata/USGS.5d128906e4b0941bde56eb74.xml,License not specified,"In 2007, the California Ocean Protection Council initiated the California Seafloor Mapping Program (CSMP), designed to create a comprehensive seafloor"
data_gov/core-contractions-or-range-expansions-database-global-database-of-species-range-shift-1802,CoRE (Contractions or Range Expansions) Database: Global Database of Species Range Shifts from 1802-2019,dataset,resource,1,data/datasets/data_gov/core-contractions-or-range-expansions-database-global-database-of-species-range-shift-1802/data.xml,77185,e9deb1f1899ba3c59eea567710bce9ea5d549a6e36bc2e20372e2e72753ae652,https://doi.org/10.5066/P99VP2TW,License not specified,The CoRE (Contractions or Range Expansions) database contains a library of published literature and data on species range shifts in response to climat
data_gov/potential-climate-change-impacts-on-canada-lynx-connectivity-in-the-u-s-northern-rockies,Potential climate change impacts on Canada lynx connectivity in the U.S. Northern Rockies,dataset,resource,1,data/datasets/data_gov/potential-climate-change-impacts-on-canada-lynx-connectivity-in-the-u-s-northern-rockies/data.xml,55121,736172c4e0482d96987fde88e5d60bc656cf8ac4f832af4d2502d007320ff570,https://doi.org/10.5066/F7VM49FN,License not specified,Establishing connections among natural landscapes is the most frequently recommended strategy for adapting management of natural resources in response
data_gov/data-for-shorebird-migration-across-the-prairie-potholes-in-2002-and-2011,Data for shorebird migration across the prairie potholes in 2002 and 2011,dataset,resource,1,data/datasets/data_gov/data-for-shorebird-migration-across-the-prairie-potholes-in-2002-and-2011/data.xml,45933,edbf610627fc7ae54cb8a36e1d4c173d13218e35afaa0b340c0728de5e6f5f92,https://doi.org/10.5066/F7W37VJW,License not specified,The data frame provides geo-referenced data on presence of six species of en route migrant shorebirds in wetlands within the prairie pothole region in
data_gov/us-non-native-plant-occurrence-and-abundance-data-and-distribution-maps-for-eastern-us-spe,US non-native plant occurrence and abundance data and distribution maps for Eastern US species with current and future climate,dataset,resource,1,data/datasets/data_gov/us-non-native-plant-occurrence-and-abundance-data-and-distribution-maps-for-eastern-us-spe/data.xml,58526,5ee00b6de40090c0bb5ec428881346751381538c5c0caefb29381a7bda77f920,https://doi.org/10.5066/P14VVRES,License not specified,This is a dataset containing aggregated non-native plant occurrence and abundance data for the contiguous United States. We used these data to develop
data_gov/salinas-and-carmel-rivers-basin-study-scrbs-future-climate-warm-dry-wd-scenario,Salinas and Carmel Rivers Basin Study (SCRBS): Future Climate Warm-Dry (WD) Scenario,dataset,resource,1,data/datasets/data_gov/salinas-and-carmel-rivers-basin-study-scrbs-future-climate-warm-dry-wd-scenario/data.xml,56909,3772e06c3bb96278b523f1b0c9fd7325ff04447855ad6120911ecda0ad840c8a,https://doi.org/10.5066/P13JXZ6Y,License not specified,This digital dataset contains the Warm-Dry (WD) climate scenario data used for the Salinas and Carmel Rivers Basin Study (SCRBS). The Warm-Dry (WD) cl
data_gov/thirty-and-ninety-year-data-sets-of-streamflow-groundwater-recharge-and-snowfall-simulatin,"Thirty- and ninety-year data sets of streamflow, groundwater recharge, and snowfall simulating potential hydrologic response to climate change in the 21st century in New Hampshire",dataset,resource,1,data/datasets/data_gov/thirty-and-ninety-year-data-sets-of-streamflow-groundwater-recharge-and-snowfall-simulatin/data.xml,48211,bbbaa6741fbe7583cf5cee7c6f2821e2b403f7b57270a85d5e82ac629c742d66,https://doi.org/10.5066/F76T0KJZ,License not specified,"The U.S. Geological Survey (USGS), in cooperation with the New Hampshire Department of Environmental Services (NHDES) and the Department of Health and"
data_gov/cosmos-coastal-storm-modeling-system-central-california-v3-1-flood-hazard-projections-100--5f232,CoSMoS (Coastal Storm Modeling System) Central California v3.1 flood-hazard projections: 100-year storm in San Luis Obispo County,dataset,resource,1,data/datasets/data_gov/cosmos-coastal-storm-modeling-system-central-california-v3-1-flood-hazard-projections-100--5f232/data.xml,66058,5bd3d88332f99300e43ef28af4c6c140eb09276586cda2a4be6a53f58551cd7e,https://doi.org/10.5066/P9NUO62B,License not specified,"This data contains geographic extents of projected coastal flooding, low-lying vulnerable areas, and maximum/minimum flood potential (flood uncertaint"
data_gov/salinas-and-carmel-rivers-basin-study-scrbs-future-climate-warm-wet-ww-scenario,Salinas and Carmel Rivers Basin Study (SCRBS): Future Climate Warm-Wet (WW) Scenario,dataset,resource,1,data/datasets/data_gov/salinas-and-carmel-rivers-basin-study-scrbs-future-climate-warm-wet-ww-scenario/data.xml,56909,3772e06c3bb96278b523f1b0c9fd7325ff04447855ad6120911ecda0ad840c8a,https://doi.org/10.5066/P13JXZ6Y,License not specified,This digital dataset contains the Warm-Wet (WW) climate scenario data used for the Salinas and Carmel Rivers Basin Study (SCRBS). The Warm-Wet (WW) cl
data_gov/wisconsin-lake-temperature-metrics-decreasing-clarity,Wisconsin Lake Temperature Metrics Decreasing Clarity,dataset,resource,1,data/datasets/data_gov/wisconsin-lake-temperature-metrics-decreasing-clarity/data.xml,51175,7fa89e3fe474875ea540d3424d8ca2719f35fd879c51d96de6a5500b8d629293,http://dx.doi.org/10.5066/F7028PN4,License not specified,"It is well recognized that the climate is warming in response to anthropogenic emission of greenhouse gases. Over the last decade, this has had a warm"
data_gov/33-high-resolution-scenarios-of-land-use-and-vegetation-change-in-the-prairie-potholes,33 high-resolution scenarios of land use and vegetation change in the Prairie Potholes,dataset,resource,1,data/datasets/data_gov/33-high-resolution-scenarios-of-land-use-and-vegetation-change-in-the-prairie-potholes/data.xml,93273,0922ff07b152205398316c196ba1bc09a477ccce1a4133c11388b8787a387368,https://doi.org/10.5066/P9YQMNHF,License not specified,The USGS’s FORE-SCE model was used to produce unprecedented landscape projections for the Prairie Potholes region of the northern Great Plains of the 
data_gov/multidecadal-streamflow-trends-and-ecological-flow-statistics-at-usgs-streamgages-wit-1940,Multidecadal Streamflow Trends and Ecological Flow Statistics at USGS Streamgages within the Chesapeake Bay Watershed (1940-2018),dataset,resource,1,data/datasets/data_gov/multidecadal-streamflow-trends-and-ecological-flow-statistics-at-usgs-streamgages-wit-1940/data.xml,58515,5e9728799f900677e27b46385a6ac9e4c17db50bcec9646fc71f4cf1f0721559,https://doi.org/10.5066/P99OOTED,License not specified,The hydrologic regime of rivers and streams is a major determinant of habitat quality for fish and aquatic invertebrates. Long-term streamflow data we
data_gov/elevmhw-elevation-adjusted-to-local-mean-high-water-assawoman-island-va-2014,"ElevMHW: Elevation adjusted to local mean high water: Assawoman Island, VA, 2014",dataset,resource,1,data/datasets/data_gov/elevmhw-elevation-adjusted-to-local-mean-high-water-assawoman-island-va-2014/data.xml,61613,f15c84637d475168e0687f57550fe4c6b5b5d875f92b913fc6ff1c6b1c9af88f,https://doi.org/10.5066/P9V7F6UX,License not specified,Understanding how sea-level rise will affect coastal landforms and the species and habitats they support is critical for crafting approaches that bala
data_gov/cosmos-coastal-storm-modeling-system-southern-california-v3-0-phase-2-water-level-projecti-87a11,CoSMoS (Coastal Storm Modeling System) Southern California v3.0 Phase 2 water-level projections: 20-year storm in San Diego County,dataset,resource,1,data/datasets/data_gov/cosmos-coastal-storm-modeling-system-southern-california-v3-0-phase-2-water-level-projecti-87a11/data.xml,64396,912f782d46fe178b66c825a84beeaf5b813e90623df9f8eea9e1435bbc56edd3,https://doi.org/10.5066/F7T151Q4,License not specified,"Projected Hazard: Model-derived water levels (in meters) for the given storm condition and sea-level rise (SLR) scenario.
Model Summary: The Coastal S"
data_gov/lucas-model-spatial-output-data-of-historical-and-projected-future-land-use-and-land-cover-a15d2,LUCAS model spatial output data of historical and projected future land use and land cover for California,dataset,resource,1,data/datasets/data_gov/lucas-model-spatial-output-data-of-historical-and-projected-future-land-use-and-land-cover-a15d2/data.xml,54182,66526e1401d1e7d08355e766d20950330dc9cf2a8b96465c9b7189c499339315,https://doi.org/10.5066/P1XMRMDC,License not specified,"This dataset provides annual raster maps of historical and projected future land use and land cover (LULC) for California, USA. Changes in LULC over t"
data_gov/usgs-measurements-of-dissolved-and-suspended-particulate-material-selenium-in-lake-koocanu,"USGS Measurements of Dissolved and Suspended Particulate Material Selenium in Lake Koocanusa in the Vicinity of Libby Dam (MT), 2015-2017 (update)",dataset,resource,1,data/datasets/data_gov/usgs-measurements-of-dissolved-and-suspended-particulate-material-selenium-in-lake-koocanu/data.xml,61050,2dfb366d5c6d4ac2db44c1852c86162daaea4a30546ad2fe0924606eb2ad4806,https://doi.org/10.5066/P9HB5S5F,License not specified,"The U.S. Geological Survey is studying Lake Koocanusa, a border reservoir between British Columbia in Canada and Montana, in collaboration with the Mo"
data_gov/bcc-historical-prescribed-burn-windows-for-the-southeast-united-states-1950-1999,BCC Historical Prescribed Burn Windows for the Southeast United States 1950-1999,dataset,resource,1,data/datasets/data_gov/bcc-historical-prescribed-burn-windows-for-the-southeast-united-states-1950-1999/data.xml,51900,971996d829f6c34b1daa8d5014250af83ebe27040345078050221b285b25321a,https://doi.org/10.5066/P95BV7GE,License not specified,"Prescribed burning is a critical tool for managing wildfire risks and meeting ecological objectives, but its safe and effective application requires t"
data_gov/north-american-bird-banding-program-dataset-1960-2023-retrieved-2023-07-12,North American Bird Banding Program Dataset 1960-2023 retrieved 2023-07-12,dataset,resource,1,data/datasets/data_gov/north-american-bird-banding-program-dataset-1960-2023-retrieved-2023-07-12/data.xml,125671,222f07ab90b026e4bdc8d29880d36e36e98f121a387f931f0ddcbd775fdb1bb1,https://doi.org/10.5066/P97LQNHY,License not specified,"The North American Bird Banding Program is administered through the U.S. Geological Survey (USGS) Bird Banding Laboratory (BBL), Eastern Ecological Sc"
data_gov/robert-fire-montana-tailed-frog-data-2001-2015,Robert Fire Montana Tailed Frog Data_2001-2015,dataset,resource,1,data/datasets/data_gov/robert-fire-montana-tailed-frog-data-2001-2015/data.xml,46788,bded4d931921d9e875395fe39f616cc90fb0a2a35f080f42b423e84cbb5e3996,https://dx.doi.org/10.5066/F7SJ1J25,License not specified,"The data represent counts of Rocky Mountain Tailed Frog larvae from 8 streams in Glacier National Park, Montana. Each stream was surveyed during 5 dif"
data_gov/the-vigil-network-wilhite-creek-mississippi,"The Vigil Network: Wilhite Creek, Mississippi",dataset,resource,1,data/datasets/data_gov/the-vigil-network-wilhite-creek-mississippi/data.xml,58206,05ccad926a39466d0de26d4d7fb355b5272bee051efee94e129722d4c3021bc4,https://doi.org/10.5066/P9V0R02R,License not specified,"Long-term monitoring data of geomorphic, hydrological, and biological characteristics of landscapes. This information provides an effective means of r"
data_gov/bias-corrected-daily-precipitation-at-1-kilometer-resolution-for-puerto-rico-from-weather-,Bias-corrected daily precipitation at 1-kilometer resolution for Puerto Rico from Weather Research and Forecasting (WRF) dynamical downscaled historical (1985-2005) and projected (2040-60) climate,dataset,resource,1,data/datasets/data_gov/bias-corrected-daily-precipitation-at-1-kilometer-resolution-for-puerto-rico-from-weather-/data.xml,53347,352e669d9b7d44590a3bd486a55aac0a4b9626992afe21681fd1e9798bc5b364,https://doi.org/10.5066/P9J53QQC,License not specified,This data release consists of four network Common Data Form (netCDF) files of bias-corrected daily precipitation at 1-kilometer (km) scale for histori
data_gov/cosmos-coastal-storm-modeling-system-central-california-v3-1-flood-hazard-projections-20-y-13b4c,CoSMoS (Coastal Storm Modeling System) Central California v3.1 flood-hazard projections: 20-year storm in Santa Cruz County,dataset,resource,1,data/datasets/data_gov/cosmos-coastal-storm-modeling-system-central-california-v3-1-flood-hazard-projections-20-y-13b4c/data.xml,66058,5bd3d88332f99300e43ef28af4c6c140eb09276586cda2a4be6a53f58551cd7e,https://doi.org/10.5066/P9NUO62B,License not specified,"This data contains geographic extents of projected coastal flooding, low-lying vulnerable areas, and maximum/minimum flood potential (flood uncertaint"
us/nca5/full,NCA5: Fifth National Climate Assessment (Full Report),report,full,1,data/reports/us/nca5/US_NCA5_Full_Report.pdf,219876258,1942cbf346dc2c711fea413d6d6543edb8bc1e3a88d4c3a85e733c6b6d3577bf,https://repository.library.noaa.gov/view/noaa/61592/noaa_61592_DS1.pdf,USGCRP Terms,Full 32-chapter assessment released November 2023. Individual chapter PDFs available at nca2023.globalchange.gov/downloads when accessible.
us/nca5/presentation,NCA5: EPA Fifth National Climate Assessment Presentation,report,slides,1,data/reports/us/nca5/US_NCA5_EPA_Presentation.pdf,7105019,66555eb0b929f388d8df76efc659753254df1b094345b02467d6d41672a0149b,https://www.epa.gov/system/files/documents/2023-12/fifth-national-climate-assessment-presentation.pdf,EPA Terms of Use,Overview presentation slides summarizing NCA5 key findings.
unep/emissions_gap/2010,Emissions Gap Report 2010,report,main,1,data/reports/unep/emissions_gap/UNEP_Emissions_Gap_Report_2010.pdf,2671635,84bf89ee02669dfcedf3f7377d6d39b8d15d0229c09723fd148f6b05bfff7e3b,https://digitallibrary.un.org/record/3894887/files/egr2010.pdf,© United Nations Environment Programme,Preliminary assessment of Copenhagen Accord pledges vs 2°C/1.5°C pathways.
unep/emissions_gap/2011,Emissions Gap Report 2011: Bridging the Emissions Gap,report,main,1,data/reports/unep/emissions_gap/UNEP_Emissions_Gap_Report_2011.pdf,1850172,05472218c591d797f76e4f2c21663d249557297de8baefbb067f8477b49bb093,https://digitallibrary.un.org/record/3894837/files/EGR2011.pdf,© United Nations Environment Programme,Options to close the 2020 emissions gap including national efforts.
unep/emissions_gap/2012,Emissions Gap Report 2012,report,main,1,data/reports/unep/emissions_gap/UNEP_Emissions_Gap_Report_2012.pdf,7606643,5d073e88ffdf46afe9fedf14aaf6edd8177030c84fceb66e4d4fb9eb43ae8e18,https://backend.orbit.dtu.dk/ws/files/35965184/Emissions_Gap_Report_2012.pdf,© United Nations Environment Programme,Reviews successful policy actions for emissions reduction.
unep/emissions_gap/2013,Emissions Gap Report 2013,report,main,1,data/reports/unep/emissions_gap/UNEP_Emissions_Gap_Report_2013.pdf,6666211,eeed586d4e3de0ac5476d9965db060f549992e0f09f1dc8434f6060078ab2206,https://backend.orbit.dtu.dk/ws/files/60056982/EmissionsGapReport_2013.pdf,© United Nations Environment Programme,Annual assessment of emissions gap and mitigation potential.
unep/emissions_gap/2014,Emissions Gap Report 2014,report,main,1,data/reports/unep/emissions_gap/UNEP_Emissions_Gap_Report_2014.pdf,14832581,4be65362dbb18588e9f997466fff4937ee47ba0a528b56d77681c670ed45153b,https://backend.orbit.dtu.dk/ws/files/103262058/Emissions_Gap_Report_2014.pdf,© United Nations Environment Programme,Pre-Paris Agreement emissions gap assessment.
unep/emissions_gap/2015,Emissions Gap Report 2015,report,main,1,data/reports/unep/emissions_gap/UNEP_Emissions_Gap_Report_2015.pdf,6441721,66fbd6c841507f2e887eff427f9df8f99ff7cc9ef890a4ea56e12fea0be84259,https://backend.orbit.dtu.dk/ws/files/177810669/Emissions_Gap_Report_2015.pdf,© United Nations Environment Programme,Assessment ahead of COP21 Paris Agreement adoption.
unep/emissions_gap/2016,Emissions Gap Report 2016,report,main,1,data/reports/unep/emissions_gap/UNEP_Emissions_Gap_Report_2016.pdf,10040959,b745e9c00cb6ef146f70aea65ac0a7b45e84804a87bdd1e16ff42d7e46caf665,https://backend.orbit.dtu.dk/ws/portalfiles/portal/127050649/Emissions_Gap_Report_2016.pdf,© United Nations Environment Programme,First post-Paris Agreement gap assessment with long-term temperature goals.
unep/emissions_gap/2017,Emissions Gap Report 2017,report,main,1,data/reports/unep/emissions_gap/UNEP_Emissions_Gap_Report_2017.pdf,7499379,9daf1d55374c250328a77f2f385cf8479ed8ad446ea5864e6b717772299fa76f,https://unepccc.org/wp-content/uploads/2019/04/egr-2017-full-report.pdf,© United Nations Environment Programme,NDC implementation progress and sectoral mitigation potential.
unep/emissions_gap/2018,Emissions Gap Report 2018,report,main,1,data/reports/unep/emissions_gap/UNEP_Emissions_Gap_Report_2018.pdf,7699543,917f404d7dddc185e18e3e311e47b6622c75aade6de9d37ffbd0a06ba1899eae,https://unepccc.org/wp-content/uploads/2019/04/egr2018-fullreport-en.pdf,© United Nations Environment Programme,Assessment of progress toward Paris Agreement goals.
unep/emissions_gap/2019,Emissions Gap Report 2019,report,main,1,data/reports/unep/emissions_gap/UNEP_Emissions_Gap_Report_2019.pdf,5603240,3c2d5a6e2b167fde41995e718471a8f42e21b8dbb1416d0533d9c536ba5372b6,https://unepccc.org/wp-content/uploads/2019/12/egr-2019.pdf,© United Nations Environment Programme,Decade of emissions gap assessments and enhanced NDC ambition needs.
unep/emissions_gap/2020,Emissions Gap Report 2020,report,main,1,data/reports/unep/emissions_gap/UNEP_Emissions_Gap_Report_2020.pdf,10570268,c75a96134539bdc2135de99f9e0671d64a5a422c80b0520c35ba64c3787db846,https://backend.orbit.dtu.dk/ws/files/237967179/EGR_2020_Web.pdf,© United Nations Environment Programme,COVID-19 recovery opportunities and low-carbon lifestyle potential.
unep/emissions_gap/2021,Emissions Gap Report 2021: The Heat Is On,report,main,1,data/reports/unep/emissions_gap/UNEP_Emissions_Gap_Report_2021.pdf,12042141,d3118b8a0db71edef2c7bfddb43f1ca31c1267331fcf628b2853b08a97f33fd9,https://unepccc.org/wp-content/uploads/2021/10/emissions-gap-report-2021-full-report.pdf,© United Nations Environment Programme,Climate promises not yet delivered; updated NDC and net-zero pledges analysis.
unep/emissions_gap/2021#addendum,Emissions Gap Report 2021 COP26 Addendum,report,supplement,1,data/reports/unep/emissions_gap/UNEP_Emissions_Gap_Report_2021_COP26_Addendum.pdf,693020,4627a9c9f38cfdd8ab4c04375874557ca4f04c561163a84fc37158c81282264b,https://unepccc.org/wp-content/uploads/2021/11/addendum-from-cop26.pdf,© United Nations Environment Programme,Updated analysis incorporating COP26 pledges and announcements.
unep/emissions_gap/2022,Emissions Gap Report 2022: The Closing Window,report,main,1,data/reports/unep/emissions_gap/UNEP_Emissions_Gap_Report_2022.pdf,10248759,b04390c65f63591a3eba3e25c00a06abaf65b9445d88c1b6fef4c44e108ff8f3,https://digitallibrary.un.org/record/3992409/files/EGR2022.pdf,© United Nations Environment Programme,Climate crisis calls for rapid transformation of societies.
unep/emissions_gap/2023,Emissions Gap Report 2023: Broken Record,report,main,1,data/reports/unep/emissions_gap/UNEP_Emissions_Gap_Report_2023.pdf,6022500,410488f65e79f73eed980e127f89b96e89bcb131e98b9f5630ef24e9df07e2fc,https://digitallibrary.un.org/record/4027834/files/1389131_ENG.pdf,© United Nations Environment Programme,Temperatures hit new highs yet world fails to cut emissions again.
unep/emissions_gap/2024,"Emissions Gap Report 2024: No more hot air, please!",report,main,1,data/reports/unep/emissions_gap/UNEP_Emissions_Gap_Report_2024.pdf,12947614,f9b1ff18ada0e90f0e981044ce87bffbaab0fa664915514235eb92842fbfa90c,https://digitallibrary.un.org/record/4064527/files/1418904-EN.pdf,© United Nations Environment Programme,Massive gap between rhetoric and reality; 42% cuts needed by 2030 for 1.5°C.
wmo/state_of_climate/2020,WMO State of the Global Climate 2020 (WMO-No. 1264),report,main,1,data/reports/wmo/state_of_climate/WMO_State_of_Global_Climate_2020.pdf,4498646,ced0a51a3dc1c5d93e06916ab9fe918d196fe1211dcfaede2d1ce9558889246a,http://adaptecca.es/sites/default/files/documentos/estado_del_clima_global_2020._organizacion_meteorologica_mundial_2021.pdf,WMO Terms,Annual temperature anomalies; greenhouse gases; sea level rise; ocean indicators; extreme weather events.
wmo/state_of_climate/2021,WMO State of the Global Climate 2021 (WMO-No. 1290),report,main,1,data/reports/wmo/state_of_climate/WMO_State_of_Global_Climate_2021.pdf,5134104,e2bf6f62ea689e2c5609ed785f3a82b678b32b98328273fa6289a1c33507ae70,https://www.arctic.gov/uploads/assets/state-of-the-global-climate-2021.pdf,WMO Terms,Annual temperature anomalies; greenhouse gases; sea level rise; ocean indicators; cryosphere; extreme events.
wmo/state_of_climate/2022,WMO State of the Global Climate 2022 (WMO-No. 1316),report,main,1,data/reports/wmo/state_of_climate/WMO_State_of_Global_Climate_2022.pdf,8905096,87cf6bdfb01b8505397e49cfee9ea01fc4132b475d2c75e4d876eb1b164ff29a,https://digitallibrary.un.org/record/4016413/files/1379189EN.pdf,WMO Terms,Annual temperature anomalies; greenhouse gases; sea level rise; ocean heat and acidification; sea ice and glaciers.
wmo/state_of_climate/2023,WMO State of the Global Climate 2023 (WMO-No. 1347),report,main,1,data/reports/wmo/state_of_climate/WMO_State_of_Global_Climate_2023.pdf,7812122,aeedff98c5ea5b4d1eafb9a4a82267f62b53d837151998450a41a6836b632bca,https://portal.inmet.gov.br/uploads/notastecnicas/1347_Statement_2023_en.pdf,WMO Terms,Annual temperature anomalies; greenhouse gases; ocean heat content; sea level rise; ocean acidification; cryosphere indicators.
wmo/state_of_climate/2024,WMO State of the Global Climate 2024 (WMO-No. 1368),report,main,1,data/reports/wmo/state_of_climate/WMO_State_of_Global_Climate_2024.pdf,3694865,ae106b3df21d0381ad34bda451a406648ef66147111aac6cc91a7387438fb874,https://wmo.int/sites/default/files/2025-03/WMO-1368-2024_en.pdf,WMO Terms,"First year >1.5°C above pre-industrial; annual temperature anomalies; greenhouse gases; sea level rise; socio-economic impacts."
wmo/state_of_climate/2025_cop30,WMO State of the Climate 2025 Update for COP30,report,update,1,data/reports/wmo/state_of_climate/WMO_State_of_Climate_2025_COP30_Update.pdf,9004472,1ac011c5f7f07d805732a74f6921770dc1ef2dd74f3258d4dca0a4af50a0a04b,https://wmo.int/sites/default/files/2025-11/State%20of%20the%20Climate%202025%20Update%20COP30%20(31%20oct).pdf,WMO Terms,Interim update for COP30; 2025 set to be 2nd or 3rd warmest year; Jan-Aug 2025 at 1.42°C above pre-industrial.
ipcc/special/SR15/spm,IPCC SR1.5 Summary for Policymakers,report,spm,1,data/reports/ipcc/special_reports/SR15/IPCC_SR15_SPM.pdf,818524,0ae17a3b444aa9339de733c0e2386dbc867b989535d1ff2e419558c3ebb6a6eb,https://www.ipcc.ch/site/assets/uploads/sites/2/2022/06/SPM_version_report_LR.pdf,IPCC Terms of Use,Global Warming of 1.5°C - mitigation pathways and impacts
ipcc/special/SR15/full_report,IPCC SR1.5 Full Report,report,full_report,1,data/reports/ipcc/special_reports/SR15/IPCC_SR15_FullReport.pdf,19556031,785090fc30bb4efc994a8248825a90e8f2d5348ab343ce00c86c24967fc825ae,https://www.ipcc.ch/site/assets/uploads/sites/2/2022/06/SR15_Full_Report_LR.pdf,IPCC Terms of Use,Global Warming of 1.5°C - complete report with all chapters
ipcc/special/SRCCL/spm,IPCC SRCCL Summary for Policymakers,report,spm,1,data/reports/ipcc/special_reports/SRCCL/IPCC_SRCCL_SPM.pdf,1413547,80f81d4e9875c72ea6b1fdb94100f5ef05d07ff2d4813618544a2ae640aa1b02,https://www.ipcc.ch/site/assets/uploads/sites/4/2022/11/SRCCL_SPM.pdf,IPCC Terms of Use,Climate Change and Land - land use and food security
ipcc/special/SRCCL/ts,IPCC SRCCL Technical Summary,report,ts,1,data/reports/ipcc/special_reports/SRCCL/IPCC_SRCCL_TS.pdf,7930366,2a3e2fa7a00aacf32f60ec4dc77df86468f244588b8185e3bfa0c435f9c3c3e6,https://www.ipcc.ch/site/assets/uploads/sites/4/2022/11/SRCCL_Technical-Summary.pdf,IPCC Terms of Use,Climate Change and Land - technical summary
ipcc/special/SRCCL/full_report,IPCC SRCCL Full Report,report,full_report,1,data/reports/ipcc/special_reports/SRCCL/IPCC_SRCCL_FullReport.pdf,28047882,f85a727449e856be754082f50992c75401916301deacaa1b74f382ff9390044f,https://www.ipcc.ch/site/assets/uploads/2019/11/SRCCL-Full-Report-Compiled-191128.pdf,IPCC Terms of Use,Climate Change and Land - desertification and food security
ipcc/special/SROCC/spm,IPCC SROCC Summary for Policymakers,report,spm,1,data/reports/ipcc/special_reports/SROCC/IPCC_SROCC_SPM.pdf,3167932,3aaedf9b8559e10abe3e4c9f1b2fd886c747d63650264738224b84db7b4b7479,https://www.ipcc.ch/site/assets/uploads/sites/3/2022/03/01_SROCC_SPM_FINAL.pdf,IPCC Terms of Use,Ocean and Cryosphere - sea level rise and ice loss
ipcc/special/SROCC/ts,IPCC SROCC Technical Summary,report,ts,1,data/reports/ipcc/special_reports/SROCC/IPCC_SROCC_TS.pdf,4366638,521a6b9c61268284ca0681ef58f403ab2c6776c23678b9cf8597bbb9dcad1e15,https://www.ipcc.ch/site/assets/uploads/sites/3/2022/03/02_SROCC_TS_FINAL.pdf,IPCC Terms of Use,Ocean and Cryosphere - technical summary
ipcc/special/SROCC/full_report,IPCC SROCC Full Report,report,full_report,1,data/reports/ipcc/special_reports/SROCC/IPCC_SROCC_FullReport.pdf,51870607,cadeefed4b0f0627384b6b7f3730afc729570270b8794b71759f9dc6511a36b2,https://www.ipcc.ch/site/assets/uploads/sites/3/2022/03/SROCC_FullReport_FINAL.pdf,IPCC Terms of Use,Ocean and Cryosphere - complete report with all chapters
ipcc/special/TFI_2019/overview,IPCC 2019 Refinement to 2006 Guidelines Overview,report,overview,1,data/reports/ipcc/special_reports/TFI_2019/IPCC_TFI_2019_Overview.pdf,344092,55dff94c8e5b28be586aa80b4ed52a1250a9d5eec4eb297405b1192e4c37e2d3,https://www.ipcc.ch/site/assets/uploads/2019/12/19R_V0_01_Overview.pdf,IPCC Terms of Use,Methodology report - GHG inventory refinements
ipcc/special/AR6_SYR/spm,IPCC AR6 Synthesis Report Summary for Policymakers,report,spm,1,data/reports/ipcc/special_reports/AR6_SYR/IPCC_AR6_SYR_SPM.pdf,5552060,3e347d04913c8fcc180c10efec372681554f3d735a7f0b2e6c7d991ddbb29c11,https://www.ipcc.ch/report/ar6/syr/downloads/report/IPCC_AR6_SYR_SPM.pdf,IPCC Terms of Use,AR6 Synthesis - combined findings from all working groups
ipcc/special/AR6_SYR/full_report,IPCC AR6 Synthesis Report Full Volume,report,full_report,1,data/reports/ipcc/special_reports/AR6_SYR/IPCC_AR6_SYR_FullReport.pdf,5218936,67becf4e7e3349945cc4422e353e96e44159ea08daf25f5d1b5331e1a1511a37,https://www.ipcc.ch/report/ar6/syr/downloads/report/IPCC_AR6_SYR_LongerReport.pdf,IPCC Terms of Use,AR6 Synthesis - complete synthesis of physical science and impacts
ipcc/ar6/wgI/spm,IPCC AR6 WGI Summary for Policymakers,report,spm,1,data/reports/ipcc/ar6_wgI/IPCC_AR6_WGI_SPM.pdf,3361797,37c9fa760757524c8d69630a89cecab9ebcacb66786970a3439da0619875e446,https://www.ipcc.ch/report/ar6/wg1/downloads/report/IPCC_AR6_WGI_SPM.pdf,IPCC Terms of Use,Key findings on physical science basis of climate change.
ipcc/ar6/wgI/ts,IPCC AR6 WGI Technical Summary,report,technical_summary,1,data/reports/ipcc/ar6_wgI/IPCC_AR6_WGI_TS.pdf,32438548,c353e4775bc502dc1523f74305d7c6ba78d2906c0e2caae4b88a35b11c6182ae,https://www.ipcc.ch/report/ar6/wg1/downloads/report/IPCC_AR6_WGI_TS.pdf,IPCC Terms of Use,Technical summary of physical science assessment.
ipcc/ar6/wgI/ch01,IPCC AR6 WGI Chapter 01: Framing Context and Methods,report,chapter,1,data/reports/ipcc/ar6_wgI/IPCC_AR6_WGI_Chapter_01.pdf,19572485,9a29753ee47be56860721fe5061e0463c420f514189f62cb74b2098bdd00a848,https://www.ipcc.ch/report/ar6/wg1/downloads/report/IPCC_AR6_WGI_Chapter_01.pdf,IPCC Terms of Use,Report framing context and assessment methods.
ipcc/ar6/wgI/ch02,IPCC AR6 WGI Chapter 02: Changing State of the Climate System,report,chapter,1,data/reports/ipcc/ar6_wgI/IPCC_AR6_WGI_Chapter_02.pdf,14955876,3a0e8f984d486195944767e91530436394090aecdba1323624f0580fa70bc91d,https://www.ipcc.ch/report/ar6/wg1/downloads/report/IPCC_AR6_WGI_Chapter_02.pdf,IPCC Terms of Use,Observed changes in atmosphere ocean cryosphere and biosphere.
ipcc/ar6/wgI/ch03,IPCC AR6 WGI Chapter 03: Human Influence on the Climate System,report,chapter,1,data/reports/ipcc/ar6_wgI/IPCC_AR6_WGI_Chapter_03.pdf,22580317,ed0fe6858d1f45a85efd6f3f1851aa1e309943376b43544285fb13a5a147d6b9,https://www.ipcc.ch/report/ar6/wg1/downloads/report/IPCC_AR6_WGI_Chapter_03.pdf,IPCC Terms of Use,Attribution of climate change to human activities.
ipcc/ar6/wgI/ch04,IPCC AR6 WGI Chapter 04: Future Global Climate,report,chapter,1,data/reports/ipcc/ar6_wgI/IPCC_AR6_WGI_Chapter_04.pdf,21782823,66fbfd8ed72f66a1d1a5063f869bf5ed31174d854abf3fb74a1a3e74fc3497a3,https://www.ipcc.ch/report/ar6/wg1/downloads/report/IPCC_AR6_WGI_Chapter_04.pdf,IPCC Terms of Use,Projections of global climate change.
ipcc/ar6/wgI/ch05,IPCC AR6 WGI Chapter 05: Global Carbon and Biogeochemical Cycles,report,chapter,1,data/reports/ipcc/ar6_wgI/IPCC_AR6_WGI_Chapter_05.pdf,15840516,06ca38017ccca256e45609e4986241a9b4603f4eec6883dbb75f4ee110ac16e8,https://www.ipcc.ch/report/ar6/wg1/downloads/report/IPCC_AR6_WGI_Chapter_05.pdf,IPCC Terms of Use,Carbon cycle and biogeochemical feedbacks.
ipcc/ar6/wgI/ch06,IPCC AR6 WGI Chapter 06: Short-lived Climate Forcers,report,chapter,1,data/reports/ipcc/ar6_wgI/IPCC_AR6_WGI_Chapter_06.pdf,9486782,6f5fdad6dabc49b1ee961e1f501a258961d0c6280e866b096fc5661b829aae8b,https://www.ipcc.ch/report/ar6/wg1/downloads/report/IPCC_AR6_WGI_Chapter_06.pdf,IPCC Terms of Use,Aerosols methane and other short-lived forcers.
ipcc/ar6/wgI/ch07,IPCC AR6 WGI Chapter 07: Earth Energy Budget and Climate Feedbacks,report,chapter,1,data/reports/ipcc/ar6_wgI/IPCC_AR6_WGI_Chapter_07.pdf,10361508,78b281f6cf5c5b56412d7a99425030c8e071caa543403fc1fc81ed0ceb19c07c,https://www.ipcc.ch/report/ar6/wg1/downloads/report/IPCC_AR6_WGI_Chapter_07.pdf,IPCC Terms of Use,Energy budget climate sensitivity and feedbacks.
ipcc/ar6/wgI/ch08,IPCC AR6 WGI Chapter 08: Water Cycle Changes,report,chapter,1,data/reports/ipcc/ar6_wgI/IPCC_AR6_WGI_Chapter_08.pdf,17960195,c6285c1fb6e2fe62dc5a27bf20f13d6eae84073a936d2afb5c495e0d1a247749,https://www.ipcc.ch/report/ar6/wg1/downloads/report/IPCC_AR6_WGI_Chapter_08.pdf,IPCC Terms of Use,Changes in precipitation evaporation and water cycle.
ipcc/ar6/wgI/ch09,IPCC AR6 WGI Chapter 09: Ocean Cryosphere and Sea Level,report,chapter,1,data/reports/ipcc/ar6_wgI/IPCC_AR6_WGI_Chapter_09.pdf,15174194,1b2586bf5907b4ca3563fc89841c1e476fcb37340085b9d45d67d040ba17eb32,https://www.ipcc.ch/report/ar6/wg1/downloads/report/IPCC_AR6_WGI_Chapter_09.pdf,IPCC Terms of Use,Ocean warming ice sheets glaciers and sea level rise.
ipcc/ar6/wgI/ch10,IPCC AR6 WGI Chapter 10: Linking Global to Regional Climate Change,report,chapter,1,data/reports/ipcc/ar6_wgI/IPCC_AR6_WGI_Chapter_10.pdf,27852916,3f1eda5aa8a1f6136fe828c87c0fe1e247fc4eaebc780708212ccb409d8c38f5,https://www.ipcc.ch/report/ar6/wg1/downloads/report/IPCC_AR6_WGI_Chapter_10.pdf,IPCC Terms of Use,Regional climate information distillation methods.
ipcc/ar6/wgI/ch11,IPCC AR6 WGI Chapter 11: Weather and Climate Extreme Events,report,chapter,1,data/reports/ipcc/ar6_wgI/IPCC_AR6_WGI_Chapter_11.pdf,15798273,87f4d6b41ea303d371af83cbe659c1d34e48c7971dda93faf7a2b6692b377096,https://www.ipcc.ch/report/ar6/wg1/downloads/report/IPCC_AR6_WGI_Chapter_11.pdf,IPCC Terms of Use,Changes in extremes heatwaves floods and storms.
ipcc/ar6/wgI/ch12,IPCC AR6 WGI Chapter 12: Climate Change Information for Regional Impact,report,chapter,1,data/reports/ipcc/ar6_wgI/IPCC_AR6_WGI_Chapter_12.pdf,11092397,af8e89e76a1a88f70054097639ef5df3dc13b7abb3361a9b023d99baa615af40,https://www.ipcc.ch/report/ar6/wg1/downloads/report/IPCC_AR6_WGI_Chapter_12.pdf,IPCC Terms of Use,Climate information for regional risk assessment.
ipcc/ar6/wgI/atlas,IPCC AR6 WGI Interactive Atlas,report,chapter,1,data/reports/ipcc/ar6_wgI/IPCC_AR6_WGI_Atlas.pdf,43271263,5714ac0d2fd4aba0b8f0b0bf048c4f6e9be70ca71ccc550105c636657655d5cf,https://www.ipcc.ch/report/ar6/wg1/downloads/report/IPCC_AR6_WGI_Atlas.pdf,IPCC Terms of Use,Regional climate synthesis and interactive atlas.
ipcc/ar6/wgIII/annex_i,"IPCC AR6 WGIII: Glossary",report,annex,1,data/reports/ipcc/ar6_wgIII/IPCC_AR6_WGIII_Annex-I.pdf,272992,9184041f6eca9d4421a44993d902c2582afcece93d846a0b207d86eed9a19641,https://www.ipcc.ch/report/ar6/wg3/downloads/report/IPCC_AR6_WGIII_Annex-I.pdf,IPCC Terms of Use,Authoritative PDF from IPCC AR6 Working Group III.
ipcc/ar6/wgIII/annex_ii,"IPCC AR6 WGIII: Definitions Units and Conventions",report,annex,1,data/reports/ipcc/ar6_wgIII/IPCC_AR6_WGIII_Annex-II.pdf,301613,5cc3ee5e6e27d176e8edb8a0038c35698388606f6f6d494a039aa479b9211dc9,https://www.ipcc.ch/report/ar6/wg3/downloads/report/IPCC_AR6_WGIII_Annex-II.pdf,IPCC Terms of Use,Authoritative PDF from IPCC AR6 Working Group III.
ipcc/ar6/wgIII/annex_iii,"IPCC AR6 WGIII: Scenarios and Modelling Methods",report,annex,1,data/reports/ipcc/ar6_wgIII/IPCC_AR6_WGIII_Annex-III.pdf,3474076,87e5009b7b9b743f6341ecf4d4911c04ee93879b352c11448d7b9899289ded79,https://www.ipcc.ch/report/ar6/wg3/downloads/report/IPCC_AR6_WGIII_Annex-III.pdf,IPCC Terms of Use,Authoritative PDF from IPCC AR6 Working Group III.
ipcc/ar6/wgIII/ch01,"IPCC AR6 WGIII: Introduction and Framing",report,chapter,1,data/reports/ipcc/ar6_wgIII/IPCC_AR6_WGIII_Chapter01.pdf,867886,ffe1906ebdc3ad6d4ef74618297e04644ac4e460417242f04331819b677aca92,https://www.ipcc.ch/report/ar6/wg3/downloads/report/IPCC_AR6_WGIII_Chapter01.pdf,IPCC Terms of Use,Authoritative PDF from IPCC AR6 Working Group III.
ipcc/ar6/wgIII/ch02,"IPCC AR6 WGIII: Emissions Trends and Drivers",report,chapter,1,data/reports/ipcc/ar6_wgIII/IPCC_AR6_WGIII_Chapter02.pdf,2679979,b08dcc7c7293e773bea4c7efac3833d165b36580cd02b67806a6b4dc8c00f9a2,https://www.ipcc.ch/report/ar6/wg3/downloads/report/IPCC_AR6_WGIII_Chapter02.pdf,IPCC Terms of Use,Authoritative PDF from IPCC AR6 Working Group III.
ipcc/ar6/wgIII/ch03,"IPCC AR6 WGIII: Mitigation Pathways",report,chapter,1,data/reports/ipcc/ar6_wgIII/IPCC_AR6_WGIII_Chapter03.pdf,9993653,84a86c2a186b00a763918c22d9a56b9ad96347d5151817b6273b6f38e92936d1,https://www.ipcc.ch/report/ar6/wg3/downloads/report/IPCC_AR6_WGIII_Chapter03.pdf,IPCC Terms of Use,Authoritative PDF from IPCC AR6 Working Group III.
ipcc/ar6/wgIII/ch04,"IPCC AR6 WGIII: Mitigation and Development Pathways",report,chapter,1,data/reports/ipcc/ar6_wgIII/IPCC_AR6_WGIII_Chapter04.pdf,3535985,84eed105e7393290d0dd58e9c72f8558f4526e8efb3408c52446cac88fa7b157,https://www.ipcc.ch/report/ar6/wg3/downloads/report/IPCC_AR6_WGIII_Chapter04.pdf,IPCC Terms of Use,Authoritative PDF from IPCC AR6 Working Group III.
ipcc/ar6/wgIII/ch05,"IPCC AR6 WGIII: Demand Services and Social Aspects",report,chapter,1,data/reports/ipcc/ar6_wgIII/IPCC_AR6_WGIII_Chapter05.pdf,5664115,924734f2abe7c68db9e6b34f395ac9280fdab0a679ea33c9b82e0456a86008e0,https://www.ipcc.ch/report/ar6/wg3/downloads/report/IPCC_AR6_WGIII_Chapter05.pdf,IPCC Terms of Use,Authoritative PDF from IPCC AR6 Working Group III.
ipcc/ar6/wgIII/ch06,"IPCC AR6 WGIII: Energy Systems",report,chapter,1,data/reports/ipcc/ar6_wgIII/IPCC_AR6_WGIII_Chapter06.pdf,6164881,4cc606ced3b5c2509bbe94a463f6cedc5155b0c5475e3a8162b4453833a67b64,https://www.ipcc.ch/report/ar6/wg3/downloads/report/IPCC_AR6_WGIII_Chapter06.pdf,IPCC Terms of Use,Authoritative PDF from IPCC AR6 Working Group III.
ipcc/ar6/wgIII/ch07,"IPCC AR6 WGIII: Agriculture Forestry and Other Land Uses",report,chapter,1,data/reports/ipcc/ar6_wgIII/IPCC_AR6_WGIII_Chapter07.pdf,2209036,5c996dfe2a98a4bb25bcf2a24fcb516b0e31f932705c3a4aece93d507c077dd4,https://www.ipcc.ch/report/ar6/wg3/downloads/report/IPCC_AR6_WGIII_Chapter07.pdf,IPCC Terms of Use,Authoritative PDF from IPCC AR6 Working Group III.
ipcc/ar6/wgIII/ch08,"IPCC AR6 WGIII: Urban Systems and Other Settlements",report,chapter,1,data/reports/ipcc/ar6_wgIII/IPCC_AR6_WGIII_Chapter08.pdf,9548259,164a4fb9c42c20af7c3fc7fb2e43bf7449f6360222c06baf88fed2d9b9a8e76d,https://www.ipcc.ch/report/ar6/wg3/downloads/report/IPCC_AR6_WGIII_Chapter08.pdf,IPCC Terms of Use,Authoritative PDF from IPCC AR6 Working Group III.
ipcc/ar6/wgIII/ch09,"IPCC AR6 WGIII: Buildings",report,chapter,1,data/reports/ipcc/ar6_wgIII/IPCC_AR6_WGIII_Chapter09.pdf,2079444,a036417da3b99ab19512cddded18bafdafb8940d7d3593a654ee33d71026cb6e,https://www.ipcc.ch/report/ar6/wg3/downloads/report/IPCC_AR6_WGIII_Chapter09.pdf,IPCC Terms of Use,Authoritative PDF from IPCC AR6 Working Group III.
ipcc/ar6/wgIII/ch10,"IPCC AR6 WGIII: Transport",report,chapter,1,data/reports/ipcc/ar6_wgIII/IPCC_AR6_WGIII_Chapter10.pdf,3394328,6e96d0d324200c244f624acc1514f0d10e939fecf3f8c81c46ae42e685379533,https://www.ipcc.ch/report/ar6/wg3/downloads/report/IPCC_AR6_WGIII_Chapter10.pdf,IPCC Terms of Use,Authoritative PDF from IPCC AR6 Working Group III.
ipcc/ar6/wgIII/ch11,"IPCC AR6 WGIII: Industry",report,chapter,1,data/reports/ipcc/ar6_wgIII/IPCC_AR6_WGIII_Chapter11.pdf,1868832,2a5132a6e763fd922609fae5b2a7b6536a96ba29c5d694e9a929f444939f6c05,https://www.ipcc.ch/report/ar6/wg3/downloads/report/IPCC_AR6_WGIII_Chapter11.pdf,IPCC Terms of Use,Authoritative PDF from IPCC AR6 Working Group III.
ipcc/ar6/wgIII/ch12,"IPCC AR6 WGIII: Cross-sectoral Perspectives",report,chapter,1,data/reports/ipcc/ar6_wgIII/IPCC_AR6_WGIII_Chapter12.pdf,3093036,b1f31cc6390b25eef57a56511f3626f18c88ab81109c8e0e90a20e65143619b6,https://www.ipcc.ch/report/ar6/wg3/downloads/report/IPCC_AR6_WGIII_Chapter12.pdf,IPCC Terms of Use,Authoritative PDF from IPCC AR6 Working Group III.
ipcc/ar6/wgIII/ch13,"IPCC AR6 WGIII: National and Sub-national Policies",report,chapter,1,data/reports/ipcc/ar6_wgIII/IPCC_AR6_WGIII_Chapter13.pdf,1185829,cbdb11c379de66e11c39f550a61d5cef52e0953db454f615c291ff5a6e638123,https://www.ipcc.ch/report/ar6/wg3/downloads/report/IPCC_AR6_WGIII_Chapter13.pdf,IPCC Terms of Use,Authoritative PDF from IPCC AR6 Working Group III.
ipcc/ar6/wgIII/ch14,"IPCC AR6 WGIII: International Cooperation",report,chapter,1,data/reports/ipcc/ar6_wgIII/IPCC_AR6_WGIII_Chapter14.pdf,894372,ef8724aa00020fb6a4374bbfb10722022d631c7fe094384f59a6c42435105e9e,https://www.ipcc.ch/report/ar6/wg3/downloads/report/IPCC_AR6_WGIII_Chapter14.pdf,IPCC Terms of Use,Authoritative PDF from IPCC AR6 Working Group III.
ipcc/ar6/wgIII/ch15,"IPCC AR6 WGIII: Investment and Finance",report,chapter,1,data/reports/ipcc/ar6_wgIII/IPCC_AR6_WGIII_Chapter15.pdf,1090905,70dcd6f9a13848ef1321ce512143ec661436895d06ce3785b92905ff0f492b61,https://www.ipcc.ch/report/ar6/wg3/downloads/report/IPCC_AR6_WGIII_Chapter15.pdf,IPCC Terms of Use,Authoritative PDF from IPCC AR6 Working Group III.
ipcc/ar6/wgIII/ch16,"IPCC AR6 WGIII: Innovation Technological Development and Transfer",report,chapter,1,data/reports/ipcc/ar6_wgIII/IPCC_AR6_WGIII_Chapter16.pdf,1533801,edad3b8cf31d5bdaffa718cac7fe38930dc4ada96492e7568e61bed144351176,https://www.ipcc.ch/report/ar6/wg3/downloads/report/IPCC_AR6_WGIII_Chapter16.pdf,IPCC Terms of Use,Authoritative PDF from IPCC AR6 Working Group III.
ipcc/ar6/wgIII/ch17,"IPCC AR6 WGIII: Accelerating the Transition",report,chapter,1,data/reports/ipcc/ar6_wgIII/IPCC_AR6_WGIII_Chapter17.pdf,626084,f43c09bec877afb4b92495aeddbc61c263c6c157d41565b74ec1d2f6ac4b4cc1,https://www.ipcc.ch/report/ar6/wg3/downloads/report/IPCC_AR6_WGIII_Chapter17.pdf,IPCC Terms of Use,Authoritative PDF from IPCC AR6 Working Group III.
ipcc/ar6/wgIII/spm,"IPCC AR6 WGIII: Summary for Policymakers",report,summary,1,data/reports/ipcc/ar6_wgIII/IPCC_AR6_WGIII_SPM.pdf,2159848,0a3b9f671d7150c69a3088e006b7fab84e41ed90fc4eefdf92d076b2d3c8ce84,https://www.ipcc.ch/report/ar6/wg3/downloads/report/IPCC_AR6_WGIII_SPM.pdf,IPCC Terms of Use,Authoritative PDF from IPCC AR6 Working Group III.
ipcc/ar6/wgIII/ts,"IPCC AR6 WGIII: Technical Summary",report,summary,1,data/reports/ipcc/ar6_wgIII/IPCC_AR6_WGIII_TechnicalSummary.pdf,6678373,5f19d09603a128600ef8071a1ac8b0d3a86a72c85a7a42ed0024c65a0b41f350,https://www.ipcc.ch/report/ar6/wg3/downloads/report/IPCC_AR6_WGIII_TechnicalSummary.pdf,IPCC Terms of Use,Authoritative PDF from IPCC AR6 Working Group III.
